"V1","V2"
9.54618410793642e-37,0.519649656082298
5.02720535377772e-47,0.257567112746767
5.91950836232209e-44,0.775043763281093
2.89344776774797e-45,0.00878677725677902
9.29616222205821e-47,0.110481899547482
1.11625880224042e-37,0.0857070184523644
5.24376593131221e-42,0.584339971176393
6.76021985197701e-47,0.42743825822953
1.08376549065758e-40,0.975353071185308
4.77533131600116e-25,0.700487804057744
3.32702052681949e-48,0.181096264673779
1.53872736746416e-42,0.170631264746282
1.86210680210651e-41,0.364487958390307
6.06647771753044e-36,0.735134292780218
1.29970346616712e-46,0.560412539863972
1.67825942821749e-47,0.875972104842446
2.337759921115e-40,0.720114191623957
1.28205547324044e-44,0.163607970016471
1.01964559560106e-47,0.610260827842002
1.12643166288758e-45,0.0350100711118227
2.06170702628081e-44,0.217743983055664
2.18886247918829e-46,0.973636887057048
7.97053078322904e-45,0.0603711435688874
2.62169068523111e-42,0.323934352980786
5.41958087568979e-45,0.588689136342155
1.72892555637542e-43,0.844518577063721
1.65525064860279e-44,0.456013655926693
8.35924146874708e-45,0.0552077235900069
1.16123318009884e-44,0.582827225971413
8.45727638749236e-45,0.495992265265572
1.84613764182155e-45,0.0858680348220864
5.10662063577537e-37,0.622404167290313
6.77788827503617e-43,0.841558251775084
2.59605749871259e-41,0.152695921013202
3.19032846740919e-43,0.283046015216826
1.39883322550573e-44,0.888095505523416
1.48062699128898e-44,0.251990133488834
2.87394727296432e-40,0.498100214520558
2.78990019713577e-40,0.4649757862654
1.05680305596192e-37,0.983698329640626
5.26499831327132e-47,0.317552172932599
3.1096725158953e-47,0.428892273520096
1.89896711390954e-39,0.46231861654711
1.77978030944091e-45,0.972136072249913
5.56735550342471e-45,0.53282371794388
4.63634622779702e-42,0.264596832019818
3.65831217114073e-46,0.102772190307343
1.4511835015615e-46,0.686824908879493
7.01738791073577e-47,0.423286741846187
3.18779795745378e-45,0.737627079074242
2.05309613788974e-42,0.407093697615943
2.1509510111137e-49,0.388375332403414
2.73461734998671e-45,0.200405363454095
8.34618321927111e-44,0.187561449400283
2.2492437197998e-43,0.769022117672406
1.5453631597263e-46,0.468674189830124
1.30729804660572e-55,0.972669810125736
5.15340691664259e-43,0.596006764311969
3.22959165897741e-46,0.772696717001699
3.21190585625072e-45,0.634328737013957
3.09059588129472e-37,0.544110429284038
1.90447688394955e-45,0.828665484312101
6.70094391971371e-43,0.363957841978905
1.85539832309714e-47,0.12276212804197
8.35975341834921e-40,0.553413131972463
1.72078183308924e-38,0.617258185975061
4.02773764102506e-45,0.158335535418148
3.89002248085856e-44,0.526025006313721
2.09259768389591e-44,0.881160976437293
3.52786940066788e-48,0.003222506988113
6.44329490634571e-39,0.101473233413448
3.06396537237362e-39,0.755704814354993
9.60943073483813e-53,0.106358929318646
2.73926622799296e-42,0.336400509563149
1.92751642991847e-42,0.486242524261032
2.71610553716004e-39,0.451756006860994
8.16014374788392e-38,0.579552924954987
1.03366706202877e-43,0.268100715530044
2.66560007482849e-41,0.816739358173427
5.14923913126882e-48,0.395708731708647
2.04827040165738e-42,0.790053985915721
3.49738257292319e-44,0.251885273108436
4.40996564259709e-49,0.525729900125165
6.92940549769365e-41,0.748496157122523
7.22022008609794e-45,0.157601340309208
3.48793366254127e-36,0.520570210029828
6.31287042245191e-47,0.450558172181357
5.45258458239628e-47,0.239834887300954
3.48795146760352e-49,0.0756047916659738
6.28724510735968e-43,0.623827537649391
9.84317376791088e-47,0.25985343787604
1.02583970132109e-40,0.398349563469565
2.66998471818101e-41,0.280485637010361
4.58348551599065e-44,0.892926772126454
1.82346843459186e-44,0.117094999135692
2.22053536686192e-37,0.692908508298384
3.11345315630113e-51,0.241015414758068
1.64955096218341e-44,0.0189936747274827
2.69848107596932e-53,0.830323838513043
7.79375996279739e-42,0.222370023519298
3.07518746647172e-46,0.213525440617863
1.8837492052193e-40,0.915101541472334
3.84069793100898e-49,0.256414021249159
1.4926367771759e-45,0.61359143276604
7.65530040212782e-43,0.0493336237357858
2.54925889912398e-45,0.0039759020811632
2.14724337676768e-41,0.957318797714233
1.32729064267691e-48,0.714778408704447
1.12191311326967e-47,0.314169837987685
1.47206999502723e-44,0.507683301433032
1.92357124181747e-47,0.178624702595766
4.02768771418229e-29,0.667451748177252
1.20498600604309e-49,0.435655016374632
2.41075320767774e-43,0.532516422470707
1.43011622763385e-42,0.724556150125464
3.57437642809304e-45,0.221145180617162
9.85102707175686e-41,0.0640040646581535
2.23826641019664e-37,0.558986182405101
2.34616556306063e-42,0.700375581098887
2.12305044456704e-47,0.68225596011192
2.86990031170376e-38,0.924959544234425
2.11907860624864e-38,0.950331640815441
3.34331792528471e-47,0.249371859333572
1.22990727962419e-50,0.585484997249865
2.48618757099143e-47,0.182429398122827
2.97736907552977e-42,1
1.70613635635975e-49,0.437249471298864
2.23525055101575e-44,0.261003797698125
1.3037776534009e-44,0.81814296565797
2.5024809172934e-51,0.241943751285632
4.45449411836707e-43,0.136087241175014
6.17295370635456e-38,0.557154654464672
4.17957722402094e-50,0.878332631371018
2.21558040711224e-47,0.0538590874213164
9.2462489982667e-44,0.326141249712011
1.5837506513376e-43,0.106590990186164
4.77192704587001e-43,0.961416817394763
1.36314561932542e-54,0.550017058445497
9.13247832490226e-45,0.159546253255664
4.26430593256338e-46,0.162753003445989
8.75134717575344e-47,0.04065596358444
6.1093594340112e-43,0.100315533084417
4.40505438583766e-41,0.93340451768244
1.66511534777054e-40,0.590438343139609
6.70838253816389e-49,0.0460492700406155
5.74095720709816e-45,0.808668180740149
1.06077498617691e-42,0.632779250021796
1.26287252854361e-39,0.881154017201759
3.58746212961287e-45,0.501295058026899
5.11023839536697e-38,0.461643351872898
1.37733929710732e-48,0.853229298931463
3.20907965394544e-49,0.930049530951218
5.35715232211111e-37,0.0314327064770401
4.83224559294526e-45,0.388318260169313
9.98536749049705e-49,0.612958915419949
1.64147897295205e-48,0.15852061176879
5.64891804339311e-48,0.805115956986183
7.81336007034101e-43,0.680669252573826
2.31813394889357e-44,0.0666414947527143
3.45886117166971e-44,0.986723583138436
3.04050560893795e-48,0.227437589217699
8.43838457989228e-47,0.255523949640821
3.61209204573137e-34,0.283148719398069
1.09292629318858e-47,0.709112396038092
6.87219450398305e-50,0.215079606217318
1.07866142539771e-37,1
6.85076822554776e-41,0.193319909878672
6.02374692325039e-45,0.0657393250562959
2.2087190649573e-45,0.117273244323085
7.4873770447562e-48,0.336407717081607
7.53616754462501e-45,0.942758632013661
1.00094801579663e-44,0.0058194044744997
2.10758344037285e-45,0.39435237042552
7.72861593892415e-46,0.327231937721441
5.16467465811824e-44,0.11064884168847
1.02231452661665e-43,0.888954357290634
5.13529901597854e-48,0.635691557120152
1.19990844779021e-49,0.306207546288012
2.1548647909446e-41,0.481099622138702
2.27707450003837e-50,0.366355949636345
4.51662570974745e-48,0.812306653281832
4.69206225020717e-40,0.332073030746547
7.18211918603393e-47,0.571086860906993
6.71803062210651e-45,0.474875766758205
1.44896374922114e-30,0.595304013582368
3.71843568244374e-41,0.562748488001535
1.54239311925243e-38,0.126023530924195
3.62604233751863e-41,0.168344467686316
5.47863304186756e-50,0.199897030501357
6.53958028586883e-39,0.445998256591607
3.87584978527631e-46,1
1.68843136437905e-40,0.641578516247091
1.05688369512076e-51,0.142558463774699
1.34746809383979e-45,0.862913447162869
1.33130108298812e-38,0.505391660581199
1.18696729908401e-46,0.613200027262587
5.11974879128251e-42,0.610198708053334
1.82163935455075e-46,0.0809619168166595
1.74612042251051e-41,0.741611107353859
1.87511628282877e-41,0.775766558342861
2.90833003381488e-38,0.281048028294409
3.03419428581267e-44,0.523648298412704
3.04297608532877e-47,0.513977485239991
8.99558369217141e-49,0.903343413525418
6.96505241916787e-49,0.0834126992134187
1.37385164556336e-43,0.0718693069662246
2.65478360400349e-42,0.779031445594155
7.46831119506409e-46,0.204544898122745
1.08024556063474e-46,0.865922196434768
1.8224620021221e-43,0.699275918815119
6.72739637569049e-44,0.900776357154678
9.17860599887505e-42,0.856174565425263
4.06305600136819e-39,0.961273739207011
1.08884046242815e-45,0.408824537728743
4.28940192102193e-47,0.549795698623237
1.57938364288845e-37,0.25408194760867
2.33602344880566e-40,0.498915168775226
1.15049114874851e-52,0.253194108158279
8.2893612458134e-48,0.0950806800495215
1.73406754963176e-47,0.305329882585972
2.07007399356492e-36,0.579915716606773
6.26432140348852e-43,0.867455064341284
1.02922226473654e-32,0.667543248889997
1.52330275430994e-48,0.128308656523456
1.39162352658744e-46,0.660077477553572
1.03362489551482e-45,0.231852004395474
7.38497566325948e-41,0.19196532551524
1.35843846251095e-47,0.178055561505413
1.61452802385642e-45,0.607840010774419
4.10315745095779e-55,0.771567467979202
4.15967785186586e-45,0.0213377316553003
6.70161694857652e-47,0.154914326417102
3.65992268453815e-45,0.846414278270591
3.2424953751749e-44,0.26375132604993
7.38444336790739e-46,0.819214330623281
5.64890078884745e-35,0.349998768921113
2.86173015244949e-46,0.677424212129866
6.06695531815569e-33,0.270458126126808
3.20664436903213e-46,0.459349623642925
3.96964877941953e-31,0.254505300564332
3.02522367333023e-44,0.893657241715105
1.17241778073769e-44,0.478552620928711
3.53975578473952e-39,0.208044984908307
1.21447935323065e-38,0.46301368343377
5.86143337063451e-40,0.273239545061598
4.23546248255438e-48,0.258889711622247
9.5425577645286e-50,0.616191842919376
2.12311422502787e-40,0.220095641291307
4.06254668402145e-44,0.146001633309116
3.59711776592115e-34,0.314640088909372
3.01618256546275e-43,0.274524258109626
1.70494274717225e-30,0.453172107769051
5.62744264625671e-49,0.715911613404457
3.39800522316664e-48,0.701144994890792
3.75515777087812e-44,0.721928729353411
4.06810870524685e-43,0.433535822723314
3.68069549755744e-47,0.314415125810273
1.0250006513527e-52,0.00184852458915407
1.36372446677089e-46,0.567386487924813
1.44930637487678e-42,0.173012599491421
2.333137094544e-42,0.0643781661158933
3.66743134833059e-46,0.830901093508154
2.45166890445547e-45,0.0822269011662645
8.5499131136733e-38,0.735965042103073
1.30104882835582e-43,0.741406243339254
1.66909296050334e-44,0.986338251238796
3.28189212568675e-49,0.421494157006393
1.00037105549916e-45,0.530358340300025
1.84440257217255e-44,0.919840105887207
1.47416805879638e-46,0.756789336506167
1.11781770412572e-39,0.783537794712549
1.11734293254401e-39,0.72320692833752
5.30352395663819e-49,0.0834977038441689
8.7553546920652e-47,0.101285559234091
1.66238952548963e-44,0.346015335305293
2.11838315574482e-43,0.354339788533712
2.85567319542287e-46,0.121575940285058
1.16062787787404e-49,0.292849156822088
1.65858883661717e-45,0.497301501942376
2.17886370131834e-40,0.251947648398951
4.31151785056664e-40,0.753434541966297
4.55046046705508e-40,0.527175980572623
7.39666224045629e-46,0.889791040993394
7.35851014374165e-38,0.783663995616677
6.27351643863278e-36,0.923296253968167
2.41200397623032e-46,0.902552956280202
1.05457778240391e-39,0.765414001560271
9.82279505766764e-49,0.920631282084124
1.91822800619525e-40,0.709079919533518
6.25347625350254e-46,0.179882220157518
1.07750390396666e-42,0.584990430586586
5.48584786518293e-43,0.201002710962056
3.94050325180036e-40,0.0277993723515162
5.36981672243304e-41,0.516628670350349
1.81416125432588e-50,0.11364967617185
2.1636078675332e-41,0.291758045996966
4.91233183299793e-34,0.761122094960487
4.22069528297313e-48,0.58854927147838
7.14495466797209e-47,0.667078486512737
8.88879461999558e-45,0.0198472423975666
3.89514104311141e-40,0.288379519062548
7.37097771158205e-43,0.455095887813708
6.54161553271669e-47,0.92417556761188
1.51441349154543e-49,0.0817163759347485
3.03086665734094e-49,0.621635250163799
2.63373821465105e-42,0.54294082065204
6.33643012389591e-54,0.00349082359148119
2.65333416945158e-53,0.365247073924926
4.64544553225506e-45,0.209163001684278
5.39063875049636e-45,0.221668252821835
1.05066972140459e-46,0.749702654868618
2.60285192144118e-47,0.207891913670138
1.09613960165296e-48,0.311018223449283
1.27645035291664e-46,0.272464797032476
5.18468888589212e-46,0.245131041433194
2.22655858707554e-39,0.285903191775687
2.32518887268905e-44,0.335129049724161
6.51490123040717e-41,0.561213079922024
6.2348741262242e-36,0.49381452381988
5.31111435160515e-41,0.66203363606672
2.67118596207391e-51,0.95891647348205
4.70869427278072e-45,0.123931923948013
6.72827483127328e-47,0.792101794616832
9.76130719795601e-44,0.164229717552431
2.58258375622727e-40,0.744076577538632
4.6932312176456e-46,0.452321856743911
2.08954540601213e-41,0.81453885153599
8.59283414223833e-45,0.42217159943074
7.87162765850923e-44,0.219056738357324
1.06475172074688e-44,0.29788723652562
2.99026900827655e-44,0.647053505305151
2.53447297026646e-42,0.128461596987564
9.6779220818156e-45,0.729148633304844
1.58880569538646e-45,0.353679066822392
1.33341030184891e-38,0.0104078422500235
7.64137099457035e-48,0.216145807473416
2.46823118028716e-44,0.227651334772467
5.41138491223419e-50,0.176596583210205
4.44857377689319e-37,0.986690703361754
5.06502828613221e-43,0.752396470664053
5.93777674842893e-47,0.294488803926335
9.26655523487372e-42,0.533084405052028
7.33329010535709e-48,0.712875168090599
7.01772182793678e-32,0.94487156025132
4.82046754577222e-47,0.764282664189512
2.82280521124544e-48,0.346548783299149
9.34820840217099e-46,0.916930698172574
1.42332700950443e-38,0.81387404893036
2.73257973203317e-42,0.940786871791395
1.83662765966893e-49,0.0630606638117189
7.95282516423723e-46,0.264665658781707
1.15198908740348e-48,0.168530274723064
1.35372120569202e-44,0.341005586856914
4.65655081851364e-39,0.532754682945988
1.02164478122896e-32,0.142695509005848
1.2542950733402e-36,0.246810444856958
1.24951538799721e-48,0.853683323375197
5.00986784006082e-40,0.674149542209122
1.00238827949102e-45,0.230906353133016
3.01181516444883e-42,0.67241552296453
5.27541256175519e-29,0.211475852842471
7.15367625503904e-50,0.0673486537989425
8.99051253567683e-47,0.320736345052053
2.07127678773521e-46,0.279712009746747
2.66394018183449e-44,0.90765669563746
4.42262146816618e-45,0.347464910075543
4.47302824374354e-43,0.183519727444431
1.03871856435078e-47,0.356116625525992
5.42962945103625e-42,0.332713695438606
6.71907956791056e-48,0.436622591875445
1.1550176077688e-41,0.221759578052068
4.56293561662157e-49,0.834777436656309
2.95670067206915e-45,0.986035946644152
9.03391324095794e-43,0.700628938362385
3.02783762969085e-45,0.0287315731761689
1.07613025834926e-49,0.689071857340083
7.75160806034777e-44,0.46270013981752
1.12157887018018e-47,0.0581837777223426
2.36473382685967e-45,0.408315753476835
1.43715450332903e-44,0.18723710150723
1.146894058686e-46,0.338790615449428
1.13121941191108e-46,0.713685407748358
1.37316301124992e-43,0.303286513718304
3.50718230121438e-45,0.975934697710517
7.94269492957906e-45,0.255391394870609
2.62766318268014e-47,0.613078731986652
2.95419121691732e-50,0.457726967364999
2.38552113766183e-45,0.785912614940467
9.47964765599506e-44,0.261086752045622
5.72364153913448e-41,0.268109191457609
2.37999474967252e-41,0.243864685414173
1.16979728801818e-42,1
4.06444436277086e-40,0.0453976477739398
8.57031755664877e-47,0.332803164838338
1.59018644033351e-48,0.0724206376889784
7.92384720482886e-41,0.19123676347444
1.13825913912072e-30,0.204621479416776
6.52126303340651e-49,0.664564825896097
1.09477276978592e-39,0.127712484885555
1.11219049666722e-44,0.202809678926972
1.29457210609647e-46,0.880743394311185
1.61986463019944e-45,0.153076567841792
1.13358120443231e-46,0.35008331820542
2.32290877195825e-46,0.737460933060686
1.11291384935955e-41,0.751691290337827
1.35974254137572e-50,0.766135705535352
8.48929725343896e-45,0.780209694958643
2.82652104342048e-41,0.633210730502676
2.27499052287591e-35,0.880565323034943
1.15514980936592e-42,0.534640421733323
7.4215566620151e-34,0.356149207292988
2.84067337138598e-37,0.322909479607365
1.97666613375304e-38,0.0570331979268814
3.36718574667842e-39,0.323811622206335
1.49524289204323e-42,0.523277821013813
1.37758716679142e-44,0.72155736145275
1.5765852581452e-44,0.535226423395349
1.55250748705532e-39,0.414944515360182
1.72851380252329e-44,0.313050405012361
1.65217347319123e-38,0.135905828836933
4.61503497332919e-40,0.173646385787983
5.33853742818273e-42,0.215113450175103
2.5790564173916e-47,0.340917506498072
1.28981698401788e-44,0.96003080779787
1.50796072552491e-51,0.0918674143458212
1.94570136263245e-33,0.285420281195647
2.32451641737617e-42,0.260162945679609
4.50568330938774e-43,0.950179189887885
7.13806915914119e-50,0.682202029549317
9.9790751091214e-46,0.283053498061464
6.2433438687871e-42,0.339874728754803
5.42022174934749e-40,0.743012787093698
4.44104599051404e-46,0.783872690546308
3.99007084013477e-48,0.128512926975878
4.28923576668986e-41,0.868350084812203
4.56714575338371e-48,0.411124011734906
1.65585960684363e-45,0.323427208270234
2.69620048438086e-38,0.614781774475813
3.13117436408868e-43,0.316478784942441
5.84963053421784e-43,0.760162413690253
1.43383140947441e-45,0.449025050378928
1.44266229977304e-50,0.857915791584369
3.13671399459276e-48,0.148313796776348
1.64831485598174e-39,0.316622270431109
7.28513266397921e-47,0.0961634228243671
2.44540342462659e-38,0.651099260800183
2.87410029177101e-45,0.64221647299941
1.3822770899399e-46,0.216322652650246
3.84962341325693e-45,0.185766992361702
7.21794792382495e-45,0.370364378271962
5.58130875960853e-48,0.643219608041803
6.84119041898194e-47,0.83976453858743
4.01261175102417e-45,0.173102598328604
7.98785861577327e-53,0.649378743498511
1.00086516452007e-42,0.550491450242016
1.43921861473309e-43,0.934621880003111
1.57306386838895e-40,0.901536833700894
7.89814420279389e-46,0.444797074036256
9.7771472120695e-49,0.408345541766633
3.42458897440031e-36,0.619016078833489
1.4285748735213e-47,0.53094783109386
7.52504583809449e-48,0.948356564370929
1.09773705657355e-45,0.652026869117406
1.84104290362789e-47,0.427605925041719
3.34724354544209e-44,0.67710885681292
8.34756851707278e-44,0.970044276448676
6.74958192165809e-49,0.170343004033411
5.20828792337812e-46,0.435197942910427
5.74247948041594e-44,0.893100410088126
1.20924532233279e-45,0.557399831684255
1.5865757984131e-46,0.659513443969373
1.28546308918318e-47,0.0269924509917515
6.19061555717421e-41,0.892134170584675
4.29438680060075e-46,0.770343117988868
2.13595533550703e-42,0.465361652217827
3.54295044519849e-46,0.667523791974075
2.5498907401907e-45,0.59556536110435
1.5728431999671e-47,0.0718615582427461
1.31473157616477e-45,0.21303283814051
8.55442624539801e-46,0.748268486887678
2.25790789875353e-27,0.392752238508198
8.83967986812772e-46,0.656856898320847
8.88349309577144e-41,0.0268004209238285
1.34948682540258e-45,0.769367049778867
4.81174761006733e-38,0.203667258294247
1.64096872441346e-42,0.96293587499195
4.66657104263688e-40,0.153286170291615
5.09911517460327e-46,0.0486965507695942
1.13115565928975e-45,0.537692333142412
7.78522042018563e-41,0.25421858984525
7.53446721443046e-47,0.770503720747067
8.10137003325376e-52,0.875064639930056
2.09722908891326e-45,0.125056111743174
1.16858819375719e-41,0.784825598424254
1.56285955983784e-34,0.848220228324483
1.7958973175396e-48,0.832497592383749
2.60221151903022e-44,0.904404412012298
1.08798884757662e-32,0.674474005804709
4.89619513335089e-51,0.225832716454689
6.35887871271744e-38,0.618519880285376
4.80144666475632e-48,0.477388940255841
3.84443069570971e-41,0.944203187513294
2.97111978624297e-44,0.211609614351451
1.5710928395263e-50,0.155741058704603
2.50217540081638e-42,0.354515868222302
8.35840612106459e-42,0.656661829857754
1.65699828489812e-43,0.208150459116141
2.29254025508688e-39,0.130710399861107
1.71385890145519e-40,0.201604809124522
1.26998214093104e-49,0.412770390808201
3.20996464304104e-43,0.871266986645773
2.95404975971206e-40,0.235672102723117
9.40025329598008e-49,0.159071440457893
2.17327555883901e-45,0.215526654093693
2.35432996527587e-41,0.0868952986374971
1.5582681352269e-44,0.178660688446784
6.15992735374544e-48,0.664534090224074
2.74085728934599e-46,0.371672896390873
1.13774197430714e-36,0.322725540525652
5.06288351475979e-45,0.0606732520390872
2.3358250360549e-47,0.949704957707676
1.42448806394927e-42,0.838549767294955
1.42586484466439e-43,0.0907754764798179
3.60872076391297e-45,0.959952004055886
1.16235208397584e-37,0.549331023267719
3.55136962552159e-44,0.89199613396438
6.52669509697249e-42,0.768784641936606
4.99347879326874e-49,0.653135969675065
9.82401827079959e-43,0.313249031113299
2.54420589106744e-41,0.954365922366312
1.90694057346039e-40,0.445616618021361
1.79829818835938e-42,0.471024702795789
5.76828994600197e-45,0.279429242102396
1.1125093158269e-42,0.437768756845657
4.83799183544346e-41,0.599816437506432
2.5974650580806e-33,0.438583340319489
3.31658891863792e-46,0.201188780001471
8.06320687824994e-44,0.806602722749018
2.52042512216914e-49,0.149285144796672
1.72250338782854e-44,0.81076769912019
2.49856162359715e-47,0.320396211991246
1.58552982426198e-44,0.364297150363455
8.90093472339575e-55,0.449424425121743
1.88162525966301e-50,0.904377211976619
6.97235169197059e-33,0.11194786672383
7.25207624666443e-40,0.229259200015495
1.23715026757601e-50,0.37160540288434
2.7185673585951e-43,0.760571785123887
3.41848780847473e-45,0.36809625243325
1.53446451803407e-39,0.813331546724307
1.35526163813777e-43,0.633918620360374
1.14223381934509e-35,0.550431381369308
2.27159003763871e-45,0.946037024595239
4.47040032609952e-47,0.625101371345207
4.28076282384269e-39,0.450171959427565
6.53235733961765e-41,0.0212963472470807
6.45724531726392e-46,0.497381516609113
5.75579136771353e-51,0.236536253685509
4.09029177385551e-36,0.622638528755529
6.20998172235952e-44,0.712136437530236
8.41984008390301e-45,0.222659317302503
2.30540959551392e-47,0.136963670192435
4.18359977716423e-34,0.247705229202587
1.97395498053283e-37,0.830954828433705
6.03125810214237e-42,0.169419858855456
8.03331441218482e-46,0.763117104184075
1.62003471268082e-33,0.956064362513149
1.34030276298541e-48,0.809455031618476
9.34205189024781e-47,0.82999887975602
4.15574181400381e-47,0.145712487708662
7.56084718413888e-47,0.24421022984413
3.21321252528911e-45,0.55598269132648
1.87426726481337e-48,0.265867167156648
1.05078224757823e-32,0.529086189801055
1.32883815999554e-33,0.742078888747472
2.36235741941365e-45,0.691464324222295
3.13829841447356e-49,0.398638690815424
5.11358123304285e-35,0.0247291705275346
1.55838847579848e-37,0.245573099973147
1.10727637574005e-42,0.81617034022338
3.96584609824771e-49,0.519551958567305
2.070822018823e-42,0.649981903763539
1.71373731505262e-35,0.847622410337555
3.60081530197267e-43,0.466659688399309
2.17250932712496e-51,0.0163496023783876
1.93199193461926e-33,0.727021337473934
1.85042943302472e-45,0.262514556491507
3.61470550794881e-48,0.552317761442159
9.44345061502456e-48,0.476682537809625
2.9778114754768e-43,0.823587407595845
2.11950691373999e-36,0.422403549995659
2.23377931862695e-44,0.524747711353568
1.94665554095303e-47,0.530138430007019
2.63431126304636e-45,0.0866753031457206
7.15968200045311e-45,0.697421111060132
5.03433835738958e-45,0.143734727739321
1.08545437795461e-42,0.731451160704659
3.94978835057527e-44,1
1.0548567848205e-43,0.241620733559782
5.08536492069101e-45,0.88488969214658
2.50408722987848e-46,0.074395096416951
2.25162424471867e-49,0.669833296645115
2.18253325920357e-51,0.861287463085354
9.90190044801977e-46,0.880775170313695
1.56641453179907e-31,0.234202293709473
5.56349175671697e-42,0.749857002831616
2.97568855526857e-40,0.761065764212383
2.13447741500565e-48,0.700498926489687
7.48666447621545e-48,0.334031400548835
5.94010991289531e-47,0.516765525906977
1.8341178618584e-46,0.410562179947072
3.19466729172662e-47,0.613776267830653
3.32399007121108e-41,0.974828938554387
2.52904251768712e-38,0.00289020947311633
2.09989335404941e-43,0.36024069156648
1.13799197013235e-45,0.486135725565058
2.782593655726e-41,0.557149381455746
2.24305041829605e-43,0.780144437674247
3.63120360862858e-44,0.157183654411382
7.07707176251991e-45,0.959565708184152
4.46876901372491e-44,0.705505235006039
7.44137221171359e-49,0.651837022100652
3.08622100925265e-40,0.141899306483201
4.3279950271156e-41,0.645630755731492
1.53081505168323e-44,0.0254977582635849
3.10175094666569e-38,0.133091434363801
1.33809409691037e-44,0.892605881156817
6.49186393614762e-42,0.156544356850483
3.45971867161528e-48,0.402149057184
5.49595722811291e-41,0.758932323480211
5.74725829678489e-47,0.333820513885378
3.90517657793331e-38,0.544788144258114
1.5815851024125e-43,0.492129627263883
3.04623388481903e-39,0.617977611896804
2.73224018643894e-47,0.521169078827938
2.24578880508233e-42,0.813304810732864
1.2436856609431e-48,0.845416251142247
3.70538481024789e-47,0.52917172190321
2.66064958083712e-43,0.931092436667796
5.61633063273723e-40,0.986653054665684
1.98454250637609e-46,0.560335207205381
1.11158242915252e-41,0.607066634585781
3.01862104765974e-51,0.747178308524256
8.81504583222929e-48,0.121889750514255
2.78529671212125e-54,0.389459025814097
9.16598722029143e-42,0.103950193496127
1.4175611631219e-49,0.225017184602788
3.4272752152148e-48,0.0012889176444932
5.33405165186649e-47,0.702442514507149
5.19117369666304e-47,0.590069086299497
2.87737532355262e-43,0.0418685644064698
3.57473575477344e-49,0.427361934201503
9.89234537982995e-48,0.332500653712343
3.63512377850782e-42,0.50111012223436
4.76486949703045e-41,0.379866094950044
1.84330496931506e-39,0.363640076834732
9.82252199384154e-38,0.333400137237322
3.26688436131612e-45,0.593802607476408
1.03724959339576e-45,0.175467518770357
2.45549533129413e-44,0.806106700397572
8.47354985717097e-41,0.0495173942605472
3.89409596882781e-38,0.948745115209227
3.88285685102226e-45,0.812886198734865
2.94066180835505e-44,0.905087682791793
1.28302271557292e-53,0.0584212604739585
7.08873035958726e-48,0.880963319840614
2.62926653581775e-35,0.17470640741914
1.75301249578967e-46,0.0348023171284701
5.7937237533457e-47,0.393956500543207
4.65898395146902e-43,0.826983050528464
9.66953736781058e-42,0.898560187815512
5.39937687642064e-43,0.21204486261727
7.49508648237519e-48,0.789604447638014
8.49686988875637e-45,0.620626531537073
3.17226572398552e-43,0.0118878560525212
1.38019443551068e-43,0.282773267544235
1.03024963745547e-41,0.387916258898102
9.04630555223802e-44,0.207224664708204
3.38792635405479e-42,0.379603201358123
6.37002510613179e-47,0.0156411724122642
3.95409038712428e-39,0.958411405908104
2.47682389937878e-46,0.527486423913979
8.56319375197704e-36,0.52460257974137
3.77856871295701e-48,0.945155953252426
1.26600978861138e-47,0.00168272523129594
1.01699391572658e-45,0.257400320979831
9.29437245667579e-47,0.0872712288734023
5.20508447431529e-45,0.501429935096451
9.20503605503559e-38,0.273801509373099
3.22637562017749e-48,0.156262217236399
4.05160102920818e-40,0.467712518205035
1.88822134565105e-41,0.423301352106972
4.50187107751794e-40,0.113880725365162
1.72993515389349e-42,0.821505275971541
1.42615822682034e-37,0.862353495125191
4.93780588767147e-35,0.0272538978803427
3.31601178572006e-42,0.212421101455453
5.50005409153613e-36,0.546079707538409
7.73588905385963e-50,0.501121290572441
2.47734734017261e-46,0.459558931430677
1.83112524183106e-44,0.204262198191621
8.54529289677906e-35,0.764772218016221
6.39294554655256e-39,0.719414641736716
1.87211212446223e-45,0.36176807572681
7.29456850937351e-48,0.883742167515581
9.10778887681537e-52,0.117411254664795
1.69858127370095e-37,0.295201973082557
7.89932712788318e-43,0.14666523010458
4.43073201717329e-42,0.799346961671902
1.60162162174689e-47,0.657057505710355
8.54254449304434e-44,0.937012075739905
9.17693596463799e-39,0.788516152943945
2.19253824242589e-43,0.162396876531839
1.28764651097738e-43,0.481525107440764
4.99579933382411e-41,0.312159049672876
7.50009951176965e-47,0.524207203804955
3.05283508812006e-48,0.324859520379759
8.74560062871025e-54,0.660267915883298
5.87308783731273e-48,0.419069798413109
6.67002201661319e-42,0.512926922191748
3.74972868475159e-46,0.633673614616831
1.23455138140063e-49,0.0165877465568726
1.94935687748856e-42,0.253029328313921
1.62780922949611e-49,0.261199870119185
4.46190338449759e-47,0.534685813818347
3.23599561997338e-46,0.426313955352518
2.9131042959222e-45,0.548075849845055
1.93038063575519e-43,0.110754581543824
9.01944381841277e-53,1
1.51052496548387e-42,0.711010684019825
5.08864455241183e-54,0.300508812104683
5.10296275709028e-49,0.0833370247243641
8.39420263716503e-39,0.424220847682715
1.48026649717403e-50,0.188103062024502
3.3842454838916e-46,0.751250904795069
1.27794360199934e-42,0.6378492439277
2.60251329618687e-45,0.864680264335887
1.68529567377722e-42,0.230441559199199
6.53139433161082e-45,0.661703169054966
5.13921896097127e-48,0.430009130464691
1.42480629206974e-39,0.866128680198802
1.9931954589164e-43,0.922816593587165
3.43643181351194e-44,0.417879275078267
2.38968716304213e-46,0.134584379905007
4.76393237335161e-42,0.425891205979782
1.3991665624826e-46,0.515104377727801
2.28431169526156e-44,0.467802098147004
3.67816062466382e-49,0.391666083064512
5.80879216918479e-50,0.239663269442007
1.07114424631912e-45,0.131764810579054
2.67547033622162e-43,0.180585264424532
3.35315180539627e-41,1
1.50062234022356e-46,0.890748509945795
1.73042948699046e-39,0.85536528215303
4.3951156571538e-43,0.45144787102834
9.44754846127569e-39,0.611398176110223
7.07022620443451e-51,0.207473241260807
2.33159306978106e-47,0.853820530784218
4.58187791117323e-54,0.931167788597171
1.39130974451123e-47,0.89677504239564
1.95385980293636e-44,0.0440833528312322
5.73623318423019e-45,0.606462290976539
2.6971222361484e-42,0.171893946972355
1.47744055158749e-37,0.103870103222555
1.15486967923273e-43,0.0713194369312231
1.09240788423682e-46,0.185958587458979
9.78170709286495e-43,0.122166287298466
1.19870064823144e-42,0.227767174160974
8.88015474677822e-40,0.903369028406614
1.50450748845903e-46,0.0565582849700664
5.22472484146449e-51,0.462880123382775
1.59630426277196e-40,0.68158372474072
4.2861296139581e-43,0.299271505737248
5.52795225816818e-46,0.295827531182467
1.57654630934773e-48,0.0685029430471865
1.99628261969901e-36,0.106720613714895
5.6976033011718e-50,0.546876118386311
5.50249415652999e-47,0.136366179875286
7.91046337076853e-46,0.458905751427154
1.07617684907665e-43,0.582163961844599
1.24551933464756e-46,0.918145072446757
1.96262367801703e-45,0.505412878173735
3.33797555853457e-48,0.823622009272165
6.58042064915981e-43,0.431519848016556
4.32509365225092e-39,0.351665908581045
2.21453592054959e-43,0.421395772205189
2.19702349453179e-50,0.718628993768718
7.64908668085286e-51,0.291475538415515
9.28490093057159e-50,0.431560946227286
3.98582516783256e-50,0.378679422621919
5.11664024686167e-45,0.703981160183048
2.88778467224939e-49,0.140775236513497
3.87096802075768e-44,0.828440691618926
4.32913108866674e-47,0.237221773247988
2.16303615936107e-52,0.312514644140161
2.54538076282384e-46,0.250285747480843
9.78538135421288e-43,0.490118198468706
6.5479029028742e-51,0.332671589807767
1.24233372469751e-47,0.845571639662313
8.07221102291352e-46,0.181698689763495
1.22467821077516e-45,0.23804037929156
1.15244096289114e-48,0.301588235145555
4.3807530447035e-50,0.240782356325751
2.30965120842473e-35,0.367887278752835
3.61502036569465e-44,0.90272122607754
2.18908934781555e-40,0.919907799410407
7.18606606393923e-37,0.436566730670223
2.53215640712351e-45,0.862515096415729
8.37604864539804e-46,0.292009588006051
5.56840409188691e-38,0.0127151587323781
1.448720955216e-51,0.370205778949268
6.11011292308385e-46,0.616575757886205
1.08869943373061e-39,0.85336394905327
1.64502493405323e-38,0.249064479584769
8.63767765565035e-39,0.54765572990288
2.79420088127039e-48,0.142498422320678
1.37194487086678e-43,0.345337617997412
1.80099040089403e-45,0.836929227514722
8.18885566951975e-45,0.179865353054418
3.88825745868143e-38,0.893750451801218
8.37550233940213e-42,0.469044564395493
6.53155262112155e-49,1
1.35730181206204e-40,0.392606558368327
5.49211261335861e-49,0.830698114456585
3.80679130166477e-44,0.620962767372056
3.28275965668177e-54,0.508448627818266
4.71822194958171e-44,0.8516310084758
1.37808382658003e-43,0.824969886101096
2.81050494825666e-42,0.196817432760858
2.64724404821978e-46,0.956641133147097
4.42323209339669e-45,0.98532108243982
2.91990814293046e-42,0.88225422216252
1.32219735365651e-48,0.142991971506629
4.99555447525441e-47,0.423649161003643
1.99797250614423e-48,0.541365914795321
1.70898151434932e-40,0.288597466877542
2.54728549848634e-40,0.0773187370934161
1.73026386164805e-46,0.107148924744035
1.78620274961737e-52,0.951541779449556
5.42638657472665e-42,0.395133391557337
4.2893965815706e-50,0.867051516276757
1.03304781954998e-42,0.378956603343302
2.80972994428103e-47,0.716423580675985
2.08403849172108e-37,0.554999941410503
3.55283598704683e-32,0.677457241640134
2.89815662560144e-46,0.654030063648105
2.69906844215819e-44,0.489234302044914
4.95150207408966e-41,0.794612204822733
4.58996092673992e-41,1
5.01420601672991e-46,0.811757046711417
3.86718275890985e-43,0.649060820201416
5.80467694901727e-42,0.0226896154553516
7.06777156095482e-47,0.726120352269969
5.07050007076241e-43,0.984915173463932
2.90185857681724e-42,0.426481591741835
1.46527389756159e-45,0.389219835648517
1.86914852302916e-39,0.0957401569538801
9.4276121038732e-48,0.48988421480769
1.57088482207657e-34,0.582168123122083
1.06522551760863e-44,0.303958378118001
4.99304110702762e-46,0.215443897935796
1.92458574739767e-44,0.26457870021418
4.13792950533085e-50,0.38573923038338
9.48335633840021e-47,0.915708566514229
1.36143958926899e-31,0.688693551064686
1.91273116141216e-50,0.139137058581244
9.57058725723382e-46,0.363051779771203
1.01757622626117e-44,0.358303675378166
1.47658374185285e-43,0.750622476711687
1.95073874035608e-50,0.85470462417667
2.39476573388278e-43,0.185409515693022
1.03083515901404e-44,0.431473435584033
6.22963695014692e-49,0.055915559443313
7.10378457858149e-45,0.449313688238362
8.29248775068688e-43,0.135528610919432
5.5696020204122e-47,0.726887315403199
4.34078592809388e-45,0.103554536029965
2.03744082980274e-36,0.42687748476962
1.31909721977015e-46,0.180699650155192
5.73554970144036e-43,0.450358667643171
2.02695488162377e-43,0.667888372301507
1.70001414442754e-44,0.327780984473325
3.00626041765509e-50,0.68045636330604
1.24785920841223e-44,0.700077792451587
5.0350949283631e-41,0.500543020380333
3.17056750698511e-48,0.161003255606706
5.22375119234128e-42,0.885049935152274
2.02436650339309e-49,0.798196035715571
5.46048357039983e-48,0.784884583338429
7.48032530572689e-26,0.476619336859151
1.80981978462653e-43,0.0230100236558573
1.2512359434286e-43,0.696907452529555
1.93914725022142e-48,0.957796229004761
4.12757124937251e-44,0.452026062020478
5.01105551881737e-43,0.245956418250108
4.015442684597e-51,0.865327840328101
4.78372996248686e-35,0.596406948895043
1.95944963212675e-49,0.380388524000598
7.93247636673666e-46,0.567233836150546
1.33823575019468e-48,0.44534381820652
7.87399552736638e-41,0.101859848878726
4.75051870364087e-43,0.702760498513543
2.42002070255585e-41,0.691640929719582
6.10809362779063e-50,0.960617164289512
1.13716385995343e-38,0.148337956892023
2.59691124070098e-43,0.719152366067077
2.10344860249172e-48,0.0674570390040845
2.6859448763619e-47,0.810354747055326
6.63592311652629e-45,0.933088671183173
1.69281788582045e-44,0.498492348820524
1.31053791686898e-45,0.269297351593297
2.22175807923008e-41,0.105544015720629
8.14085319422743e-40,0.858351978970097
7.33040064147288e-48,0.0522660378287251
2.93638624577782e-45,0.258965097063774
5.24230391899483e-39,0.832915568140421
3.68096884213765e-44,0.330431664924171
8.91108826593787e-46,0.102173635518411
6.28613131446795e-32,0.962752584833232
5.99353301542779e-45,0.191828281311672
8.98960697737651e-40,0.072100229775793
1.70515584288281e-40,0.18474401310547
3.34169223234888e-39,0.96286413579368
1.80299918778154e-43,0.802501231640585
2.95846441085147e-41,0.786256104161089
1.24455829856611e-38,0.567114370660354
4.57716382051273e-48,0.987718823997508
3.93593103563119e-46,0.0948953592716605
2.56376668013177e-46,0.674520930386146
5.73278011983095e-43,0.345717862188177
2.25686728528035e-47,0.773919954174264
2.12052329238174e-35,0.735832244000024
2.89947730046424e-49,0.548132740888467
5.762081922346e-43,0.283543874157577
8.08336294328879e-44,0.159664887360471
4.17015383020523e-53,0.28923869094996
1.23490774627268e-44,0.194933700225502
3.71794639212968e-50,0.225223942968253
2.99193346132549e-56,0.156094302746147
1.17646996284002e-43,0.134753746684364
2.49299253988619e-43,0.744634636567782
1.04275176504067e-51,0.968005314773082
1.82154374895059e-45,0.425997913932956
1.50789287451683e-46,0.327147681144682
1.37550324725282e-50,0.211888534111956
1.92433094650205e-39,0.681479154629301
2.00979975624464e-43,0.112371776356396
4.65282244992264e-53,0.307813850239243
3.03228283967542e-48,0.707877130662234
2.69962790287616e-46,0.0897698600593039
9.31431753709465e-41,0.563151221252972
1.71998411392469e-36,0.838640105267751
1.1905629778119e-39,0.468970356616068
2.30515731966544e-43,0.855731086190166
1.18961423765286e-42,1
6.97531650750225e-45,0.0633734065226444
6.60214988990753e-45,0.317866583432671
5.2690744750538e-41,0.796310089062248
2.09004421935688e-46,0.401362546030929
5.91133736896664e-47,0.271570023688073
1.12076295949827e-49,0.823494207719909
3.5784976633746e-43,0.410761980649528
1.12511009973621e-43,0.761654608573741
1.34029678140773e-41,0.35504298595714
3.54333594769178e-42,0.232928337192236
9.48581572469575e-46,0.407504779400331
5.02953317299629e-41,0.98534855930736
5.82138813651842e-42,0.794448756683462
4.22284382765296e-45,0.689175172258732
1.18334126909076e-42,0.799281017964288
8.03158267720919e-41,0.439832830325866
1.1859450362641e-44,0.458801595387656
2.80502373099462e-45,0.585207424849836
1.810670145137e-47,0.277344353110618
1.75827469199078e-50,0.126315397585845
1.0190897692599e-40,0.363011431556735
7.1678777087647e-45,0.0641444107358426
2.10861380699062e-44,0.88670895975258
2.6419709253505e-46,0.340549480410645
9.29388852296638e-41,0.741373019142834
3.17640530383289e-35,0.653991014902346
1.39435340729707e-42,0.774663511624478
1.19455021327126e-46,0.939623697390469
1.01490855631155e-43,0.233148517484818
4.69710811256398e-42,0.580375281110882
1.47386981226776e-39,1
1.80920030552371e-44,0.800449112299494
2.35444510381309e-45,0.315782862580408
2.02626984015612e-50,0.970009990444294
9.20915178740715e-45,0.390151036234923
4.28704008196002e-46,0.457980259919617
7.07616773473734e-46,0.0759663170970458
1.49816937112877e-47,0.486266576096855
4.9189538296417e-46,0.173723844688515
9.82017610808159e-48,0.197209709035097
1.07511969213373e-43,0.928022000573632
6.45157921444758e-40,0.718403209558424
2.68447624738368e-42,0.112339824009382
1.11043914204423e-41,0.679254432415614
3.27295012305048e-42,0.704889514481447
1.98098892217814e-35,0.609075338744184
6.69881846398798e-33,0.549826664738701
1.38193646035994e-47,0.828841198352315
2.48344632764448e-42,0.358496170365723
1.59101674998156e-46,0.685259488103569
2.67468543463765e-32,0.530924386978389
2.61470517951819e-47,0.215824084098377
1.24558894851208e-38,0.0814435957448548
2.29535612906165e-46,0.681163538548026
4.79036239918136e-44,0.737411881067303
1.08157489922104e-48,0.590615143331394
1.02259234826632e-47,0.482022766302749
2.84609205020303e-43,0.964295376044064
3.85060992718101e-49,0.41646045573802
1.05859530827857e-49,0.709002901397187
5.54080153927034e-45,0.928055890472457
1.63836470700011e-42,0.868631818154799
3.19675097302293e-49,0.458795817333532
8.28628071016324e-45,0.646677284301069
2.89599477860846e-46,0.846895718294217
5.97503020764147e-41,0.179686489422687
2.84380458003967e-47,0.329706249080615
6.96274083484676e-46,0.893013950611644
1.15730479250402e-48,0.309510455291791
4.58935639026901e-34,0.545517618184337
4.36500373687713e-31,0.326980872819079
6.13324809427739e-44,0.498651760291746
4.35329277265083e-45,0.384229246283236
1.82926203445269e-47,0.109142642014816
2.34666376992485e-43,0.394220597406021
3.3489814431861e-49,0.0590133213231952
1.52857911149629e-45,0.629563166575796
1.19275568589778e-47,0.17824993163741
3.09143190970101e-50,0.475382859134297
1.77608830506724e-39,0.11033189988813
2.31542750918725e-44,0.507296762305098
3.15272804751648e-37,0.899301495650672
2.556171042805e-50,0.558925338856953
4.20939690869823e-42,0.256874096508103
8.95749222706583e-41,0.660988443589145
1.7655511095408e-45,0.605866649941837
1.72921181057882e-51,0.520968309168023
1.09707948162672e-31,0.324733780292012
2.00900709355515e-43,0.623949706404424
6.30668811263008e-51,0.125255121334125
3.60490785001766e-42,0.58140026724443
1.32849944671208e-42,0.398680461302886
5.37418647158516e-49,0.288255596351447
7.70930154413243e-46,0.506246667557026
5.77561890680326e-43,0.768404025152501
9.28312027854897e-51,0.695513893142493
8.86581876543947e-38,0.325778693670226
2.03584001346129e-48,0.371902103321319
1.70893545072475e-48,0.0259123793343249
6.10403288948732e-36,0.425107855219054
2.89957604652476e-42,0.634804756814212
5.77255384744777e-41,0.014240436585508
7.61520338256358e-50,0.182390051628289
5.6191891015592e-53,0.392851244371637
7.60127095306147e-42,0.0510870526444406
1.39711897931151e-50,0.445829541562217
6.51411074970677e-40,0.7506511809923
2.53034033128479e-41,0.589630867362912
5.75721960545905e-44,0.000801718181695248
7.35248929943968e-41,0.391844011489433
5.07087173779579e-42,0.866377464817919
3.19847149210308e-49,0.742741570752832
4.90194699218393e-43,0.828541668335225
1.72695916545077e-43,0.514254110261951
2.41232997424952e-48,0.73805422461999
6.17172952953052e-47,0.438308289202264
4.87716925158607e-41,0.807102863866984
1.11949863302198e-43,0.852204854631176
2.35409214633451e-45,0.322988081098223
3.17025292892237e-45,0.603634656165517
1.41574371331158e-40,0.203285364365295
6.64082563445237e-46,0.710167077104555
2.35104970312572e-44,0.721107558390331
1.80735446043099e-43,0.122487252124696
7.86306703110001e-45,0.844884367199601
2.15237199626984e-41,0.426401482947313
3.81048711262296e-42,0.000264616149004427
1.55094058373619e-47,0.0312479287779302
1.37507943828298e-45,0.145016145187548
1.13135127895773e-43,0.366113640403012
1.04224004612998e-40,0.856610632215088
1.47983393986082e-47,0.268486653999758
1.50799933570149e-42,0.206955880501788
2.3592574450966e-38,0.24098579130534
4.86920190715286e-49,0.346297537581712
2.90347006816289e-41,0.804571788577586
1.0788264425523e-41,0.380632110764965
2.31384952041936e-45,0.909439530908202
2.45006593293927e-45,0.295000050908045
1.54965381751391e-44,0.202676825406544
1.64318665722772e-42,0.687719657920862
3.19577956400719e-46,0.492554827558089
1.01920788285033e-48,0.0263125381682675
5.55798270958119e-46,0.773464488641891
9.74809818267632e-45,0.853826524294629
1.54122580493043e-46,0.130128382166582
1.15094689257511e-45,0.508736337178419
1.37330178029941e-48,0.0686741839315287
4.20551070258847e-44,0.221490451241466
3.55747045137238e-48,0.348804002643229
7.63524687248545e-38,0.923802037258933
1.21946276553322e-43,0.66804492872473
1.53766169841153e-42,0.875064116519638
1.3749826260485e-46,0.790997354855511
5.91930164785321e-49,0.175559355560002
4.96876831913615e-47,0.687175166295632
4.76240320562099e-44,0.815321896341406
1.17644402717329e-46,0.0687418960142508
3.56973108030702e-45,0.843719556678082
1.63313816173216e-43,0.0489052836811625
4.55378604352062e-49,0.84543581512417
1.25510360256288e-47,0.528590551798502
7.4433328122428e-48,0.621669783063592
2.05920094989337e-39,0.753608055010719
3.26827400439019e-42,0.533413546324785
2.05486212066517e-49,0.0673537046301983
1.18942113029321e-39,0.665645587599135
1.50393856777147e-42,0.0893983310087168
6.14024024599816e-46,0.815148900870564
3.40816246013587e-47,0.541616706455691
3.91468446408775e-44,0.465356130863548
5.62415431949087e-45,0.179621858053013
2.08062633664161e-42,0.335318605847436
5.48068223662924e-41,0.693702986267865
6.62053476026328e-45,0.636863875030721
2.66058883505585e-40,0.400150188236328
4.63483493563462e-44,0.538251560411155
1.29167941506746e-40,0.843030117246053
4.12144412058607e-42,0.870525142687201
2.69621901436644e-45,0.462908039740212
7.034392492931e-39,0.0894404143843866
7.2642496613462e-46,0.930229500371785
8.55465822679561e-42,0.661916882776495
9.92682344714327e-51,0.418179627666386
9.70614818362323e-46,0.469198734452567
1.37400039906655e-44,0.712208035018669
2.17271678912407e-42,0.399032140012519
4.30937921450846e-46,0.215680076285632
3.5674363552382e-46,0.139173273862262
9.17780419732477e-43,0.175448969627519
7.44023386024329e-49,0.242582767211553
1.10246653843639e-44,0.0447827377987684
3.30051870799288e-44,0.368161849473073
2.41811785935384e-42,0.254339568611321
5.50042290951293e-45,0.481452782221183
1.72902321169472e-49,0.115441521869292
7.39861503082557e-45,0.178638532885329
2.49203740075015e-45,0.519682169136097
5.52630012851334e-47,0.615515002343663
5.67463854356197e-40,0.033136867615647
1.03263220315464e-43,0.443682614255044
1.88664597311356e-44,0.237705725060547
4.01071992787321e-47,0.338902164521479
2.25489665497745e-43,0.379794680901398
2.41166186398642e-43,0.936837264694295
4.62940408426367e-47,0.080520149258655
3.29875973195803e-43,0.686313043011982
1.26504561211576e-44,0.685832268983276
7.48050215353487e-45,0.11341911249548
1.07596546229396e-44,0.440121087526792
5.77913701538359e-42,0.799388317123403
5.07876015827059e-46,0.756591423408071
3.01204777433319e-37,0.917660383328507
1.98523477878552e-46,0.911641939732441
3.62780391662342e-41,0.611369591538969
1.08920326417476e-40,0.874314118034742
2.21492267932007e-49,0.224770020009512
1.01233611973308e-44,0.196853255856301
3.96496400230499e-48,0.0208789409941831
9.50417345340085e-48,0.946046194623329
1.00895533104192e-41,0.948260481450731
1.80637234189325e-45,0.195347764602917
7.99290113812365e-50,0.397748524261299
5.82463762033619e-49,0.109355801660446
8.34729506971694e-41,0.746774123874322
8.64229339950283e-47,0.130995098220473
7.38305034266363e-41,0.186745862517662
1.69273035939612e-44,0.432728879654327
2.52121520736518e-51,0.57449453151141
2.67604462542351e-46,0.182813794567599
5.87325300454956e-44,0.895987729716139
1.88481984388778e-50,0.615445712441816
1.39245495502477e-41,0.805461097849147
3.28172229297438e-45,0.745774634547155
5.80026759669864e-45,0.748320169510277
1.42493075548013e-49,0.770994405917037
8.22346572029731e-45,0.461837026327472
1.08426540012418e-51,0.349276296731326
6.54510225253399e-44,0.936814598133826
4.87900418162656e-48,0.671757941684535
2.20397077837268e-48,0.817950843120599
9.68200354716465e-48,0.984825498911816
2.25932543301077e-42,0.654927944869864
8.20815959071299e-50,0.701459772264468
5.16253029733858e-39,0.324296312079127
5.59783002629047e-47,0.304785997109878
7.98877204662545e-43,0.552252487227324
5.6578846364942e-44,0.360221203337857
7.40609763011157e-43,0.755526274878828
4.90125029073766e-30,0.463743453231545
3.61667219807068e-32,0.969924550110058
3.45401257877196e-39,0.409884183050353
3.36470799825099e-44,0.413163503399824
1.68662012899716e-46,0.411254688599843
3.55265779023959e-47,0.142692749444013
5.00858783500359e-48,0.266484075406121
2.53836578803625e-45,0.265553713442132
1.68133336129084e-39,0.741162546324022
1.80407195281967e-37,0.634758937776276
3.10393857979468e-49,0.612830188360627
5.98112916647384e-43,0.402702022947888
7.58515748984197e-49,0.815257740752086
4.84151662647657e-44,0.563923558887657
3.13656528456495e-35,0.457011602511866
2.21544077880146e-43,0.129726066275073
3.65440724682661e-45,0.946389598140301
4.72688629576784e-45,0.0875864473536751
5.62403214264055e-45,0.616756838537623
1.62348304149156e-41,0.591411770054057
2.11013401545139e-41,0.733839580320891
1.42354932395593e-46,0.504482866207967
5.64977767513214e-49,0.232314432571832
2.86039746826281e-44,0.819673988352798
6.29596722016353e-36,0.972598423460754
1.00628645690991e-51,0.826902427681152
2.6269732874385e-43,0.649300435282835
1.24752081589579e-40,0.855459118242098
9.77476117770874e-51,0.316412774409712
1.27861776625292e-41,0.926220982041895
3.85101504799745e-50,0.29122269789279
9.1769238909309e-41,0.1748746235314
5.58740150757713e-47,0.624444502395353
2.29351570031478e-47,0.417733344573342
6.41498701882032e-43,0.0994987286386578
2.18112503754435e-41,0.613833808025016
1.41637058824705e-40,0.52712859866119
1.44882903373823e-47,0.494622566166857
6.67109618018414e-45,0.917304071321633
2.15210606595027e-42,0.40328913065808
2.05692110473313e-38,0.409665483697469
1.17894368217621e-41,0.782872560030553
7.11008325413102e-44,0.341569672308025
6.08705136380582e-47,0.78010127176249
3.17276605488857e-46,0.649201915517783
8.03191961658973e-40,0.805093592917824
1.30772328008673e-41,0.959581790708044
9.77864322790057e-33,0.627836644097325
2.55550401039365e-43,0.653531127147547
9.28100474745463e-46,0.125048858757684
6.34959593107813e-48,0.0394564942243192
5.03679452577809e-47,0.375355097406532
1.4517998894838e-42,0.0143092230864631
2.8919253208462e-44,0.741138012519387
6.93238006630777e-48,0.319758781081817
3.07504710887102e-42,1
7.54275816186261e-46,0.25132341568133
1.60493802010193e-42,0.351715529104371
1.41968281899826e-49,0.774706480905467
3.08858728123895e-33,0.655471707313526
2.39516334465838e-44,0.354100504617902
6.26715652793617e-45,0.714461768165335
4.25942315798827e-45,0.605904412228376
1.15892085598775e-39,0.851105894382524
1.99854955484297e-44,0.79648000187171
7.58277762876962e-30,0.188842872604773
5.2094625099841e-45,0.896205653231112
5.90075137202362e-48,0.0114202733325609
3.43184894172835e-39,0.38929826090123
1.34120710080509e-44,0.0779358695425505
9.4504512177399e-47,0.0108415682664207
3.26005982017176e-41,0.236748677871723
4.90234990857238e-45,0.45970644929261
3.31296324511346e-42,0.651108940119202
1.38504160832959e-48,0.541264038686128
3.8557854465688e-46,0.0884964824674932
2.81946389536018e-41,0.207485711412664
9.52007176479904e-31,0.12758195172214
1.94664464010352e-38,0.060528763408135
2.21818770208354e-41,0.761948347453195
1.56406467712011e-43,0.109760321432608
2.705684577863e-47,0.742627593057454
8.87924415566935e-44,0.938750998810736
4.23435976429415e-52,0.104120847105157
9.98799599551221e-44,0.185431615026536
5.19372228716908e-48,0.403958698945718
3.63336664482822e-44,0.711585945006673
9.09824025096032e-46,0.356150560112969
2.78456419324604e-41,0.224541757560394
1.15978292093173e-44,0.783385083566822
6.50527824549536e-40,0.614546033598961
7.67314100933845e-44,0.278615518755993
6.10310325829042e-44,0.674821718753866
1.20739223125674e-45,0.680973014887861
4.51608229014109e-45,0.915351991666034
3.00819424329865e-44,0.498740206897017
1.18965964783567e-48,0.0573878001214078
5.48325737349898e-42,0.402047234530183
2.99441969911023e-42,0.281766954521025
2.07979745526733e-47,0.400097356243905
3.84665314066137e-40,0.223771098696195
1.02752100204517e-47,0.218645563314603
2.8313968313208e-45,0.391850984503256
3.24521587011865e-45,0.786478402523749
7.22439038311479e-46,0.525008722740414
2.59051910633631e-47,0.351132054217941
3.60148221816129e-43,0.899576109373838
3.97195913035136e-39,0.837155960838291
4.26808242345949e-45,0.306401273175027
1.07165678287598e-46,0.929605248455591
5.09933608398675e-48,0.942203640439788
3.16150814713018e-45,0.970482030140043
1.53962259377627e-39,0.490204714159161
1.77961618410665e-46,0.269074774789736
2.41825054023269e-46,0.139084686685785
7.32784502128101e-42,0.23163354528001
1.7295123826397e-47,0.371646562400459
2.95343962066866e-31,1
2.16048766477344e-45,0.89080648182267
1.30657790375882e-37,0.968528070701304
1.29974718257446e-42,0.0652896869117153
2.22248615892323e-45,0.389590609666235
1.16678077694215e-41,0.986878455692433
1.93074884607904e-39,0.851638191447666
2.1347205188304e-44,0.794555914138544
3.54217472493505e-41,0.44694367893005
1.21625567202462e-41,0.375547524968838
1.23047893768805e-46,0.0676160117656268
2.38275331563401e-45,0.463941545347705
4.26565224368169e-50,0.27439399129478
1.10552191451559e-40,0.583060625881741
1.96036863521259e-41,0.462334074742943
3.06490380519311e-41,0.209152497534794
3.58472800080657e-43,0.308714318743816
2.33204648679246e-45,0.74498868893063
5.60514365834508e-40,0.891746078817684
3.45208056606278e-49,0.591617665552476
5.07384268021184e-45,0.662694055109458
6.98703473962481e-33,0.746156145596704
2.43469222685948e-43,0.715183094970866
9.01100780570876e-50,0.34517692014943
1.63387104634607e-43,0.374339005466577
3.77157068034766e-48,0.541942616198736
4.88051721059784e-40,0.295803342850764
8.8772116855552e-46,0.130647876628335
6.24345079830963e-51,0.641702551328372
5.86466429709036e-38,0.0889060118321839
1.88435268832619e-48,0.187912492761896
1.93000588749971e-46,0.221345327397702
1.34925117852025e-48,0.116558131438668
3.40365185706469e-50,0.733224689700429
8.94394584243901e-50,0.466160845812117
3.08476146524554e-31,0.0887772422364304
2.1840785285473e-39,0.00939193931549252
9.83132157581839e-47,0.871654302125311
5.00969796302653e-46,0.563912908662553
9.93740121674675e-44,0.229584530472698
9.54576455502231e-51,0.24819169879963
3.76587920571254e-40,0.0449550971654755
2.91072023292178e-43,1
1.86408216009031e-40,0.329196953694332
7.70965805987164e-48,0.87846710862592
5.28414848788592e-49,0.469193678948483
5.21488172636279e-43,0.79386121738253
3.68572809242281e-47,0.133400446925129
2.38218409729091e-53,0.13019477902633
4.49469511709241e-52,0.962405959536723
1.41655592097415e-46,0.0941994080324803
4.98988778810951e-48,0.891608232406257
1.92938758753382e-42,0.371040001068997
1.87703883605162e-44,0.262792083460425
1.54922745234491e-47,0.0822724759202562
4.44076490725016e-52,0.447571792397253
1.49758116629728e-33,0.582171220878384
6.77607589046312e-43,0.647554056359886
1.90265976140443e-46,0.924351593436534
1.64928135946965e-39,0.687776227717851
1.10976067100319e-45,0.375219907012049
1.5161791492221e-36,0.762411139108291
1.18380786777275e-45,0.113412457334851
6.79159171330381e-48,0.416490127140105
8.0956114980132e-37,0.621804554807046
1.49558595932047e-38,0.313377824742035
3.67205433619848e-39,0.742864066241709
2.3808590417e-53,0.517408941712147
4.27322240851338e-46,0.289188210893676
4.48353150583495e-44,0.774531015942616
5.0405535937298e-40,0.705160875437436
3.20077719313624e-42,0.506420181512736
5.77146467362686e-46,0.763043593637343
3.99059569311076e-35,0.492562900570635
1.60467044836867e-50,1
1.54479100559107e-46,0.0789238056723862
9.35597492054001e-46,0.954640715057394
2.0394969409827e-45,0.287844220151951
2.57278070375664e-37,0.921292886346438
2.16849287341007e-54,0.564275108718777
1.58891355716594e-41,0.473731289534143
1.39528480146963e-46,0.383038062546638
2.28088086910116e-50,0.31915891655998
1.0486846657535e-41,0.716600281115833
5.81200461458382e-49,0.635585850064726
3.79032157904603e-47,0.770757444742369
8.40614862597707e-42,0.774275717816965
6.0132833734364e-40,0.574933824201022
1.14640991304467e-47,0.104005901786032
1.97155890587721e-51,0.626838581427215
4.4657549177529e-48,0.0350499528273567
1.05297560852641e-48,0.167079038363083
4.89465622558349e-51,0.277781525721184
1.53085983984503e-43,0.516989234029936
2.21373572652447e-46,0.566491094364636
1.52308813433668e-40,0.737386679026626
2.68502280042643e-35,0.648968330337981
1.01735730284476e-50,0.946864276776034
1.03421154131635e-40,0.847700379742266
2.02116597087156e-51,0.176520781085881
3.96727805403031e-45,0.227304121373151
1.20247464607074e-42,0.781058975348443
5.98191602695767e-48,0.786083888779453
5.2812496648196e-48,0.221989952275436
3.47858931551457e-46,0.0337992755258762
4.34690817228504e-43,0.893898935121741
1.76479428664707e-45,0.276633193402184
2.01294317719313e-40,0.916577468319271
9.08857342024263e-49,0.0258133627018071
4.09345204040534e-43,0.760958601363004
1.65944031068132e-47,0.509072246311737
1.40927038291321e-45,0.71543763845975
8.87856594664519e-45,0.894164543200816
1.27403718219331e-47,0.367603202882483
3.82766904820156e-45,0.608353092803296
1.27024322012559e-37,0.863155893990484
9.81098777900176e-43,0.971145708464615
1.09051584061364e-39,0.375134447102075
1.42307817700681e-44,0.298812877305563
5.01429601611999e-48,0.231059914749736
4.81176337313228e-43,0.291470541217114
8.77536518133246e-45,0.254480232526529
1.49546266738403e-36,0.727296096124389
1.24745520891749e-42,0.6785621369325
7.27980505134358e-45,0.636433647547774
2.77360787674455e-43,0.857627108223032
1.11149338538453e-44,0.271254707159099
9.69596385739145e-56,0.630556743946647
4.49160355599973e-42,0.407791280091673
1.3846685804331e-37,0.636059451039895
5.88728453735722e-45,0.851114029763905
7.51158899250326e-51,0.260268724430459
1.34084439217146e-38,0.406900856812419
5.7555993727724e-45,0.830067025858752
3.8375791294821e-32,0.242434973462279
1.57901098848667e-31,0.590411951280694
7.1060505430188e-46,0.047833336316698
3.26656412612443e-50,0.927449966242258
1.03010637355541e-52,0.202943375089334
2.51019237579587e-47,0.721794288281511
1.11205766045614e-47,0.771906212034734
5.73019804261807e-42,0.542664323838551
3.93397360220635e-41,0.725967016732214
1.57185777034952e-48,0.539760453369936
1.70547505273043e-39,0.864908814564963
6.51252378013744e-46,0.612470622815409
1.96932100101217e-44,0.396114878104995
2.17773278228405e-42,0.150450420113783
8.62657142268302e-47,0.127969019560934
4.80742330524214e-45,0.256378790662975
6.88347081414662e-42,0.542383638384421
5.40895329512008e-43,0.639292842905713
8.9255247098524e-48,0.419293398141748
9.79984050015594e-47,0.412519367026166
6.68502417875346e-42,0.853666440424812
6.75117733461692e-49,0.119210899555677
6.2229230281793e-39,0.217652240451809
1.3040740701691e-44,0.805634996946809
5.11282866154811e-39,0.229390171607259
7.65937422787383e-45,0.0523087176222358
2.57270940299495e-49,0.228395015776103
1.62573429532398e-42,0.359055874894957
4.50838018200747e-48,0.972614634727045
4.45233709101193e-41,0.920750746105486
2.30607997352255e-45,0.79889761892896
1.43799454799245e-37,0.297687586982341
7.73364397241405e-35,0.799377995806752
5.97773287146613e-49,0.207775570711944
3.62099251837824e-44,0.38135120577745
2.6309080116444e-45,0.248810295327045
9.46864298758817e-46,0.580377943246118
1.35284119736546e-45,0.404668076554985
2.11239232714046e-38,0.569695801040278
1.22942955067425e-44,0.183599498016238
4.29947581363408e-46,0.948407856441821
3.78089642258005e-39,0.684396760292235
1.40207167750957e-49,0.27103821267367
4.57345270298078e-44,0.711853570038885
6.01563147851831e-43,0.32771824030435
4.34496368002865e-45,0.252842796966314
5.77201502256515e-48,0.823943755035046
1.93605665814455e-47,0.047397271732039
4.38089064395871e-44,0.0886293682407953
5.98794764118365e-50,0.183362609537456
1.628666549689e-45,0.469826505696444
6.76233938530237e-47,0.323067876544939
2.25250259060595e-43,0.422104658934528
8.47521693951076e-48,1
2.01507746812419e-44,0.833776964500542
4.53918329482006e-39,0.15351622900325
7.94596485398966e-50,0.587462868380291
3.67828047817021e-48,0.490565088420966
1.53823805450299e-34,0.607586651098715
1.01649858010009e-38,0.9133503217219
9.64360032795255e-42,0.0611336176817617
1.12157784921205e-36,0.301667469782468
1.74608599214329e-44,0.496343296667353
4.98183882479524e-44,0.0497266699456159
2.0338366257943e-47,0.17438459786588
8.79502335964574e-44,0.192879224095899
1.13573489025478e-47,0.632446640865857
7.83809398559873e-43,0.984130410296756
3.67724042536373e-44,0.440220730464218
1.05239417618076e-44,0.153041476095356
6.84175955846543e-40,0.041019029756041
3.30338717089731e-43,0.485532689005157
1.95248351253028e-45,0.181372468976897
5.20679087566536e-42,0.44736759882755
6.03020773958071e-44,0.747292048364074
5.6388813458005e-44,0.786270876993562
1.65196006945558e-43,0.563895338905948
4.69612642171808e-42,1
4.69672301546456e-47,0.0879096407312816
1.3284665713444e-46,0.778043281783293
1.6737303721192e-41,0.512172216503701
4.38615219414866e-45,0.166809275871202
4.75147793653496e-44,0.27397268737851
1.45994863909478e-45,0.26811032801905
9.85724578034516e-47,0.871936632407996
2.19845717775786e-36,0.636758559918132
1.01806376731822e-46,0.400353818720167
3.42779860168282e-41,0.240549751250085
6.95859516488657e-40,0.335265693757194
5.81603338714133e-45,0.120719397471625
1.03343719539603e-51,0.194083906762152
2.48730980406254e-43,0.265109041332613
6.61097532029496e-44,0.182695369276448
5.15543773867384e-48,0.376060822361129
2.53222759771602e-44,0.484266729922496
1.7471277188373e-46,0.909714386457542
4.27209833041971e-46,0.75776926412713
1.36480388948576e-50,0.0134225575438385
6.0225545089966e-46,0.614397446552249
1.72715981346575e-45,0.0194206034480029
5.98084433447908e-47,0.176230286711646
2.97897672050489e-46,0.611786220411065
4.65793056690732e-50,0.162479797434607
6.7977776063325e-47,0.599921548596608
2.2134415769509e-41,0.082420322254543
1.25541034393203e-48,0.0694851655722607
3.94690717936574e-45,0.0661449382602919
1.40180872748046e-44,0.37972420941476
4.03679319969817e-44,0.778022571342163
2.10181850999909e-45,0.888299717583799
6.10594995873677e-47,0.601611904525005
6.19288390539278e-37,0.4808584033861
6.84010285320187e-40,0.0385241115961604
4.91152783271483e-47,0.251026745318993
4.21089990542096e-32,0.0868906256799301
7.96639658129755e-47,0.112205682628467
5.78898836260413e-48,0.139862603028923
3.22739346540558e-44,0.523886835341435
8.1242097215427e-44,0.130619300008117
1.64113362704968e-43,0.460033122362108
1.04654747336794e-49,0.668456253588488
4.6180601337208e-50,0.564523107767534
9.75530979117546e-48,0.374566440724581
1.40867259524565e-27,0.631436984005847
1.83853222862604e-44,0.0155884824167322
2.35424928360608e-44,0.543514377016731
9.19718805062794e-47,0.487843229241123
1.22315264080541e-39,0.820079723271197
5.49169544149551e-47,0.518253287598882
1.35355657811909e-41,0.857933619907303
6.18872465165535e-42,0.127486103962843
2.53780076778268e-44,0.388026820859659
6.86284226160569e-44,0.985758821892545
2.11525915561191e-30,0.362155543074903
1.01812415191806e-39,0.659984419011509
5.48456897934237e-50,0.209932836533176
1.79625930326512e-48,0.0129358039999396
8.69088288756362e-51,0.113271191664214
2.49802238079342e-45,0.712108785694415
3.87191298943543e-50,0.0935586642331604
1.23329886346297e-40,0.052490450974715
1.74287330374944e-33,0.407459123622279
1.81720143466748e-50,0.861972655339603
1.187479473341e-41,0.37384808208657
3.20936597180323e-45,0.54136780012775
2.70513409707148e-49,0.423045867528191
2.5626662967337e-58,0.185976454515993
1.10700248301714e-43,0.263328041100386
7.23616652294767e-46,0.0849477324419553
3.484122423326e-53,0.0220802858584011
2.65252758909841e-39,1
6.23054375471551e-46,0.0213189988284613
9.40069114734447e-35,0.828850184532583
1.5097657244744e-47,0.986766370415335
1.51701331015263e-45,0.277827417973581
8.36465553887284e-48,0.984305533905677
1.12652694211416e-42,0.506934660589216
2.30752710916158e-45,0.49079077333969
4.12054935839076e-42,0.985372914480355
5.49286367874797e-36,0.802483711907695
1.78562962703931e-46,0.305417069464127
2.31043819103165e-44,0.438586690028387
5.34936657625962e-40,0.919233936461782
4.70203970251081e-48,0.204776965682208
7.62113528699221e-45,0.951080990506568
9.77838183428346e-42,0.0808108909152491
1.26420943453941e-42,0.332832154244244
3.07897959922961e-45,0.911958108797128
3.98181509199189e-54,0.00464767065677861
5.4842411141396e-46,0.174224003173874
4.1701712923793e-38,0.816598015850479
1.46405812835838e-53,0.252581584840228
5.76392425751846e-48,0.596573898846937
5.82830192609978e-35,0.7207414755769
4.23680889439237e-44,0.0725876565278543
1.87159207979159e-33,0.819467870776547
2.46338058095306e-30,0.195444227933497
7.24718291076444e-50,0.483120049078556
9.44940133594156e-38,0.0100262714662815
3.18337984105761e-42,0.808322127151022
1.27997194787047e-44,0.91142677496081
4.75699999118334e-51,0.302022933920541
1.05566694232263e-49,0.113691880435364
8.76844842183352e-45,0.0953158199065257
4.0126705869557e-38,0.210685459314512
2.89986063654555e-44,0.352902301970591
9.48535434719962e-47,0.832277895871057
1.13140219332816e-36,0.276253349462906
4.82516402200886e-48,0.287585223170743
2.3188452044145e-44,0.715988806470554
3.78057799867648e-39,0.119010207245369
9.51764299613348e-50,0.643544160063064
2.96158867763529e-38,0.305548487384992
4.70497448861336e-39,0.144798478550671
1.05178359649642e-46,0.199382129226164
3.4574546224226e-43,0.787111028714128
5.34484995505549e-42,0.333048643379306
1.58414155001665e-40,0.833577337845261
1.30233665215899e-43,0.680623426173594
1.16001478899956e-46,0.363652406984704
1.80860532595327e-46,0.162784653475626
1.1205474078539e-41,0.638847261561516
6.45366872007123e-47,0.791911342645376
3.911050629491e-45,1
8.42692423631067e-45,0.129480670580919
1.74559208004465e-51,0.0293493731621031
8.93253011005513e-44,0.732464975829683
1.96643633092846e-45,0.530433200566051
7.0828603812492e-48,0.315999557191763
5.11971020404946e-44,0.325109872607265
3.80286103651959e-46,0.569280531009664
3.21764924855e-34,0.466441640880773
3.00551163457195e-33,0.0219954582846744
5.18106406994729e-46,0.641108101750562
2.84063400039151e-47,0.462963478271063
3.01482918140709e-43,0.629366096775066
1.11938886298016e-40,0.227820971809877
3.93182191934051e-42,0.13928906910118
4.08304164702048e-41,0.880373599523177
9.97791063306386e-43,0.821106147415178
2.4648025163711e-46,0.944813363409738
3.08086461824284e-39,0.362046531903089
5.64367465996802e-51,0.907418776479359
2.80470835087799e-41,0.712847126129454
6.39372877751112e-42,0.640042853852948
7.00669660331145e-46,0.0880546417390911
2.50379229844192e-48,0.639520748921617
2.33795113871404e-43,0.252354129108351
1.62197375098641e-45,0.747659343220861
1.66316168721971e-45,0.702515236602959
5.53102232343051e-40,0.288968365021441
6.3463706668073e-42,0.630757158647688
3.2794041696985e-42,0.658420209441099
5.64972641465711e-43,0.897790277899063
3.45453762806063e-44,0.587986306954572
2.61621293648697e-43,0.134013448603745
3.320005805082e-40,0.512783612522648
2.13554779264212e-38,0.529339033599189
3.56495236028942e-44,0.954581106549745
2.91154643186312e-38,0.458080223610168
5.28754230113372e-45,0.670612780848082
3.92287022712261e-43,0.659824119431402
1.37770612649787e-43,0.802568727650207
1.33118566490973e-41,0.0126984139713031
3.57747848489508e-40,0.400513315708971
1.98988671721819e-38,0.885267528667149
2.74610693960498e-47,0.212350160722471
1.34996899305727e-48,0.666160354264362
7.49083773801149e-45,0.867173838961519
5.80891935614401e-48,0.986517856720671
1.41048695695549e-39,0.959009351103407
2.96490281277432e-46,0.919589341091599
5.88235273500932e-42,0.324968171489032
3.66312370418141e-43,0.667073169049468
2.15579791815261e-49,0.734783077330812
4.08914641945862e-45,0.963612061512063
3.54759578769984e-53,0.701715708036534
3.1873358580734e-44,0.559016838459066
5.0005395467413e-43,0.300531777536042
1.20756111505585e-41,0.820601828378061
1.30778569773862e-42,0.455629634584758
2.33355420366635e-44,0.715881138961104
5.70351184111118e-50,0.507805907102731
2.58635260833596e-51,0.94045622854679
1.73735362958795e-40,0.719341621189614
3.53641212557389e-47,0.467101770137413
1.88645131554446e-35,0.401176617357792
5.93574826989096e-49,0.416520403433639
6.40736866490315e-42,0.812807401563333
6.33116666096193e-48,0.309240572509463
4.9921054870195e-49,0.574856455769463
1.74092165767567e-47,0.611612277146583
5.35433484656364e-48,0.579072094503939
3.12995215196227e-48,0.771089255867428
6.09908750633741e-49,0.452607073766981
9.47486451980406e-44,0.849399158845136
2.771652172795e-43,1
1.15815910460012e-37,0.561992944905221
1.36089409914448e-44,0.0685872364253063
4.93091923570726e-44,0.229142155483636
1.13792397692657e-48,0.0905169160052388
4.47775157229541e-46,0.214913862283039
2.19199828071451e-39,0.100040243692481
1.49756082465084e-46,0.536394519299673
3.75168159250209e-37,0.517382875823822
6.82769004659635e-44,0.293504840755598
1.53033581186094e-42,0.454806808168244
6.64982221682894e-48,0.0786421761275434
1.28885599180887e-44,0.840290038758905
7.3869279696272e-39,0.138870371212301
3.99798874981623e-36,0.189661634249479
1.055050853381e-33,0.0204218031764415
1.70739092481181e-46,0.517082341049566
3.5690223248079e-46,0.792296168127793
2.14202740883337e-41,0.809583022012978
1.928507736514e-38,0.944993671233973
2.31773094558755e-42,0.83777223235656
2.51769488750374e-50,0.571868935287981
3.84462436223558e-47,0.188669332782831
1.2600181838074e-37,0.351256568935066
5.83992182383094e-34,0.961109621199727
2.26398895871736e-43,0.779219244910002
3.23576438337931e-43,0.870368121011591
5.4905467062161e-48,0.425129792022648
1.4853712830811e-45,0.811129384539337
2.8962362214857e-42,0.313587294364428
8.30731727123866e-43,0.425158193375869
1.74342307733003e-45,0.217637174284123
9.55382911268499e-49,0.127125958074859
4.93067440109521e-39,0.509084974745849
7.29630171070044e-52,0.328395675810517
3.71955132404579e-48,0.755523539926688
5.44156416584387e-43,0.768177130530445
7.83401028829367e-43,0.569320893974994
7.15824634726785e-44,0.0808028616030255
9.22532650054074e-44,0.527098978226255
2.41859371624312e-49,0.783676843963426
2.61692061007584e-41,0.894174587415579
5.47057837278523e-48,0.175652766120305
6.43746704062867e-45,0.0855275235154194
2.25102913895767e-41,0.508668344011276
6.52771350749395e-40,0.453779000068272
2.27800493451626e-43,0.867799410722333
3.26323184683798e-42,0.595199335654178
6.51325666869976e-41,0.412359796338932
6.48948467470388e-34,0.547033217714467
7.45317342899603e-44,0.259427836200741
6.59516447766425e-53,0.560979539411196
6.68608262288342e-46,0.0309363574227689
8.59000976660459e-49,0.800844886084058
4.63411034558211e-46,0.935926855848951
2.11256412343809e-43,0.970434270034414
4.29771445481037e-31,0.792953595233755
2.00811293302803e-46,0.34868065190164
4.75692066139339e-40,0.643768843515316
6.47809165022437e-47,0.716619532133616
2.8340343799662e-36,0.479685727556717
5.69094433123566e-37,0.244445950709073
2.87712088547197e-43,0.0450192297802136
1.51879020275859e-39,0.256144954838951
2.16256776103633e-45,0.789820027239176
3.43462944043063e-46,0.425833028650548
6.97352856750528e-42,0.256734090644152
5.19851186733044e-43,0.160178080311893
4.60194085593102e-45,0.881455354729041
3.31764900455481e-41,0.907361192508961
3.29473486376773e-43,0.16555204583315
1.48854713273911e-48,0.212601918810367
7.98697050233799e-45,0.889454749442469
5.71838100132987e-42,0.777893578703072
9.74387357174988e-51,0.677022515602013
3.99455055000402e-43,0.467061988436244
6.24425926705282e-30,0.751940217701403
8.3893508685975e-42,0.878187891726435
1.69526369862427e-43,0.849582590490952
1.30268363397245e-36,0.129563101975335
1.51439442687358e-41,0.0576851091760016
2.66228720348222e-42,0.829623212496382
8.03604772753627e-45,0.894803950105764
1.41865790843014e-43,0.175050220777175
2.82076543896366e-50,0.132377628465436
1.48336411486013e-47,1
4.47805108139873e-42,0.405248680570593
2.58608204145429e-47,0.960927909691511
8.03149353393439e-51,0.290040343302503
2.0564592006798e-46,0.6998691770772
2.85405511386272e-46,0.81009037641733
1.88741641219111e-45,0.257972113164098
1.79003791406936e-35,0.739844515144587
3.92260454613256e-39,0.664205201755498
2.50486348926065e-45,0.351785923697947
1.61809163599546e-42,0.761810258770094
5.57513532607616e-42,0.188436378838669
2.11301521460766e-42,0.560812673904922
1.37882172333044e-49,0.0561232511749619
5.56746426570305e-51,0.352243545621338
4.37296551597107e-51,0.665416673170588
1.76309423568372e-39,0.861963539180155
2.11677833368488e-48,0.809252912596159
1.73306694248686e-47,0.877472591937888
7.02781748341726e-48,0.291747729254097
3.32339964631121e-47,0.576558908235662
1.54840142295141e-42,0.0344798010171951
1.33841611718322e-44,0.541812973535529
3.91435451036778e-43,0.778419927059333
6.9066818246242e-43,0.597138471481563
2.63118590843834e-51,0.934198216795666
3.78494077460946e-51,0.593776415482555
7.28974437214156e-48,0.037391371233538
8.77133460709506e-41,0.797024810531625
2.44021004307619e-45,0.0973532116733539
8.19247895973669e-48,0.745722490233983
1.0716539310815e-47,0.643115589875416
1.16966622903241e-33,0.513495539684606
1.96719401268302e-43,0.412245929381591
2.89793776493625e-47,0.0223044057272549
2.06378786739753e-48,0.314554474081237
1.8748074806481e-46,0.0473077064206095
2.20167178262104e-46,0.130909874559179
1.57864201284759e-44,0.484343750551611
2.76003986400755e-44,0.0802856444313238
2.94318719186589e-41,0.774599428976209
2.65019111467089e-46,0.0699308898769139
5.15191330510983e-42,0.528841170486891
4.3336204723762e-53,0.0294862385054327
3.97665824803447e-42,0.402333070650892
6.9675668315067e-45,0.757587542999101
4.53003610915224e-42,0.404102715297025
5.09651112755359e-42,0.987352045331219
1.20996122681467e-49,0.198335440322227
4.51277764339812e-45,0.175132522211463
1.66156191368936e-46,0.953046807011751
4.75079195488793e-46,0.134835428443372
4.64596895890878e-44,0.659058592720734
1.13536712259077e-41,0.57483083119325
7.26739111478493e-47,0.340323606458835
3.96751651361111e-39,0.559227518618359
5.46220249617152e-27,0.905012708717835
1.49697314625899e-43,0.933933575418093
6.48772275907631e-47,0.637183759265376
2.47712674070081e-34,0.59352493966808
4.49603852853735e-40,0.41431414800297
8.18577726458038e-44,0.963907690955686
2.14024437958041e-47,0.0797196758378154
1.81852982030693e-48,0.0186233320574144
2.49018553452887e-36,0.51817610571574
2.63082675094044e-42,0.156222110915599
7.21698397662937e-51,0.733885922515674
2.18446551631232e-42,0.0446975717884801
6.28777591691723e-38,0.470731758455159
2.84889009861315e-47,0.752425352796045
4.55491684175475e-35,0.91179159212868
1.34675758123679e-47,0.597757234505576
2.37909917202809e-47,0.588214656223253
1.27988575065873e-42,0.560502077570812
1.42482850567521e-45,0.658517998276468
2.22971793448475e-39,0.597318741864341
6.27689603362085e-42,0.446656821626757
4.34101767745166e-44,0.428074485600814
6.09813360785952e-42,0.850452751902873
5.3969967323978e-34,0.0956933667310219
2.49150950275842e-38,0.655531191154873
3.91743006295757e-42,0.919352398656883
6.96381622130025e-43,0.249013993783347
2.66763405169449e-43,0.831594476319983
4.19688505335847e-48,0.397095347565653
9.58945401723117e-39,0.963541821935387
1.88736531733651e-43,0.935345584695008
1.0852529361684e-38,0.386789323476751
2.23703564826063e-42,0.445235844476042
2.95338754045202e-45,0.239564239953875
6.46530736849537e-34,0.84795294497099
4.10978534751576e-42,0.736793137864749
5.68000429603298e-43,0.833319759256355
1.91076349446334e-36,0.838624175775056
1.65569760031221e-43,0.633166661871274
3.23196695501316e-52,0.0179639128023652
1.47186984270119e-46,0.675391840008886
2.48396771514602e-45,0.485362983211659
5.34816326626845e-36,0.398474505858466
2.59472337274659e-47,0.292036538531477
2.5961764816478e-43,0.570241140576212
9.86202153248003e-47,0.375510454705353
6.99643474342859e-47,0.81804025771503
5.01712043234339e-42,0.56841429760076
3.67172752690698e-44,0.550049499697442
1.18837810661873e-47,0.331365200346607
4.33339356051716e-46,0.939622789922955
1.03251181843798e-44,0.0910175720961365
2.93804706143041e-46,0.0898127935903229
1.84596672240212e-41,0.70721650647121
1.46087153125071e-44,0.806187079909121
5.29218745105372e-46,0.0635394542962493
2.71325841448025e-49,0.817249814337292
1.87387523886762e-52,0.3884635830051
2.60088639189773e-42,0.191773748454003
1.09002651630587e-49,0.961555822377796
1.24128114546055e-46,0.224177766324117
8.72527454914786e-42,0.0965051803631711
5.53036649950009e-48,0.776588971617829
1.776839427209e-45,0.118952869000946
1.98110135099436e-38,0.214795145876323
5.51226608090103e-39,0.761909326669093
5.62576714326472e-42,0.413436685106992
2.99881534838412e-45,0.202617677220614
9.06404014640022e-42,0.713967336997613
2.82884909349757e-46,0.200945321832326
1.64838248678904e-39,0.804798710386534
1.86169337665378e-40,0.372831611601859
3.33704528801369e-46,0.901446982005377
5.23910629369535e-44,0.191638261673828
2.57312944366732e-42,0.334555755137531
7.42445809173922e-34,0.579456290993553
8.35346642399531e-47,0.423663325791988
1.70841975281035e-46,0.0702590764866969
1.60730028644299e-46,0.467140214856727
1.38248782037273e-42,0.64026316571717
1.38287529323317e-43,0.973651176739137
1.64237816660348e-45,0.528476128820666
1.17291209746681e-42,0.663761871147695
9.32854139852342e-40,0.541798571755986
9.44780832155473e-46,0.895203509509834
3.24373229310659e-42,0.726762151727792
8.58406925094279e-47,0.290219815698032
3.60755868279798e-48,0.125774302964295
2.95729476975497e-40,0.755557813705844
8.64758939916767e-43,0.586867805721076
5.39942519085094e-43,0.859880412511221
1.51218854564734e-40,0.176431498910162
1.06954624433542e-46,0.972605501547207
2.85561919939116e-42,0.806097909887308
1.75207055061278e-45,0.0964138799169292
6.4869271602793e-44,0.745791899811471
7.4037150060526e-46,0.281294745249282
6.9064603172075e-48,0.692735727439882
3.97899175473647e-51,0.958591624087679
8.92963322761183e-45,0.745992550829417
2.85619858517621e-39,0.699679138121633
1.52201586012073e-34,0.766359090251898
5.37978941544557e-47,0.395483311181326
4.2635368889821e-43,0.404835924835717
5.69638376626458e-49,0.320350562507819
1.48855249257921e-47,0.0945833994046704
3.16702741484421e-46,0.577971577589749
3.48588913679004e-40,0.395295373177585
1.29864374564731e-41,0.536199593898046
6.51839984973615e-43,0.492439623419113
1.44236512505787e-44,0.0220660104056036
4.15168914324695e-45,0.440234448574411
1.1739530062829e-46,0.462703985468478
2.19763418200469e-44,0.119709153725398
5.066966529275e-38,1
2.77197761057127e-42,0.902535449956143
2.41439867945832e-44,0.84956399274513
1.99290267206511e-42,0.0971455894283609
4.3327542201774e-49,0.122918811724951
6.46865522337948e-44,0.425670894366767
1.00151980182486e-42,0.233966693462613
4.55103636910553e-44,0.673752720781372
1.08061684747124e-46,0.985024177007692
6.88708906470697e-43,0.0985625025444221
3.50532907361616e-46,0.0695876804899713
5.21886530127757e-42,0.345249208895691
6.49659311199696e-48,0.730352860357098
2.07323424216861e-43,0.723220768921508
