"","n=10","n=15","n=20","n=25","n=30","n=50","n=75","n=100","n=500"
"1",0.399326025914385,1,1,1,0.300710836330071,0.557627472476678,1,0.386119531195712,0.380552579462579
"2",0.788275512585179,0.701719482755078,1,0.283189675381747,1,1,0.400486049957544,0.359851139685859,1
"3",1,0.628350793033104,0.196667871009803,1,1,1,1,0.124222378753643,0.912997446768755
"4",0.0934044267977213,0.666030952580488,0.576455887502552,1,0.405358469930632,1,0.283664970115445,0.774180614609083,1
"5",0.425583964029501,0.776414607679501,1,0.91697534358409,0.246901764759391,1,1,1,0.0137650463870927
"6",0.103210232802442,0.218505849797543,0.919582873847857,1,1,1,1,1,1
"7",1,0.273462476605762,1,0.697640973674977,0.164872185658172,1,1,1,0.692341154891577
"8",0.864119642101529,1,1,1,1,1,1,0.173908303806499,0.906238527638253
"9",1,1,1,0.934569542634484,0.809173217583467,0.938287861442679,0.123734109867119,0.0904673249009186,1
"10",0.100906484041604,1,0.809045772970904,0.71113131827785,0.650173932351844,0.230680671834843,0.977784961963028,1,1
"11",1,1,0.716581103588898,1,0.424948482686489,1,1,1,0.34677056626294
"12",1,1,1,0.0881340830341796,1,1,1,0.268619478919552,1
"13",1,1,1,1,0.468584014274959,1,0.181671267469382,1,0.94847347133468
"14",0.627477730569695,0.443182773722434,1,0.112167387705888,0.717902234808414,1,1,1,0.273372449450729
"15",1,1,1,0.795703000041888,0.41384888798176,0.0676298648410281,0.890909195173912,0.828028801222881,1
"16",0.888634261536898,0.149170915119169,1,1,0.403292246461603,0.0572040576888913,0.176193130562335,1,1
"17",1,1,1,0.670248568487423,1,0.278045431092496,1,1,0.0551934831169196
"18",1,1,1,0.727991549046583,0.583787675902626,0.795501186877022,0.652748387078122,1,1
"19",1,0.996928628720653,1,0.173247742243822,1,0.753027509315292,1,1,1
"20",1,0.495008830304112,0.46477132363917,0.510786977948507,0.927912622421981,0.353255155841533,1,0.484669873244067,0.521284713888637
"21",1,0.80998443190989,1,1,0.889566446835433,1,1,1,0.625772325355009
"22",1,1,0.736166832735942,1,0.231545173060077,1,1,0.991653675307064,0.509185447609617
"23",0.994121071048255,1,1,0.618146363141449,0.0539222841655332,1,1,0.0237780752133594,0.595198481924637
"24",1,1,0.474966416376205,0.293256170409858,1,0.0699303337994742,0.937492671229548,0.882082141078113,1
"25",0.750416138482404,1,0.563728365464248,1,0.571972467725466,0.575622825670959,1,0.728242906209964,1
"26",1,0.880981345512225,1,1,1,1,0.992292283728675,0.615602698070832,1
"27",1,0.907469303273951,1,0.241041827229676,1,0.661880612372221,1,1,0.950873061583293
"28",0.253767126520668,1,1,1,0.720843292211659,0.578985045751316,1,1,0.737157147995258
"29",1,0.28510675889402,1,0.726173033394985,0.799823887585555,0.730220422461513,1,1,0.975115069358501
"30",1,0.214644658352295,0.831296590864767,1,0.577574469327991,1,1,0.704020569213256,0.843552736811315
"31",1,0.951897242020311,1,0.698531641396132,1,1,1,0.335965635823627,1
"32",0.919219994221719,1,1,1,1,0.593891032056479,0.153903276815007,1,0.956737676104525
"33",0.282089202091007,0.180651881759236,1,0.506420595496516,0.969603576476805,0.751590520636721,0.518725246336703,0.728380734198397,0.840606763298391
"34",1,0.773620717924811,1,0.957813821613653,0.328660434004395,1,0.890309666260636,0.380950608043232,0.74763267358638
"35",0.5239219908435,1,0.660331842866965,0.397563146762403,1,0.996119594302728,0.497369435177667,1,1
"36",1,1,1,0.693474777341099,0.979014885307254,1,0.584564825745201,1,1
"37",1,0.510240878891263,0.83083817472422,0.999386849479308,1,1,1,0.756406836085279,1
"38",1,1,1,1,0.765001255278179,1,0.724360368325487,1,1
"39",0.882331799917129,1,1,0.665525046240383,1,1,0.466030467143479,1,0.301982235277241
"40",0.894650789608507,1,1,0.451421735269811,1,1,0.590813067077134,1,0.866861298833111
"41",0.7441822439464,1,1,1,0.351962262784769,0.334027263635702,1,0.925020736630692,1
"42",0.271094445142123,0.836241333190974,1,0.226251985464899,0.61252067311596,0.317747508742674,1,0.647610568867472,1
"43",1,1,1,1,1,0.956088758558526,0.363054546275422,0.332288189088688,1
"44",0.636534519292246,0.251122148583383,0.293599606635137,0.940321309930436,1,1,0.612154116667494,0.176956794255691,1
"45",1,1,1,1,1,1,0.963557301021071,1,1
"46",0.852299724703748,0.177022236519694,1,1,1,0.701182918202813,1,1,0.926542436347434
"47",1,1,1,0.397096846760235,1,1,1,0.122503828791851,1
"48",1,0.539574949159394,0.768293616019027,1,1,0.0720997386735301,0.84368990560579,1,1
"49",1,0.164102592312919,1,1,0.346884089499684,0.30977567752387,0.452822535398913,0.41881616015808,1
"50",0.609640567994316,1,0.629906996316402,1,0.629301374145944,1,0.311356572616744,1,1
"51",1,1,0.984261559991889,1,0.813992862292325,0.717266242762049,1,0.0190265777771858,1
"52",1,1,1,0.245050564658529,0.75413682696397,0.513411462231783,0.429355715379338,0.614676721266551,1
"53",1,1,1,1,1,1,0.647543340376566,1,0.819656327217301
"54",1,0.584441444036595,0.987942399440048,1,0.397064773613225,0.20780928936525,0.63485168861932,0.845158523692657,0.516176280649022
"55",0.89703292568452,1,0.0279359132842875,0.740613366919376,1,1,1,0.78245255732822,0.538951649553237
"56",0.714391130338709,1,0.662403077076766,1,0.46736362337942,1,1,1,1
"57",1,1,1,1,0.783893552611165,0.173360912072516,1,0.649362739019053,0.188318870482807
"58",1,1,0.143083184061332,1,1,0.641951597316733,1,0.14297626636163,1
"59",0.893869598904213,1,0.345113203576988,0.411856054306337,0.110676624435439,0.498096056746601,1,1,0.934196359067132
"60",1,1,1,1,1,0.595103412269752,0.552813786419946,1,1
"61",1,1,1,1,1,0.885789286327901,1,0.280627126334264,1
"62",1,1,0.89695390681542,1,0.25204586104813,0.0220055524287168,1,1,0.153580616075194
"63",0.816354321083733,1,1,0.625386090082595,1,0.476126640845148,1,1,1
"64",0.650651325618133,0.960275482095108,0.099152575598867,1,0.911390154589457,1,0.535060285692122,0.738821532435969,1
"65",0.362932673239233,0.623990277664378,0.291635142841513,0.228296610723649,0.623997767147717,0.792262108860357,1,1,0.88526527740617
"66",1,0.289671287018805,0.936297800274432,1,0.454904013032174,1,0.913073927182742,0.0551383154440024,0.919039863184142
"67",0.124600631548522,1,1,1,0.735170659782046,0.987657378607987,1,0.816061076945502,0.266041849503161
"68",1,1,1,0.0762824322826707,1,1,0.33548710933284,1,0.998332754326913
"69",0.482791627400361,0.418028074396585,1,0.461885123337549,0.45588885601655,1,0.376601062539959,1,0.667125204427071
"70",0.937002089980383,1,1,1,0.747837667541879,1,0.540388937646778,0.453976226288638,0.996265407167603
"71",1,1,1,0.861679853797275,0.660354585633637,0.365943028001124,0.0608372339710124,1,0.526303784465627
"72",1,0.651362219292708,1,1,0.337509031655537,1,1,0.936072000116967,0.625484579123817
"73",1,1,1,1,1,1,0.534566619427177,0.791657597610932,1
"74",1,1,1,1,0.769892847968018,0.635457865734045,1,1,0.584898700990991
"75",1,0.438163853207566,1,0.575361260983632,0.844498744340901,1,1,0.0820135741423263,0.312411958630988
"76",1,0.816365668647214,0.496342199557204,1,1,1,1,0.417682144785174,0.625632500281048
"77",1,1,0.466690032938639,0.143377519099882,1,0.325020087558104,1,1,0.714617307265411
"78",0.917051367682021,1,0.797398850885376,0.94720909529666,1,0.954799025119003,0.999111373467807,1,1
"79",0.885992098755367,1,1,0.359162930435686,1,0.841943062853885,0.0197858793082402,0.562088736172571,0.113827344320509
"80",1,1,0.5249069741604,1,1,0.600859966037699,1,0.0638295685605504,0.861537041334862
"81",1,1,1,1,0.971467655839841,0.993047627486229,0.689269125688011,1,0.697799550975672
"82",0.626995385281387,1,1,1,0.999607253019353,1,1,1,1
"83",1,1,0.891637553942887,1,1,0.242838722602573,1,1,0.79857178034929
"84",0.350669687312726,1,0.35194049339993,1,0.925442461392131,0.218916981762459,1,0.708797004713293,0.83337892535728
"85",1,1,1,1,0.318764372973727,0.184281902766347,1,0.535890120940817,1
"86",1,0.103859393561515,1,0.111308227829374,0.265719092802769,0.38591025855649,1,0.973191892693135,1
"87",0.0986279227526525,0.325345955581887,0.301449872276469,1,1,0.270660268320985,0.373255478276402,1,0.677266801614241
"88",1,1,0.0418072298036801,0.681707792402303,1,0.266369605225903,0.72728985859056,0.43948039546259,0.580122293518934
"89",1,0.0610109407911337,0.532045188387169,0.738844498518648,0.979280109675725,1,1,1,1
"90",1,1,1,1,0.746722981714781,1,1,1,0.0137465261771481
"91",1,1,0.709930432546628,1,0.174229242728129,0.193677017139121,0.328518840725,0.816605408601556,1
"92",0.509110740120403,0.538215681820416,1,0.697546747128187,0.886741322224151,1,0.93377381589963,0.405951320834764,0.543108165069307
"93",1,1,0.226851415551943,0.106981890094011,0.545443211453534,1,1,0.351856412912232,1
"94",1,1,1,0.952570963310205,1,1,0.552256195203135,0.944150193934295,1
"95",1,0.872130188004424,1,0.234438195010633,1,1,0.679232147268851,0.885137581531623,1
"96",1,1,0.804628185722747,0.613062569449564,1,1,1,1,1
"97",1,1,0.620305395557954,1,0.583733141075316,1,0.851337711432233,1,1
"98",1,1,1,0.570641170971975,1,0.251748642462702,0.333818887575592,1,1
"99",1,1,1,1,1,1,1,0.568665323966549,1
"100",1,1,1,1,1,1,0.408552986027488,1,0.62732250004947
"101",1,0.487797135512701,0.740011810022116,1,0.355946912032244,0.806576810351089,1,1,1
"102",1,0.168091173337635,1,1,0.869184415357336,0.316537397309466,1,1,1
"103",1,1,1,0.99831697847479,0.114072291877561,0.345339552888109,1,1,0.435482546777814
"104",1,1,1,1,0.623320433044549,0.0487072248009231,0.855882686266381,1,1
"105",1,0.434675756070664,1,1,0.557162062935273,0.170319389198103,0.136635861946128,0.0935044785861293,1
"106",1,0.425582956353243,1,1,1,1,0.226793977833881,0.863481104531294,0.413865789033015
"107",1,1,1,0.905407586518587,1,0.689987359168902,0.747681249910299,1,1
"108",1,1,1,0.24176992384385,1,0.37987283216905,0.437788919973145,0.0778767764611188,1
"109",0.447925009358274,0.896066092894042,1,0.143718935874482,0.0849083245492044,1,1,1,0.524165859760545
"110",1,0.970196574985209,0.610100588689743,1,1,0.221180776654743,1,0.782406660014685,0.493238315569303
"111",0.35432739532415,1,1,1,0.423083111866593,1,1,0.979628160916432,0.395079330595054
"112",1,0.987302871228633,1,0.833175389867329,0.771521627208588,1,0.634889276638899,0.422919646434493,1
"113",0.465392829103236,1,0.317948374968857,0.986222647883694,0.665496260236636,1,0.773592274893288,0.22193743153029,0.79568318915965
"114",1,1,0.330189914875192,1,0.742595779282435,0.852643977667984,0.396560959708143,0.0156398858960039,0.682145631288984
"115",1,1,1,0.651236923448319,0.325928843174539,1,0.891089538685484,1,0.870656082393987
"116",1,1,0.680516431358445,0.969593811349102,1,1,1,1,0.874099471819252
"117",1,0.394610032704024,0.400878475130231,1,0.51520590301794,1,0.840753587169374,0.825123079145497,1
"118",0.0965443045441486,1,1,1,0.490350648149381,0.29270859481659,1,0.506106187235326,1
"119",1,1,1,0.170737980678779,1,1,0.474532537992552,0.282821322298424,1
"120",1,1,1,1,0.526318792092377,1,1,0.812736572861276,1
"121",1,1,1,0.409687032606153,1,1,0.132275891980616,0.558223938448446,0.407953632101346
"122",1,1,0.928232069257201,0.398530472359428,0.789046483454171,0.721554801212792,1,1,0.729717296551377
"123",0.755718435215903,0.890419357943528,1,1,0.715190394612361,0.552333276068209,1,0.308425447166006,0.257286225260352
"124",0.598876012868535,1,1,0.226144536718056,1,0.689986197616044,0.97319466098535,1,1
"125",0.856059805586401,0.377436069923229,1,0.171454080416934,0.511679123699883,0.624043870220117,0.46518870202032,1,1
"126",0.935985253555888,0.209366026355191,0.190243062830018,0.990017147360841,0.422370754794879,0.740663207804341,1,1,1
"127",1,1,0.818438042198842,0.456193365686629,1,0.893990819111029,0.254019410369449,0.0236349451263585,1
"128",0.184187742361205,0.984469337371368,1,1,0.375314449243397,1,1,0.970937370598716,1
"129",0.261112044975067,0.653682746189444,0.229948249140457,0.229115066095087,0.922197514510581,1,1,1,0.189593452492202
"130",1,1,0.291733658142564,0.53500611582151,0.22093625958459,1,0.83550215678677,0.438978368251803,1
"131",1,1,0.56251289710954,1,1,0.979961140338958,1,1,1
"132",1,1,0.76460334488113,0.54541341313244,1,1,1,1,0.7964286364841
"133",1,1,1,0.7061216786582,1,0.759288115376529,0.980406718904056,1,1
"134",0.0466939561521242,0.75675601486711,0.781141405594356,1,0.101586245692409,1,1,1,0.831057616294622
"135",1,1,1,1,1,1,0.899102063918774,0.687556520076075,0.241538152484788
"136",1,1,0.83580352453772,0.763020313750098,1,1,1,0.882166227165413,0.917672423225597
"137",1,0.509558823571476,1,0.928684344843052,0.748746552549,1,0.152596051263935,1,0.376223440862531
"138",1,0.420711911156061,1,1,0.980262089555342,0.218579079973192,1,1,1
"139",1,0.0866958303505638,1,0.829968852673533,0.916874706321262,0.900481817029917,1,1,0.304968720730774
"140",1,0.98375391048356,0.788139413918428,0.945281854165959,1,0.0289711214872999,1,0.772996701727457,1
"141",1,1,0.697895951611003,1,1,1,1,1,0.904659263062003
"142",0.649908609031284,0.75196775604143,1,1,1,0.814966466162943,1,1,1
"143",0.202467975499351,0.483143498420129,1,1,0.631158929720691,1,1,0.946238145831246,1
"144",1,0.714710400388581,0.763049841338597,1,0.469376835298115,1,0.856472397376638,0.0537250699732983,1
"145",1,0.353177576394089,0.39056290510596,1,0.597212351231873,1,1,1,1
"146",1,0.563668133439206,0.40123560280668,1,0.21244216905916,0.587403584421995,1,0.38164243089736,1
"147",0.822212442443805,0.894564281404221,1,0.661127448771567,0.772332747666347,0.430766744150111,0.353713950484265,1,0.66974830315256
"148",1,0.762814397635279,1,0.745580302034675,0.966198384823594,0.28918520969177,1,1,1
"149",1,1,0.766540161402544,1,1,1,0.277880715127601,1,1
"150",1,1,0.895932093553464,0.0698658969865374,1,0.197660995440686,0.831804991385527,0.967696686868759,1
"151",1,0.882285169447468,1,0.644827446732523,0.882340324641837,0.181701675394426,1,1,1
"152",1,0.703097660533081,1,0.655781323289494,1,0.705647300030811,0.055436253600567,0.902831873928482,0.235543198875412
"153",1,1,0.740134341806268,0.863639233082823,1,1,0.397513091064332,1,0.287215315655209
"154",0.753905072116203,0.894586413498112,1,0.242679368256059,0.851899727203879,0.280871128972262,1,1,0.73644128754511
"155",0.206373769733612,0.637302698364579,0.563881928734484,1,1,0.452898654854072,1,0.205969105300881,1
"156",0.879280481471867,1,1,1,1,1,0.986104793911632,0.0397225626970567,1
"157",1,0.6797119196062,1,1,1,1,1,1,0.213309844343452
"158",1,1,1,0.366404856028791,0.182070178632231,1,0.514675987704222,0.747324384449763,0.715527103120845
"159",1,1,0.215170461382156,1,0.327447394071305,1,0.767554277484861,0.567410815560855,1
"160",0.364607621607656,1,1,0.406101669557929,1,1,1,0.805009731497783,1
"161",1,1,0.895021141309025,1,0.376193516954081,1,0.275886201725755,1,1
"162",1,1,0.842380523762845,0.221192568562822,1,1,0.814478610754113,1,1
"163",1,0.575673238386562,1,1,0.133582928107883,0.817625506566855,0.806566704382384,1,1
"164",1,1,1,0.888469920382408,1,1,0.143902035246087,1,1
"165",0.350377362616757,1,0.46446939290863,0.326118652592963,0.45526642082159,0.95207852601784,1,0.431075259401798,1
"166",1,1,1,1,0.581435839222005,0.739759330790397,1,0.675310395754519,1
"167",1,1,0.776678804749553,0.52511268475235,1,1,1,1,0.753111188092703
"168",1,1,0.123565023365372,0.666097082920851,1,0.791652809363657,1,0.421377923890517,1
"169",1,1,0.748513915573324,0.923573726426385,0.845030017841609,1,0.213060821944761,1,1
"170",1,1,1,1,1,1,1,0.923527897269633,1
"171",1,0.270322744881134,1,0.11951115979993,0.350836529231876,1,0.960519808459424,1,1
"172",1,0.46031731724049,1,1,0.600833514770674,0.212845664364475,0.355617891483159,1,0.0888086018211931
"173",1,1,1,0.278733988365545,1,1,1,0.154996804245566,0.927302715889419
"174",1,1,1,1,0.190554098782223,0.708799157526201,0.919842563991509,0.841288890596608,0.536925154614812
"175",1,0.990281489543277,1,1,1,0.36910064771259,1,0.525466384087013,1
"176",1,1,1,1,0.0494894931620347,0.51762518266625,0.83845071341328,0.24559267179786,1
"177",1,0.824432654067723,1,0.963023219087554,0.078515356315198,1,1,1,1
"178",1,0.496922563797623,0.764408201190965,1,0.92975855743181,1,0.0330158954484701,1,0.631105096259577
"179",1,0.685017858327467,0.753557606598506,1,0.75562832561905,0.321017463063154,0.809506032506253,0.995371705908738,0.919547594306011
"180",1,0.178211815741115,1,0.471150872213279,1,1,0.801074173616855,1,1
"181",1,0.904656793397538,1,1,1,0.794438949759228,0.909167993154893,0.789187255201281,0.702176535214842
"182",1,0.897549142659268,0.776805639028401,1,0.769260963185909,1,0.712920351304902,0.569484161944114,1
"183",0.925921233552952,1,0.59737753934117,1,1,0.160759408180321,0.551634048063279,0.605336942398008,1
"184",1,1,0.872987670428751,0.984997813409936,1,0.0762574342306075,1,0.359571787771306,0.281699085208897
"185",0.581859330923989,1,0.0655839901869919,0.782773809758391,1,1,1,1,0.307012461184828
"186",0.766928271907122,1,1,1,0.312667973061235,0.912162708675717,1,1,0.482770306468198
"187",1,1,1,1,1,0.640840260894794,1,1,1
"188",1,1,1,0.645975746147997,0.926873447447024,1,1,0.680484966373358,1
"189",1,1,1,1,1,1,1,1,1
"190",1,1,0.402251980629446,1,1,0.096211990638165,0.209089773819679,1,1
"191",1,0.721130496987891,0.724757170666742,0.552239981497646,0.183575819845847,1,1,0.130108741094896,0.368761510324707
"192",1,0.404140401221189,0.642203870222187,1,1,0.717107414988861,1,0.741274093066403,0.758903150530895
"193",1,1,1,1,0.921684361608862,1,0.780946311179503,1,0.80333515489987
"194",0.147701020096098,0.614048324051347,0.325347704482555,0.912769224623833,0.308908587648439,1,1,1,1
"195",0.383432518430529,1,1,1,1,0.590388338830679,0.588636751036052,1,1
"196",0.0457325172228357,1,0.414605323027823,0.521942708459388,1,1,0.684991251330912,1,1
"197",1,1,1,0.375234285164888,1,0.242872016632424,1,0.417207933394899,1
"198",1,1,0.46483361355829,0.309851931224178,1,0.486973636706941,1,0.568273474866827,0.656898392755884
"199",1,1,1,1,1,1,0.638308508340066,0.0386709457946954,0.868621163109571
"200",1,0.384366735178351,1,1,1,1,1,0.689077625899956,0.376921560223387
"201",1,1,1,0.313785035331595,0.351228816157155,0.0831615633310262,1,0.381689851276114,0.702353810190616
"202",1,0.898438708176465,1,0.769213342124223,0.722534832149175,0.670428565018272,0.511778539659391,1,1
"203",0.852803533397112,1,1,1,0.566778450882707,0.326415741758785,0.74026572738221,0.363630657526854,0.298633782080833
"204",0.3880771858613,0.760654232102191,1,1,0.921121007454324,1,0.570629380739471,1,1
"205",0.193925631539411,0.347350897301406,0.878719136302739,0.710075492387572,0.537825957988325,0.394401831296399,0.0858638875553687,0.996412246604623,1
"206",0.0197207267350492,0.779086267545853,1,0.850257397070629,1,0.41633038639596,1,0.11322203515789,0.610927930913026
"207",1,0.421289929586503,0.805947931899177,1,0.547255628723919,0.62854749807105,1,1,1
"208",1,1,1,1,1,1,0.661937330444236,1,0.177332466822984
"209",1,0.179859718196521,0.592316458731523,0.961093955934615,1,1,0.781791804145245,0.457656736239475,0.701704039030694
"210",0.655633149038859,0.826191048521141,0.859879934801871,0.593426910022158,1,1,0.360696767388423,1,1
"211",0.925145718623781,0.922927343621492,0.170394576884567,1,0.228283061182494,0.233112492043253,0.186548656178909,1,0.114859146954166
"212",1,0.59306405262604,0.819722972747443,1,0.0698885547046215,0.619305494450991,1,1,1
"213",1,0.260635969670671,1,1,0.796049450054309,0.946430754196611,1,0.821684245184842,0.566816754703136
"214",1,1,1,1,1,1,0.296242631262126,0.401039455742569,1
"215",1,0.390431596341456,1,1,0.309562161737893,0.205375991865301,1,0.822326797306198,0.637377618364642
"216",1,0.961425515585816,1,1,1,0.0990633679476614,0.994227076019744,1,1
"217",0.116949006078525,1,1,1,0.472232223387496,0.146180574936502,1,1,1
"218",0.709982124003464,0.294984140591828,0.925301084365182,0.393476691805639,0.872015811389151,0.28516805480714,0.503857626870415,0.973003631311383,1
"219",0.485693120291712,0.872212327205116,1,1,1,0.340596759801341,0.0418837910645934,1,1
"220",1,1,1,0.247245177319089,0.549284929085824,0.234626568902022,1,1,1
"221",1,0.624399777411278,1,0.758306265805262,0.0627651296811793,0.637783775354711,0.0342121793307546,0.968421245743123,1
"222",0.682232433225511,0.39046472086803,0.887707869140872,0.874179078407005,1,0.442112303603411,1,0.935993392224344,0.888091791950704
"223",1,0.0145202811384522,1,0.531441743506459,1,0.847319043874796,0.499532693426336,0.0485367783831144,1
"224",1,1,1,0.834963903479904,0.668276450507855,1,1,1,0.989124694158872
"225",0.963709047267463,1,0.951688786562707,1,1,1,0.358897307676737,0.926445195425896,0.7311610672888
"226",1,1,0.481780566236136,0.337419831414604,1,0.565890377923512,1,1,1
"227",1,0.069050234094104,0.870095518989324,1,0.223524237057573,0.0548224192319901,1,1,1
"228",0.420235034126323,0.53409667450629,1,1,0.550436948458112,1,1,0.708636129807806,0.309632579742668
"229",1,1,0.403481500047919,0.900136959233134,0.347164598865915,1,1,1,1
"230",1,1,0.301191050833247,0.313365655033589,0.97655931715282,0.668588562133135,1,0.74494452106861,1
"231",1,0.793473010184218,0.211846138199346,0.451731514932674,0.760590807556888,1,1,0.159071958071394,1
"232",1,0.894925438552712,0.41643300310429,1,1,0.665368883172506,0.347820687642116,1,1
"233",1,1,1,0.887399612946207,0.608968013388279,0.116684710758906,1,1,0.971031872827162
"234",0.872552737662264,1,1,0.389718141558708,1,0.194739238706337,1,1,1
"235",1,0.706246444750729,0.97115330280731,1,1,1,1,0.721080051052925,0.746649563751797
"236",1,1,0.0891490962589213,0.132662700967072,0.419544774912143,0.684538092774828,0.979926797000871,0.516751156209588,1
"237",1,1,1,1,0.396446869532424,1,0.80254098962879,0.680044863835741,1
"238",1,1,1,0.638257860559834,0.846516692137628,1,0.920725015650932,1,0.939674166507845
"239",1,0.505590002883078,0.104378402883299,1,1,0.140770907440522,0.772722906592793,0.876174653551522,1
"240",1,0.156422408667136,1,1,1,0.158040574528662,0.141487921425121,1,0.30450120092352
"241",1,1,1,0.597323444535571,1,0.511696990351248,0.752907495581094,0.0925079607899471,0.928533987790505
"242",1,0.743603161338204,1,1,0.993573655450955,0.416704768596037,1,0.797761973203151,0.00917057417813625
"243",1,1,1,0.362170647615877,0.591419995584325,1,1,0.908834417772914,1
"244",0.870594152219417,1,0.995525926580942,0.882264195083998,0.859567533964343,0.892537838384282,0.761788120504531,1,1
"245",0.696376838607943,0.154051544472893,0.119367260966542,0.294243368837432,0.912537661911496,0.627214603815491,1,1,0.778356629036059
"246",1,0.369839714872795,0.147799857131939,1,0.065864782128003,1,1,1,1
"247",1,1,0.127502740042686,1,1,0.482735081006202,1,1,0.243578324391482
"248",1,1,0.77822683549009,0.348291641869593,0.572110886973889,1,1,1,1
"249",1,1,0.0714806318589905,1,0.482583142266563,0.483145167673479,0.530761016403742,0.52092297766078,1
"250",0.642996562764811,0.221719540701404,0.77039814267635,1,1,0.831894395075469,1,1,1
"251",0.481739863530748,1,0.804523008206651,1,0.0436547622719027,1,1,1,0.733513419273882
"252",1,1,1,1,0.133847221775246,0.292158964132927,1,0.635366431215207,1
"253",1,0.732692686136605,1,0.983552761018426,0.320448326494475,1,0.543525574154221,0.744433519088943,0.897626240664672
"254",0.349270257858536,1,0.48698525745704,1,0.206918603032146,1,1,1,1
"255",0.853530117889158,1,1,0.542810602865519,1,0.847952386283558,1,1,1
"256",1,0.577658146426654,0.9275980802156,0.484222704185932,0.968491238524929,0.232616412838003,1,1,0.490814875255185
"257",0.417695534134421,1,1,1,1,1,0.653323368382092,1,0.905398187116213
"258",0.533888672339128,1,0.75557694489332,1,1,1,0.663111077573418,0.388937813799364,0.977746656362375
"259",1,0.549603899195919,1,1,1,0.874440391384499,1,0.394763969154786,1
"260",0.41871682154083,1,0.685455077318214,1,1,1,1,1,1
"261",1,1,1,1,0.688223061743189,0.174639893574484,1,1,0.704362336311117
"262",0.924105053449392,0.502523557375806,0.557894010436003,1,0.748983828975592,0.837250883211448,1,0.148551158704113,0.660591654901617
"263",0.97936229570894,1,1,0.688768910809138,0.791153715390371,1,0.0988687611410731,1,0.99560475481482
"264",0.871966633334142,0.338403789931164,0.272022265649741,1,1,0.891661265667236,1,1,1
"265",0.203303603458109,1,0.38888799695097,1,1,0.281677144125704,1,0.553828604662652,1
"266",1,0.541147774877632,1,1,1,0.943930624332479,1,1,0.764077341290849
"267",1,0.787210057741849,1,1,0.998518308460372,1,1,0.938118998574099,1
"268",1,1,0.274008408624613,1,0.494280022717671,1,0.153606179749532,1,0.841850591346016
"269",0.488497279082853,1,0.193675838861427,0.113150468184542,0.848356989049056,0.918314782336692,1,0.336544581718819,0.48816556382716
"270",1,1,1,1,1,1,0.943520992927199,0.578718491673959,1
"271",0.993508238850928,1,0.239397158549849,1,0.699940426260466,1,0.243521352294724,1,1
"272",1,0.977796756236325,1,1,1,0.447470017885371,1,0.860288251773145,0.902393314757216
"273",1,1,0.167995826429541,1,0.759757532066018,0.970191280125569,0.857173352726741,1,0.0210957738145499
"274",1,0.722991443471428,0.772618864945623,0.926677913136052,1,0.549780795865863,0.0675579004314282,0.675145002499026,1
"275",1,1,1,0.343092749697474,0.692286921897179,1,1,0.644915544978281,0.880869658255285
"276",1,1,1,0.416136265275542,1,1,0.442942573927349,1,1
"277",1,1,1,1,1,0.806701855967107,0.0922448643505867,1,0.569976236230166
"278",0.829317436068574,1,1,0.2778428294182,1,1,0.98632204211153,1,0.36449700011509
"279",1,1,1,1,1,1,0.377977912338686,1,0.0719072389738041
"280",1,1,0.959052479736253,1,0.677147881957585,0.513442225080748,1,1,0.850721224298244
"281",1,1,1,1,1,1,1,1,1
"282",0.277277919497671,0.474625376544166,1,1,1,0.80494734535324,1,0.897192260163134,0.740871450571018
"283",1,1,1,0.973718004775716,0.154811725844708,0.889900612661868,0.0307043225713199,1,1
"284",1,1,1,1,1,1,1,0.722044226118184,0.731829246851479
"285",1,0.730671012049573,1,1,0.183841885732359,1,0.10587334138832,1,1
"286",0.344468169651851,1,0.733990440636066,1,1,0.944235723081902,1,1,0.103770151459921
"287",0.743772327665238,0.750423351429024,0.488763085561611,0.929304735993056,1,0.317414500575466,0.294954277864969,0.803611223782125,0.722042017063942
"288",1,0.0680164698227893,1,0.791593870024545,1,0.542570187638467,0.633574776549269,0.271810669721057,1
"289",0.811979869727514,1,0.502489223338228,1,1,1,0.808047947639554,1,0.979677824866409
"290",1,1,0.703302645490725,0.93055200089121,1,0.943916696709103,0.52224312229468,0.2272682437828,1
"291",0.981077171538085,0.840148543900765,0.867318856086929,1,1,1,0.470225207417854,1,1
"292",0.72178108983615,0.545040558343687,1,1,1,1,1,0.871969639142692,0.533649146762706
"293",1,1,0.0400708442395485,1,0.0156104049991022,1,0.577256390399611,1,0.729657940022832
"294",1,1,0.814309542822166,1,1,1,1,1,0.819122025944435
"295",0.166120753128996,1,1,1,1,1,1,0.701878829167972,1
"296",1,1,0.260351245141982,1,1,0.381658541256336,1,0.586381623693685,1
"297",1,0.763311756931936,1,0.982407177310159,0.677900493836776,0.393166875236891,1,0.92435402945331,1
"298",0.290757006363375,0.881291941832393,1,1,0.898938170983006,0.773862039790442,0.147156350618186,1,1
"299",1,1,1,0.650481908681989,1,0.125674368015107,1,1,1
"300",0.562829619692617,0.37667263890063,1,1,0.405639787582929,1,0.0447097439629439,1,0.873104843403381
"301",1,0.530176020061448,0.454199829368139,1,1,1,0.931001314768476,1,1
"302",1,0.271224627599437,0.947180173370742,0.432988055343493,0.363967903564185,0.909074637208778,0.981188626014703,0.28427992134511,1
"303",0.832724069679707,0.603387059934024,1,0.338024809171881,0.723014916413349,0.67607367812011,1,0.90168946827939,1
"304",0.669506205067708,1,0.79163564356413,1,0.471223181228591,0.28794382862536,1,1,0.543246889748998
"305",1,1,0.104333971074844,1,1,1,1,1,1
"306",1,0.643087787731587,1,0.757077504901335,1,1,0.771200836223976,1,1
"307",0.837558162414865,0.976790513458497,0.17054347976365,0.198122874990332,1,0.708741982375282,0.642425988583052,1,1
"308",1,0.822666421717852,1,1,0.564103025436942,1,0.344197462761544,0.673796591620357,1
"309",1,0.355449830317291,0.909119491844912,0.0163498310466866,1,1,0.0697642260383515,0.295470267016301,1
"310",0.252107888334463,1,0.516452283059656,1,1,0.701130690067438,0.683634451045621,1,1
"311",1,0.82804782661068,1,1,1,1,0.985701310003566,0.3577057834559,1
"312",0.203585558925835,0.899217431571234,0.660189765219442,0.440233926537233,0.317652560318392,0.7881843305456,0.153268599212789,0.862087267798927,1
"313",1,0.214863184357768,1,1,0.275191547834986,1,0.383602366272966,0.54000921974856,0.620008243342696
"314",0.989037487427941,1,1,1,0.687821386392653,1,0.89287639941284,0.327807962842688,0.797097459995118
"315",1,0.17943340746464,1,0.242664326865337,1,0.941950186103205,1,1,0.813660253181071
"316",1,1,1,0.808797621330192,1,1,0.483540884749949,0.614392771937361,1
"317",0.98079927035326,0.381289746253168,1,0.412438233370285,1,1,1,0.819526784321162,1
"318",0.709626368976996,0.691687304716784,1,1,1,1,0.39718298723603,0.564952017378353,1
"319",1,0.926825367105844,1,0.169250929936974,0.369992855453091,0.0924883977059387,1,0.160258945569445,1
"320",1,1,1,0.565560880536371,0.172193554670596,1,0.919201832180787,0.052723249993149,0.0302374529766681
"321",0.399210082967909,1,1,0.381765373911787,1,0.259982205523912,1,0.76084897243049,0.701142807923976
"322",1,0.948861041470785,1,0.786858979973933,1,1,0.884345685242821,1,0.343820086724906
"323",1,0.916886400654588,1,0.449315402316962,1,1,1,0.792501908284453,1
"324",1,0.333713932409549,1,1,1,1,0.719634641347357,0.176164934666757,0.790358782042574
"325",1,1,1,1,0.626877724434573,0.527002635152183,0.831473530435617,0.0492370650108928,1
"326",1,1,1,1,1,0.684001533931722,0.928646613491094,0.336874826859839,0.881484991017365
"327",1,0.414083605920047,1,0.867138686775666,1,0.573324044675076,1,0.0349732863399335,0.262655965929277
"328",0.688433565763964,1,0.605262591060055,1,1,0.958311563357403,1,1,1
"329",1,1,1,1,0.712660522807491,0.514410576231032,0.871152387472384,0.74786763482048,0.84298984972403
"330",0.417161615823224,0.388642069160156,1,0.341574848133979,0.137335150269536,1,1,0.427172069621269,0.947216161336164
"331",0.864647878819781,0.346586742402339,1,0.78222154240725,1,1,1,1,1
"332",1,1,1,1,0.67567453403379,1,0.482297945251616,0.652137535409415,1
"333",0.82369869976454,1,1,1,1,0.492302262407603,0.178457649230554,1,1
"334",0.102529061417138,0.298377664350832,0.94954687761862,1,0.650073818112757,1,0.648819623314158,0.863200715127686,1
"335",1,1,0.862521679136271,0.732246163099948,0.118354315982201,0.948699098845011,1,1,0.752967793652989
"336",1,1,0.942023423590176,0.728929406959567,0.183423061783105,1,0.213909157734879,1,0.652012862756499
"337",0.2590332910046,1,1,1,1,1,1,1,1
"338",0.0220194237316695,0.601830837850755,0.512568702105396,1,0.0691369485938785,0.123695666600753,0.707504347200459,1,1
"339",1,1,1,1,1,0.783516754228429,1,0.403873288795173,1
"340",1,1,1,1,0.968248337924721,0.191745600610079,0.225208600635074,1,0.00910068858200883
"341",1,1,1,1,1,1,1,1,0.465736030477646
"342",1,0.229890089080456,0.166648059335332,0.8689680502771,0.755899093930723,0.0158768416256508,0.833948207322592,0.602565682674767,1
"343",0.827330050088891,0.913170621343087,0.825391754806181,0.515954016755421,1,1,0.203301574133133,1,0.550056286721011
"344",0.967196728635925,1,0.851509613694702,1,1,1,0.113882028307063,0.834508986410197,1
"345",0.699352752406017,0.372983580856219,1,1,0.406966436292931,1,1,0.969611682393324,0.0859856644328835
"346",0.703588390924246,1,1,0.997288812346181,0.970221655593369,1,0.459252479601453,0.38771740129762,0.576384748589931
"347",0.443459979041333,1,0.600387450489752,0.468188081133742,1,0.827896249578695,0.236691837607188,0.87726415668079,1
"348",0.868423026414876,1,0.135074450511043,1,0.582765457014498,0.237799083119705,0.131577548598531,1,1
"349",0.629687858371973,1,0.898240738067517,1,1,1,1,1,1
"350",0.0576915537117677,0.211441436061853,0.813874442937867,1,0.89619021958296,1,1,1,1
"351",1,1,0.0761781548706912,1,1,0.623063473765823,0.175721273251039,0.257356219559874,0.350338332462392
"352",0.105935866869683,0.825160302928,1,1,0.0188170216211315,1,1,0.641228189730562,1
"353",1,1,1,0.0264314843503826,0.469484837153998,0.810827706721191,0.810812728280866,1,0.844959988957062
"354",1,1,1,0.144375538149144,0.456906806964823,0.626266149437714,0.816016051372616,1,1
"355",1,1,0.461796158266197,1,0.354945310105987,1,1,0.699680207212351,1
"356",1,0.759239150560258,0.523734404077786,1,0.576716025301179,0.061184784579543,1,1,1
"357",1,1,1,1,1,1,0.466248996606749,0.0829538283557868,1
"358",0.847116968502207,1,0.614120670343091,1,0.649697968632286,0.594257650279148,1,1,0.680998795746328
"359",1,0.689038457966444,1,1,0.453995868231948,0.977152695293754,1,0.0738988603186473,1
"360",0.119087936483219,0.469308737945849,1,1,0.703015524581149,0.337664477838365,1,0.655064571278687,1
"361",1,1,1,1,1,1,0.10737959648798,0.915481569431733,0.937974382915462
"362",1,1,1,1,0.0520287751525707,1,1,1,0.440970150250329
"363",1,1,0.731604789916515,0.632529603432437,0.650078994580183,1,0.0524311049237986,1,0.122750404450773
"364",0.900572507693617,0.453657202718264,0.376562187399365,0.0337174552425662,0.621747260649488,1,0.33041050802886,1,0.306781398640265
"365",1,1,1,1,0.0193507825869733,0.213575923044676,1,0.791210895021662,1
"366",0.693698300059296,0.629541404308563,0.550963913015144,0.512330164611604,1,1,1,0.0365876552631424,0.159982383642863
"367",1,0.776525015626968,1,0.844619165394897,1,0.519605362517396,1,1,0.223689889415238
"368",1,1,1,0.611386664551666,1,1,0.327967588129606,0.0150589405300565,0.125778193240206
"369",1,1,0.188307731038277,0.71283389279799,1,1,1,1,0.0802560310284711
"370",0.999307070357676,0.362196517673842,0.489950898002778,0.909276458267174,1,0.879701929519171,1,1,1
"371",1,1,1,0.208935948396552,0.559385997664538,1,0.317963860186858,1,1
"372",1,1,1,1,0.181470947147955,0.937930967642758,1,0.0591629337155398,0.538577030377726
"373",1,1,0.714218054930843,1,1,0.092264058105471,0.180935060919235,0.668490453819696,0.938155333575453
"374",0.605432745561954,0.0420793863777748,1,1,1,1,0.376213631863202,1,1
"375",1,0.650446925415211,1,1,1,0.800918390762316,1,0.738586126472453,1
"376",1,0.300466759285798,0.3973343634261,1,1,1,1,1,0.686791079762423
"377",1,0.204583760883316,1,1,0.670283453329111,1,1,0.459604558589493,0.820854494288139
"378",1,0.907037720074252,0.93584025919622,1,0.579684510933933,0.539575648110858,0.44722146371377,1,1
"379",1,1,0.70050803704908,0.90204766577463,0.468270973014351,0.572883396132579,1,0.535124338152723,1
"380",1,1,1,1,1,1,0.195465453933745,0.547556111087545,1
"381",1,1,0.274579094368767,0.20522064812477,1,0.854493148314074,1,1,0.510400877229382
"382",0.507162399845808,0.93768030068326,1,0.105571867945528,0.586695429664362,1,1,1,0.88613778209406
"383",1,0.187645377973249,1,1,1,0.548257248525574,1,1,0.712288842612984
"384",0.487064372075012,1,1,1,1,1,0.363401643587992,0.872256459081559,0.542875217297337
"385",0.628697605356005,1,0.720848383091565,0.525404730577413,1,1,0.482079954761701,0.279493544090515,1
"386",0.933612648346568,1,1,1,0.253253563496207,1,0.67335312898127,1,1
"387",1,1,1,1,1,1,1,0.786845065210625,1
"388",0.0737764165126275,0.9522772621674,0.454232603246332,1,0.96535204315923,0.44988350899776,0.668071744009834,0.88092726427797,0.494204128307799
"389",1,1,1,0.951337804963452,0.139731828895194,0.130196843210861,1,0.71410189488353,0.095963391495617
"390",1,0.510617547665595,0.699075271600361,0.50259731393763,0.911804462372204,0.402807051464222,1,0.758131264510954,1
"391",1,1,1,1,0.0956403801504889,0.745663649050409,1,1,1
"392",1,1,1,1,0.669506425284076,1,0.754592933274008,0.742970025297082,1
"393",0.677230730332266,1,1,0.665792000473051,1,1,1,1,1
"394",0.895034349713622,1,1,1,0.901324002375029,1,1,1,0.681208147420917
"395",0.567080832231869,1,0.940267965731566,1,0.854441709517972,0.382664031381139,0.892896779631221,0.334650480326897,0.644563498242584
"396",1,1,1,0.400421249130618,0.77887102519839,0.495921800795122,0.273702650878152,0.107761595960782,1
"397",0.0964259912131905,1,1,0.734303783303023,1,0.804210711044395,0.0645374763349786,0.797744495442347,1
"398",1,1,1,0.374078898412149,1,0.0341187643834301,0.209775440123502,1,1
"399",1,1,1,1,1,1,1,0.87384986932633,1
"400",1,1,0.576559416252705,1,0.891106683025375,1,1,1,1
"401",1,0.770855894679371,1,0.464530072449921,0.955754401809752,1,0.547197618886209,1,1
"402",0.675598794886658,0.398952210646461,1,1,0.730220856853826,0.696538244505366,1,0.802105417215883,0.51653096598339
"403",1,1,0.870615711251866,1,0.819777370631755,1,1,1,1
"404",1,1,1,0.733390439797235,1,0.376297040065764,0.0245448240222119,0.975261501272791,0.83785175557246
"405",1,1,1,1,0.955477842109243,1,1,0.622045865533261,0.537499514390911
"406",1,0.793313240899938,0.922042788153889,0.511150594623786,0.748386263333963,1,0.510112279599147,1,0.498624090796166
"407",1,1,0.718748563893385,0.361772369468565,0.413960700107027,1,1,0.872562782451331,0.458013554380717
"408",1,0.846318501282942,0.596012389318152,1,1,0.631741865466909,0.92680501644768,0.250204476866601,1
"409",0.502352330077764,1,0.844565679650426,0.683197883099025,0.504973733910784,0.314719738765163,0.365937650804805,1,0.57832728374325
"410",0.641089322266136,0.162777858016837,1,1,1,1,0.191741065421543,0.980076533897142,0.960826802240807
"411",1,0.981700695557572,1,1,1,1,0.332888253427493,1,0.827055654103566
"412",1,0.904963737358011,0.801751000229989,1,0.341756215086499,0.160826756964184,1,0.673840203556916,1
"413",0.785392885521742,1,1,1,1,0.523269842428932,1,0.490066414181907,0.689478502353094
"414",0.886217086111152,0.593393336986056,0.833471736134481,1,0.533474731206148,1,1,0.904984033910108,0.964656289245892
"415",1,1,1,0.0473046732742372,0.234432654333773,1,0.0254602566162417,1,0.0399078880528738
"416",1,0.854859578948932,1,1,0.653967324970322,0.7078167451469,0.0702646108498942,0.840509267307199,1
"417",1,1,1,1,1,0.880055971908485,1,1,0.811626747212015
"418",0.605394540435031,1,0.889681189561471,0.17906412150242,0.396514373838354,1,1,1,0.841712593205212
"419",0.898352595824742,1,1,0.786704590693168,1,0.588364092073786,0.467709803332356,1,0.239990240810326
"420",0.937299890985545,1,1,1,0.478426018784353,0.743733597943528,0.957615326782664,0.368241876361757,1
"421",0.4145023043567,0.268044170454034,0.172351634507229,1,0.803901606966836,1,0.824279549765464,0.0208653217226458,1
"422",0.484242071465245,1,0.506115429387622,1,0.460047042927633,0.03376388110853,0.727199331145891,1,1
"423",0.220992004171016,1,1,0.744504441805336,0.673813018583754,0.470067743286057,0.96986335455346,1,0.876799721583251
"424",0.798341131781905,1,1,1,0.139621695159534,0.961322135145652,0.763371067811374,1,1
"425",1,0.845740307314513,0.714727535256351,1,0.98828058717571,0.483654299007748,0.694676197892128,1,0.239721354143452
"426",0.141016920812055,1,1,0.490336396051528,0.397751875053396,0.176874112725084,1,1,0.916622642392417
"427",1,1,1,0.8929609167944,0.865303794284298,1,0.694388133084953,1,0.293733311071638
"428",0.691820500681084,1,1,1,1,1,1,0.78073527381532,1
"429",1,0.61737258774929,1,1,1,1,0.729114479618618,0.346265001860374,1
"430",1,1,1,0.156526910825885,1,0.130827263215758,1,1,1
"431",0.47150658468638,1,0.208649292914657,0.621625805978615,0.576544263349497,1,1,1,1
"432",1,1,0.31035324455747,0.0413181378632189,1,1,0.925976835450042,1,0.549033011392296
"433",0.819740643324466,1,1,0.534981388482805,1,1,1,0.0805182894175693,1
"434",0.695485657582409,0.829000796931081,1,1,0.665390336082423,0.765166320676221,0.214875660042416,0.504532921577814,0.720482758726987
"435",1,1,1,1,0.126288760161743,1,0.238726532230633,1,0.966104614325697
"436",1,1,0.615745913767563,1,1,0.582749810270194,1,1,1
"437",1,0.863321790340486,0.942693169710871,0.930363591211551,0.943192899566108,1,0.358766608931595,0.958192738724162,1
"438",0.597196959733457,1,1,1,1,1,0.262459211781404,1,0.0690673952125631
"439",0.456684848735099,1,0.756794253065741,1,1,0.151240460451578,1,1,1
"440",0.901659411354762,1,0.457743542030838,0.906570305874388,1,0.87200126905401,1,1,1
"441",1,1,1,1,1,1,1,0.85994722673714,1
"442",0.806348894719282,1,1,1,0.829042138488803,0.770383417475821,0.796530213538289,0.976140745281292,1
"443",1,0.586210118182799,1,0.257851932633537,1,1,1,0.143962294239063,0.630621743992744
"444",1,1,0.355195707804846,0.757255406569455,1,1,1,1,1
"445",1,1,0.57892731630846,0.544664796644248,0.732644397867816,0.989991747008393,1,0.542096168431973,1
"446",0.489415486700159,1,1,0.543094286958588,1,1,0.69813565182237,1,0.944912549158995
"447",0.764298086373666,1,1,0.478432847672751,0.402119006379497,1,1,1,1
"448",0.997956497200896,1,0.478281016888751,0.0263272368016598,1,0.805278214226931,0.580875051369576,1,1
"449",1,0.473847066236971,0.185599994496555,1,0.201210826243535,1,1,0.97700259201359,1
"450",0.548219748060222,0.279212405003776,1,0.727095946905795,0.79160071280837,1,1,1,1
"451",1,1,1,1,0.167389180597074,1,1,0.265638049791465,1
"452",1,1,1,1,1,0.273471951393445,1,0.848138954381553,1
"453",1,0.375378019295086,1,1,1,0.560865913697132,1,1,0.753835190271494
"454",1,1,0.840986837331117,1,0.0382164477363819,1,1,0.501256598842342,0.500923312402362
"455",0.396850529747235,1,1,0.112973641480707,0.811593481779288,1,1,1,1
"456",0.618078757655253,0.358590363511333,1,1,1,0.850423975284853,1,1,0.103329404616987
"457",1,1,1,0.763983483093137,0.0549319707922854,1,1,1,1
"458",1,0.962829155136201,1,1,1,0.569597379689199,1,1,1
"459",1,0.358283095277824,1,1,1,1,0.0583740321993305,0.774499312182545,0.22857012634282
"460",1,1,0.697642339564239,1,1,1,1,0.323180455438152,0.208247892159187
"461",1,1,1,1,0.496472072258363,0.737748256010027,0.56648844427614,0.997226418791295,0.859891656781374
"462",0.374045452806029,1,1,1,1,1,1,0.698162017037651,1
"463",1,0.0201432533371494,0.856770254941587,0.741650907674666,1,0.183445943541635,0.332265501280219,1,1
"464",1,1,1,1,1,0.152427390802001,0.0441991529029447,0.541752160705839,1
"465",1,1,1,0.186579595307249,1,1,1,1,0.963660589358615
"466",0.742801379124736,1,0.993556907907265,1,0.92288103682141,1,0.643081682133976,1,0.410131384366706
"467",1,1,0.173927880443773,0.789683867880815,0.706692658659725,1,0.792367191166244,1,1
"468",1,1,1,1,0.122110334862723,1,0.839624323206635,1,1
"469",1,1,1,0.859851669940922,0.63957159089891,0.386116014135379,1,1,0.949413996578615
"470",0.478398732287333,1,1,1,0.416031504550139,1,0.571979736828999,1,1
"471",0.954490752521717,0.534964109232032,1,0.572210258520147,1,1,1,1,0.200863311714313
"472",1,1,0.360842603303788,1,1,0.562572717896344,1,1,1
"473",0.77343305400598,0.747458488156081,1,1,1,1,1,1,1
"474",0.416888774815304,1,0.451373433770697,1,0.659045488837173,1,0.851978233304959,0.949085430801154,0.846858428411309
"475",0.92069568659893,1,0.553095023618836,0.304936627597321,0.425878332131879,1,1,0.621130215459196,1
"476",0.843070844123506,1,0.797638042427258,1,0.617197267044519,0.891002885142819,0.23084352083944,0.0134163876654212,0.827252764173918
"477",0.532394113898412,0.565104952083038,1,0.596440734532548,0.660975479560606,1,1,0.519251030381812,0.446728439270605
"478",0.889529257972338,1,1,1,1,0.969527705050483,0.64145569453022,0.65160398059543,0.367584425642305
"479",0.127166196622145,1,1,0.472793147320462,0.952955179005599,0.337646573189795,1,1,1
"480",1,1,1,1,0.97424502015105,0.462102899609488,1,0.175995907961209,1
"481",1,1,1,0.0668112886391258,1,1,1,0.184164376843477,0.0765106991109814
"482",0.801447353151083,0.390387318595318,0.494875947529771,0.525433036084722,0.741531256028964,0.387544399236457,1,1,1
"483",0.659274559186788,0.524809980778601,0.0665184350164138,0.184620375680405,0.783027725698906,0.40672101851637,0.0512422952709177,0.89116842644993,1
"484",1,0.580107378400899,0.405228086492053,0.631790446421623,0.634174548445598,0.118688234657443,0.632027036990695,1,1
"485",1,0.736180083490012,1,0.201164319902606,1,0.632162941845572,0.758677263990998,1,0.130594990820302
"486",0.15152221470827,1,1,0.36109971762298,1,1,1,1,0.818455631066867
"487",0.28840054330054,0.92283844289241,0.409572821035051,0.789035840205917,1,1,1,1,0.506298352175104
"488",0.281358909005733,1,0.410230402959712,1,1,1,1,0.690008240437277,0.432399023546581
"489",1,1,1,1,0.340670213525415,1,0.0844922252376932,0.672446676525666,0.293132010028534
"490",1,1,0.850317983091501,0.404740456934467,1,0.474727513889199,1,1,0.635322487163209
"491",0.41564170221665,1,1,1,0.585936708333615,1,1,1,0.59585964056676
"492",0.473242999656481,1,1,0.252912086453634,0.0399081366952242,0.631076723566449,0.30639924515702,0.240249148003295,1
"493",1,1,1,1,1,1,0.614501069494148,0.454701800282223,1
"494",1,1,1,1,1,1,1,1,0.901254993020216
"495",1,1,0.521699834719796,1,0.414187719273328,1,0.690641989942654,1,0.58532634531861
"496",1,0.497281577485113,1,1,0.0488992340420099,0.927395278017066,0.528022313808888,0.0295986284873454,0.913637573098444
"497",1,0.887694676446692,1,0.449801350327962,1,0.911761740405361,0.69344055666568,1,0.874724578577055
"498",1,1,0.913760239779551,1,1,0.427871211986335,0.34486432647112,0.892873821556917,0.0160907494213287
"499",0.728015822657855,0.526366293834929,0.877906300032121,0.0343243383625809,0.51852833373818,1,0.859853012024743,1,0.982641903829373
"500",1,0.721326182514428,0.254426015893616,0.584395130584242,1,0.363074970372733,1,0.884553335061752,1
"501",1,1,1,1,1,0.898234069042158,0.752794933569907,0.623707801277451,1
"502",1,1,0.688334988354779,1,0.19019491685619,1,0.327704906630153,1,1
"503",0.738356657621268,0.427100971889804,1,1,0.974554838933875,0.930382752724637,0.355058175691986,0.267724002347747,1
"504",1,1,1,1,0.808291773098271,1,0.797041122745212,1,1
"505",1,1,1,1,1,1,0.735630839941404,1,1
"506",0.99650647995958,0.261716535563626,0.907934968811626,1,0.625237749085543,0.284536890506273,1,0.608304227248472,1
"507",1,0.660007741448163,0.274959355795326,1,0.726951381525606,0.0757112369154948,0.75236678777082,1,1
"508",1,0.503757609330786,0.698975660872746,0.327791904709565,0.681312252305627,0.823988558065423,0.311212474761143,1,1
"509",0.961305168774409,1,1,1,0.436519084829164,0.565522475276144,1,0.910677335808307,1
"510",0.748193571067523,1,1,1,1,0.644028609053338,1,0.963309611327686,1
"511",1,1,0.145863442839436,1,1,0.881250153881217,0.489501867899618,0.789067162370762,1
"512",0.682274542744734,1,0.314313131467052,0.146649922198659,1,0.151835876441353,0.673874776738984,0.02428264879909,0.949746136275671
"513",1,1,1,1,0.804067515084513,1,1,0.88421566788821,1
"514",1,0.276932103332329,1,0.88280664413166,1,0.410333809620741,1,0.241700204451792,0.491603772774232
"515",0.40258039541327,1,0.734155315226767,1,1,1,1,1,0.974946004342264
"516",1,1,1,1,0.351001706735617,0.224043422420074,1,0.445535144913096,1
"517",1,1,0.582805465089815,0.497985693722297,1,0.172841086790044,1,0.238850288142138,1
"518",0.875314882867486,1,1,1,1,1,0.89242154342888,1,1
"519",1,0.838335462045308,0.649012398768167,1,0.936965827207098,0.0866964261754751,0.50949152302279,1,0.567258194549368
"520",1,1,1,1,0.21943095660491,1,0.458784848707438,1,1
"521",0.993601930865693,1,0.337999723763985,0.500099806584071,1,0.140522505386348,0.113758796432691,0.960658192482888,0.926562871810955
"522",0.556263389737129,0.653359497960602,1,0.985255073918989,0.0471837873355624,1,1,1,1
"523",0.980444105704844,1,0.808674120558349,0.639021688211507,1,1,0.498172270042374,0.711640684567627,0.352901359735832
"524",0.999446986891481,1,0.466340855242646,1,0.454795627388296,1,1,1,1
"525",0.565817574797766,0.500103954449803,1,0.711022291006957,0.760852762736771,0.587687122014552,0.228346173381633,1,0.358658808211273
"526",0.677835350688508,1,1,1,0.515513074120202,0.498979823212463,1,1,0.602136691650399
"527",0.567531447990197,0.337944845936771,1,1,1,1,1,1,1
"528",1,1,1,1,0.722264938396133,0.789385782980374,0.52148623599765,1,1
"529",0.256183011264772,0.400089883933923,1,1,1,1,1,1,1
"530",0.843479207026298,1,1,1,0.548660308499898,0.0348029219851263,1,1,0.025427307811561
"531",1,1,0.641804016444032,0.552249468410737,1,1,1,1,0.710327126345524
"532",1,1,1,1,1,0.698950485167423,1,1,0.148715739827576
"533",0.72211794961566,1,0.989923836160373,1,0.405252067184981,0.926716002286565,0.901621256577709,1,1
"534",1,1,0.894068673772556,0.447912714299236,1,0.646801948448349,1,1,0.199089188053888
"535",1,0.628273402949864,0.419419467804188,0.474222859939329,1,0.0972376272152603,1,1,1
"536",0.809572565685545,1,1,0.920410071115746,1,1,1,1,1
"537",1,0.842445047670432,0.606445017634045,0.402012616605021,1,0.700921471854587,0.562791901077797,1,1
"538",1,0.794019816206369,1,1,1,1,1,1,1
"539",0.964849792306698,1,1,0.387652848892629,1,0.134689447260333,0.725664575208946,1,0.546077681661326
"540",0.481948869207451,0.0779516370956451,1,1,1,1,0.347334768389804,1,0.473073400324267
"541",1,1,0.753042219542241,0.512005106066922,0.793714141183002,1,0.353608407339061,1,0.740855725622635
"542",1,1,0.875480766019194,0.939361095566138,0.957972102670624,0.0555224599081393,0.288508987959969,1,1
"543",0.121179985568393,1,1,0.472355199092288,0.807834187131622,0.630971186832003,1,0.731705415220296,0.781569893464935
"544",0.546910973733747,1,1,0.146401334728319,1,1,1,0.921616690038067,0.390641449461
"545",1,0.756749930557186,0.628558043791867,1,1,0.688171829721207,1,1,1
"546",1,1,0.287246576204446,0.546596303669068,0.947924017260785,0.511192865721559,0.955481285870983,1,1
"547",0.0158954626896739,1,0.629411366017944,1,1,1,0.522609670201684,1,1
"548",1,1,1,0.992135334223545,1,0.717368202442199,0.33828349884041,0.949572953785547,1
"549",1,0.190003239480274,1,0.428260651345333,1,0.345580187087358,1,1,0.4956483548303
"550",0.2591709724413,1,0.53207360283765,0.712992510316822,1,0.584963403650491,0.593556292793829,1,1
"551",1,0.883165037828533,0.746541749779144,0.199418549029312,0.936557395151175,1,0.261166289029823,1,0.961514804536332
"552",1,0.338497092430333,1,1,0.112424045523228,0.289822140981398,1,1,0.322524423724371
"553",0.71156628031566,1,0.71042372501042,1,1,1,1,1,1
"554",1,1,1,0.351119949937623,0.97759054324489,0.687026075447927,1,0.854014028710256,1
"555",1,1,0.890285661481009,0.929738398811291,1,1,0.0319226898420986,0.311727439102158,0.514419864745006
"556",1,0.120408811914164,0.547242828787991,0.989111464091776,1,1,0.171324754978887,1,1
"557",1,1,0.35818157440385,0.341555798229806,1,0.426966805709195,0.594828701647212,0.0561284495745803,0.52644754269877
"558",1,1,0.0965816597990874,0.185537152312768,0.812297211472598,1,0.733104593380556,0.763879065774385,1
"559",1,0.927912524823335,0.462254265331633,0.231071100143576,0.398747748160782,0.0665609447312331,0.973885157648995,0.831845502954804,1
"560",0.766615209507377,1,1,0.487201583688675,0.24822892629319,1,0.428660821493221,0.0485883622564036,0.898239019230142
"561",1,1,1,1,0.926903310151437,1,0.859542565588022,0.563951645233177,1
"562",0.732308020934116,0.2428940611966,1,0.151934629872523,0.792969164601978,1,0.89174400454884,0.754334440410794,0.741107320383478
"563",1,1,0.833613820081172,1,1,0.347668510393462,0.429482651962651,0.8849172837275,0.569183577219608
"564",1,1,0.114291249528671,0.343709199995989,0.156966295855262,0.711296366238681,0.72854306646667,0.0694482967518503,1
"565",0.747063117155044,1,1,0.274546565220161,1,0.180612103365795,0.474920493559071,1,0.673266457647768
"566",1,0.270975734803174,1,1,1,1,1,0.714143459408667,1
"567",1,1,1,1,1,1,0.708543496291557,1,1
"568",1,0.459401375161115,0.201275932570734,0.162418773092058,1,1,1,0.417283962695165,0.611990558751265
"569",1,0.888053398425949,1,0.71590722214981,0.938004544374927,1,1,1,1
"570",0.549905993985922,1,0.808148027712819,1,1,0.609821088349663,1,0.320521067810721,1
"571",1,1,0.991935293168447,0.396960036208626,0.771435700436847,1,0.901438734559063,1,1
"572",0.753078810336257,0.237417340843064,0.721315294227283,1,0.775072186945444,1,1,1,0.956865276280717
"573",0.311514679476431,0.279088037853952,0.40632947916189,0.379677588719905,0.668961635495768,0.117847795354269,1,0.172736501520207,0.639452811892108
"574",0.607734091992732,0.503276250149024,1,0.713180691382149,1,1,0.629271502964262,1,0.863792731861635
"575",0.746636339091358,1,0.936921966502136,1,0.222940015003688,1,0.235344789237199,1,1
"576",1,1,0.908254791884269,1,1,1,1,0.450233728516535,0.837568960077737
"577",1,0.528603880276978,1,1,1,1,1,0.75121275746827,1
"578",0.416220695922624,0.976395682728014,1,1,1,1,1,1,0.0319773917540229
"579",0.165135542736596,0.649657765865635,1,0.619688313410695,0.015819980347027,1,1,1,0.958936734943346
"580",1,1,0.482874481642278,0.123153941555983,1,1,1,0.892962291221926,0.576124448623596
"581",1,1,1,0.344140440282035,0.253968989637369,1,1,0.0395030049714344,1
"582",1,0.950127366756602,0.534966348924734,1,1,0.978658526031082,0.881055984736953,0.938431861466004,1
"583",1,1,1,1,0.477563552457405,0.308390388854774,0.586646968949075,0.885216341989109,0.438128725541167
"584",1,0.411402157339198,1,0.902515312026553,0.506323509244884,0.237933503335224,0.470627031729955,1,0.0808495221060579
"585",0.560548813507328,1,0.910516982631274,0.778814781100083,1,1,1,0.322498748658055,0.999970396974199
"586",1,1,0.315150137226613,1,1,1,1,0.104886165226585,0.0655059246143362
"587",0.526259922968895,0.262342698685035,1,1,0.601278831742878,0.294873591193079,0.0252398702067449,1,0.203245407277312
"588",1,1,0.456560701100838,0.669253479932647,1,1,1,1,0.615228051939639
"589",1,0.855883001212036,1,0.799297002861221,0.900657435666091,0.413766342209222,0.786657272534997,0.983527755473834,1
"590",1,0.610805637856857,1,0.630056332788118,1,0.754575152029508,1,1,1
"591",1,1,0.655527170392317,0.319248936499496,0.905871745866699,1,0.640830309764917,0.179511186295723,0.555482633968147
"592",1,0.0419781321864497,0.411673751905556,0.394075497225594,1,1,1,0.0842186470347976,1
"593",1,0.836756416380408,0.555892985019841,0.917154682629867,1,1,1,1,1
"594",0.63863535466811,1,0.0869907334614245,0.115344033157747,1,0.162406043732315,1,0.995829947114728,1
"595",1,0.8563283545673,1,1,1,1,0.110306739710259,0.803943054819707,1
"596",1,1,1,1,1,1,0.965849973897647,0.390449510962044,0.669384086155763
"597",1,1,0.671671648575101,0.136456873943133,1,1,1,0.70404439454493,0.0806508848206996
"598",1,1,0.931524873103913,0.276247869996314,0.729582289488697,0.484273474985168,1,1,0.0182340125777392
"599",0.113037309598702,1,0.482310492940285,1,0.359682826145406,1,1,1,1
"600",0.535770013744865,0.637321315436426,0.389281917173186,0.439229775402104,0.227115181031492,1,0.72900401570233,1,0.0622638302675621
"601",0.671482846279845,1,1,0.73574189780078,0.588559614050877,1,0.928078342590104,0.574612291853966,0.483091118086437
"602",1,0.827902849454081,0.155891368112553,0.845880825489042,1,1,0.564657443034321,0.872475158049438,1
"603",0.429350884577713,0.214230365505415,0.498913438764671,0.379106660860352,1,1,0.0272997112316527,1,0.537001255360444
"604",1,1,1,1,0.753853423608978,1,0.69851702140288,0.171754749061221,1
"605",0.495904674559949,1,1,1,0.516047793061009,1,1,1,1
"606",1,0.965177654443958,1,0.627068349362882,0.861019077323223,0.593560210098803,0.887856354749081,0.0377068199589847,1
"607",0.800623142152593,0.937015728183782,1,0.98724685728637,1,1,1,1,0.49008816718111
"608",1,0.839564031245717,0.128027647595043,0.972390365897991,0.979231162077514,0.477381839230049,1,1,0.955273911188633
"609",0.411102162693491,1,0.57117844003825,0.848198312336797,0.355494051975881,1,0.149237553666372,1,1
"610",1,1,0.608886491927916,0.212490516136249,0.674851105595805,0.448627420982411,1,0.867652986025377,1
"611",1,1,1,0.425329847874688,1,0.710499010797867,0.991564872162816,1,1
"612",0.842909019589804,1,1,1,1,1,0.457765741013165,1,0.562723042838585
"613",0.654391498205367,0.552207050869533,1,0.184183288889604,1,0.445895034814517,1,0.631278088604032,0.465655105501358
"614",1,1,0.756039166769161,1,1,0.670905110035266,0.318747736612395,1,1
"615",0.287468886110496,1,1,1,0.586450049326342,1,1,0.636864381907297,1
"616",0.937729419237723,1,0.935805496503411,0.473949478790891,1,1,0.257337058050084,1,0.741922926202599
"617",1,1,0.384835019047987,0.254484745279595,0.979352673777971,0.933944992190136,0.832552964109799,0.963114546788057,0.30126932085337
"618",0.136730063110877,1,1,0.115608308535834,1,1,0.196990432041815,0.577022412885628,1
"619",1,0.51244523241921,1,0.454155009884542,1,1,0.175722719633417,0.246355770586515,0.699840968131596
"620",0.106152872383875,1,1,0.691223449323928,1,0.194436633115461,0.473416882501834,1,0.837220756280197
"621",1,1,0.591491995327358,0.993882107183922,1,0.299296254504164,1,0.0253488746825744,1
"622",0.289304318884764,0.825263224346113,1,1,1,1,1,0.600086579861029,1
"623",1,0.788215009701786,1,0.121489380885363,0.523684581655764,0.833888277246994,1,0.968645405872944,0.351294756984526
"624",0.510957864024543,1,0.891926315618744,1,0.285224085239646,0.916192449558852,0.583275682559982,0.997407197345976,0.408123814387254
"625",1,0.147651021301872,1,0.027124209032283,0.790511786638418,1,1,1,0.751998455969901
"626",1,1,1,1,0.40419905780196,1,0.0135689169872528,1,0.464681294521889
"627",1,1,1,1,1,0.515807922265008,0.857016573171236,1,0.926766442642159
"628",1,1,0.212558393415605,1,1,0.94588128878709,1,0.55869083400381,1
"629",1,0.317597547329587,0.170180491778236,1,1,0.803037317965905,1,1,0.587578163695442
"630",1,0.478112155868693,0.709592101507778,1,0.300400211903834,0.303470034070622,1,0.545642586910943,1
"631",1,0.307457721179698,1,0.74572325190697,1,0.616847478843598,1,0.633608815531978,0.860162979659402
"632",1,0.644307350502734,0.644823577815955,0.810829741484092,0.437748848834938,1,1,1,1
"633",1,1,1,1,0.294463129236576,1,1,1,1
"634",1,0.524313763082413,0.497762102305061,0.990260582742457,0.784506560157725,0.750829498054853,0.449393709001949,0.860921123976049,0.953265589896124
"635",0.298533522173059,0.916211678195426,1,0.3898421424448,1,0.654497371432545,0.383376880953112,0.670645474944662,1
"636",0.592303031943792,1,1,1,0.236697493152614,1,1,1,1
"637",1,1,1,0.52567904339181,1,0.568433221829703,0.704153605346929,1,1
"638",1,1,0.487739355352023,1,1,0.969085077345189,1,0.711742334558755,0.17760006457497
"639",0.340039068839519,0.754018746176347,0.562287928818539,0.292850223876052,1,0.375782703817681,1,1,1
"640",0.0776310768457928,1,0.0715777338824003,0.591678186376721,0.818075465800333,0.666854866192587,0.993566602723966,0.1083370113754,0.576793879420561
"641",1,1,0.527399387048473,1,0.896365150590249,0.394390193013297,1,1,0.909307664521537
"642",1,0.300683558260909,1,1,1,0.0328964816003113,1,0.0675272175430123,1
"643",1,0.311562892484269,0.732634776533881,0.36161238670839,0.411695736336656,0.66837933868313,1,0.574807851287011,0.706426249280285
"644",1,0.58929604955528,0.74697342637333,1,0.10812782639437,0.670801302216216,1,0.110747244298592,1
"645",1,1,1,0.619847191760492,1,0.854201769950503,0.303068962974292,0.0385432938072124,1
"646",1,1,0.840487502524433,0.308671583736871,1,0.908592489946546,0.627722760613873,1,1
"647",1,1,1,0.761649599714114,1,1,0.120495468881571,1,1
"648",0.235877355664631,1,0.213629632985171,0.806697998021331,1,0.681994663409301,1,1,1
"649",1,0.651369973155456,0.575643777797177,1,1,1,0.469229962036566,1,0.96919701497989
"650",1,1,0.669353630476283,0.726467144071694,1,1,1,0.76586831703727,1
"651",0.324681423348943,0.939187454732066,1,1,1,0.108348838602925,0.142120139931941,1,1
"652",1,0.804705483285672,0.405172854789457,1,0.360050550433689,1,0.795000579837619,0.104137520338462,NA
"653",0.744451769570733,0.461162569467541,0.36725190216149,0.604323217058085,0.428229257019141,0.868835294849828,1,1,1
"654",0.850487147997015,1,0.731859217063701,0.0165839619570452,1,0.415536746100092,1,0.648672082439948,0.0972227418679941
"655",0.743947125511837,0.0703280378010225,1,0.398188987620132,1,1,1,1,0.404364243693011
"656",1,0.951965587844597,1,0.0414290962760412,0.849846084312029,0.91947044998825,1,1,0.371770986010277
"657",1,0.958590704337906,1,0.905936856689246,0.60800626359507,1,1,0.374496927497395,0.366651431542245
"658",0.901518506585202,1,0.978939125767052,1,1,1,1,1,1
"659",1,0.0477884704901599,0.839220234262378,1,1,1,0.218911803149822,1,1
"660",1,1,0.557375909185064,0.0371403541574032,1,0.976191470350581,0.0443915857828105,1,1
"661",0.858103175006922,1,0.0321836458896529,1,0.599040761261967,0.23174488289003,0.366658593275266,0.739958739392544,1
"662",0.531528134385088,1,0.0717230365614028,1,0.861186383366873,1,1,1,0.229831443138979
"663",1,0.343075340299713,0.901698785887043,0.85527110192662,0.73007175573217,1,0.664359873629983,1,1
"664",1,1,0.149722844215948,0.327543484891993,1,1,0.502560351789345,0.689466804014911,0.0331815313423147
"665",1,1,0.985028227281691,1,0.544324650581089,1,1,1,1
"666",1,0.769396031213775,1,1,0.261828496461904,0.43438481625729,1,1,1
"667",0.646675784954082,1,0.848664350820844,1,0.78186080342514,1,1,0.461261021537199,0.16729215039269
"668",0.87710354976361,0.88640686136145,1,0.387500355470511,1,0.876029062770802,0.441176731187362,0.36384882653676,1
"669",1,0.733307186763283,1,1,1,0.995049379966333,1,0.83634416545709,1
"670",1,1,1,1,1,0.16474535792349,1,0.420195169946986,1
"671",0.944151698766643,1,0.949651052418184,0.766977307900344,1,0.819497424589903,1,0.235929853268539,0.724981901314308
"672",1,0.637550309056586,0.943717863462903,1,0.334220775091945,0.843406970680737,1,0.0786891050669714,0.346866187364752
"673",0.974074717611632,0.572438403956589,0.95395026007213,1,0.726366504866096,1,0.22038747613085,1,0.736808728138331
"674",1,1,0.724208398259133,0.493387739275926,1,1,0.213699911055436,0.0360210261214311,1
"675",1,1,0.319292914613521,1,1,0.92741101041235,1,0.0278472991583331,0.827182022909983
"676",1,1,0.116479371795038,1,1,0.588873350186443,1,1,1
"677",1,1,0.982578024624965,1,1,1,1,0.781919892184072,1
"678",0.855231561577025,0.979736518849918,0.792679215297308,0.26713289386518,1,1,1,1,1
"679",0.0727559778205773,1,1,1,1,0.0605861514056313,1,0.963931679861363,0.0688376214216472
"680",1,1,1,0.353061065301991,1,0.376125369083553,0.332399201411388,1,1
"681",1,0.776926638050762,1,1,1,1,0.829050865531977,0.526652506247917,0.774180649601627
"682",1,1,1,0.266640906362201,0.502863808285969,1,0.709619242666115,1,1
"683",0.790492518745269,1,0.245081100799816,0.560930798858853,0.517807949209856,1,1,1,0.237113595706095
"684",0.132565847770948,0.752701144121929,1,0.692800630798657,0.442469624966778,0.995939624418161,1,1,1
"685",0.111619953043892,0.719330524951294,0.388409491402343,1,1,1,0.911537491261603,0.416330878318772,0.203409389121421
"686",0.451036767997005,1,0.769472781642267,0.497286037511738,0.171124610307588,0.786191779377976,0.0524252810250683,1,1
"687",1,1,1,1,0.390667176007301,1,0.302820553571511,0.125915325230209,0.520754647241727
"688",1,0.0804143104808812,1,1,1,0.161528425978717,1,1,0.572184390280357
"689",1,0.775651685232509,1,1,1,1,0.419835146831426,0.515580077697235,0.640792757727652
"690",0.444085094299995,1,1,1,1,0.860268833591685,1,0.00933292274707868,1
"691",0.504533621602696,0.975642976632868,1,1,0.385277080687092,1,1,1,1
"692",1,1,0.196187674217237,1,0.430108274395483,0.483078596259173,0.894388116470816,0.282217461359867,0.749241993541664
"693",0.577284262769875,1,1,0.63443180353445,0.688206280059354,0.756973606786829,0.705955832245103,1,1
"694",0.504371535156394,0.763763360289645,0.714929536155809,0.0571711385401792,1,0.293599585585235,1,0.414364646996779,1
"695",0.984207148965398,0.709826113958854,0.972289359893794,1,1,0.0340125876602986,0.904361662769766,1,0.588531988530268
"696",0.0373728109649165,1,0.313547198352966,1,0.719734907183067,1,0.975928434025657,0.588602158375999,1
"697",1,1,0.914160773231263,1,1,0.907439867758232,1,0.416941838685418,1
"698",1,0.493068824638818,0.881005145146084,0.672429723000517,1,1,1,1,1
"699",1,1,1,1,0.019522295247998,1,1,0.469077589431999,1
"700",1,1,1,0.467178771642502,1,0.663351665286127,1,0.764575838585934,1
"701",1,0.915171953428004,1,0.541927724837174,1,0.895051526160635,0.045686250879772,1,1
"702",1,0.819889792150481,1,0.464046748687652,0.372610020057841,1,1,1,0.373608536871546
"703",1,1,0.590790736853813,0.682128050038973,1,0.787320529308275,1,0.861457609110349,0.790721685595667
"704",1,0.555582500121294,0.881378298625702,0.110228906105551,0.399106955500792,0.0968045684715117,1,0.81081586816123,0.214624633639263
"705",1,0.200932765015961,0.493977475949691,0.696666102990717,1,1,1,0.413560245870635,0.0152465392798955
"706",1,1,0.143481828948993,1,0.334430914886219,0.317557159445576,1,1,1
"707",0.774050867413382,0.374747504782252,1,0.589339567276799,1,1,1,0.631582334738467,1
"708",1,1,0.412580494061202,0.687120150304199,1,1,1,1,0.337870864111543
"709",1,0.77394842011718,0.86330602573796,1,0.637085239543659,0.945146585883025,1,0.74652414057558,1
"710",1,1,0.587824622634186,1,1,1,0.950800942696886,0.39671278015333,1
"711",1,1,0.891627246652665,0.697694032917184,0.898635409198987,0.3146770338382,1,0.834341661337679,0.793888732853704
"712",1,1,0.330010527450562,1,1,1,1,1,0.303909542120941
"713",0.342278421925035,1,1,1,0.794486443072148,0.383568968324645,1,1,0.793961580287973
"714",1,1,1,0.300309227563355,0.928323834362171,1,1,1,0.536790532039492
"715",0.453661143499952,1,1,1,0.8811233899037,0.508535354505593,0.572628907242363,0.13830644091595,0.595596796133179
"716",1,1,1,0.323674235160549,1,1,0.771864939502717,1,1
"717",1,1,0.023198283417792,1,0.858495766060295,0.913267729068156,1,1,0.612647683524572
"718",1,0.713008874990358,0.756510398410652,1,0.6557476255192,1,1,0.787775636146479,1
"719",1,1,0.636557270772382,0.601511835858219,1,0.240775323609352,0.758391197584299,1,1
"720",0.995806751793366,1,1,1,1,0.111331494227473,0.330677933449434,0.58533810075895,1
"721",0.949109956878625,1,1,1,0.312659690961208,1,0.0769403448864471,0.603665934020861,0.503143006792434
"722",1,0.960987956646854,0.26584814437413,1,1,1,1,0.666332389720865,0.0387861542050201
"723",0.330578601163543,0.564639481761786,1,1,1,0.0752136411838608,0.626042872686178,1,0.598447614621794
"724",1,1,1,1,0.871337043783443,0.67173820101912,1,1,0.33947955736646
"725",1,0.470346601592779,1,0.377954913349718,1,1,0.844103323154688,0.0264040647659542,0.439874895736268
"726",1,1,1,1,1,1,1,0.496646621036388,1
"727",0.335202502347122,0.538334549642241,0.998835231247699,1,0.35047109832877,0.3840456030979,1,0.963072330316167,1
"728",0.675338562635598,1,1,1,1,0.501750832843519,1,0.47870963164582,0.106490933613377
"729",0.660733436844617,1,1,1,0.287766079748589,1,0.687990150965367,1,1
"730",0.970515348062368,1,0.940175967161927,1,1,0.672236071740917,1,1,1
"731",1,0.913525947344903,1,1,0.328253913626363,1,0.809232252082682,0.247133588754087,0.867129513566564
"732",1,1,1,1,0.441916374368778,0.355205827490748,0.837132382047517,0.921867967418107,0.186896494535361
"733",1,1,0.129432857120466,0.428740150691396,1,0.723484214702335,1,1,1
"734",1,1,0.956937406629933,0.754978290530032,1,0.631084959466747,0.0658185299526931,1,1
"735",1,1,1,1,0.978537752043208,1,1,0.241267288489665,1
"736",1,1,0.854561321090454,1,0.264309734889525,1,0.986986517835189,0.460141434539401,0.921570422474845
"737",0.159220803136535,0.323588411336039,1,1,0.362747953750571,1,1,0.030095819999138,0.58377818995135
"738",1,0.663465402209202,0.942636550690349,0.814966486402805,0.963074993526892,1,1,1,1
"739",0.635862741258413,1,0.634071004889962,0.604411796521414,0.175063618682396,1,0.760825394661394,1,1
"740",0.659410894819836,0.0800701877035435,1,1,0.200642948548962,1,1,1,1
"741",0.219665861071066,0.293797140348088,0.747455750630436,0.373164560909066,1,0.356650875068789,1,0.569232589743943,0.18084520630418
"742",1,0.307335146885988,1,0.551290652775105,0.674134816919646,1,0.134896481983781,1,0.399986966768628
"743",0.884919501294875,1,0.563591859286877,1,0.352934387226028,0.0210221525067655,1,1,0.872609049373442
"744",1,1,0.279726185056518,0.511177097749474,0.0843023068138071,1,1,1,1
"745",1,1,0.8402603651675,1,0.271824787611666,1,1,0.867813994394948,1
"746",1,1,1,0.692183966487337,0.689163352975718,0.165429859365028,1,1,1
"747",1,1,0.498806592887962,0.377928953609918,1,0.333178117166682,0.284851411059526,0.616988721180762,1
"748",0.639066594968227,0.496004209442787,0.573660185563343,0.71536992552656,0.803438112991876,0.314431827736221,1,1,0.469443079934874
"749",0.883469911095633,1,0.275874058805112,1,0.0491220839575622,0.804893726880043,0.371876415335662,0.314007169329702,0.898901012483509
"750",0.786049211919783,1,0.294362198673084,1,1,0.940055372305488,1,1,0.85946798108409
"751",0.677434182494123,0.659514170818587,0.0635862076617056,0.780234822397973,1,0.492040293560767,1,1,0.959272284795362
"752",1,0.280380581854211,0.694136833598718,0.857376475655847,1,1,0.220896406808635,1,1
"753",0.506273692208656,1,0.750138080882093,0.445818426278084,0.850711383328097,1,0.666653661101191,1,0.498575409336286
"754",1,1,0.303588297310537,1,0.337633070488825,1,0.674560157943046,1,1
"755",1,1,0.833897617586363,1,1,0.770266130910107,0.663982198744279,0.881491930721708,1
"756",1,1,1,0.694050187657893,0.0714451404006161,1,1,1,0.824344078727785
"757",0.0350487675421924,1,0.483229133675461,0.75082844829098,1,1,0.414001187166883,1,0.260907314901274
"758",1,0.841853788248513,1,1,1,0.318943083858483,0.0723190524927929,0.42057444104156,1
"759",0.820351243118283,0.920597770908799,1,1,1,1,1,0.0915421903066373,0.17373235844232
"760",0.198077954449804,1,0.996323299443517,0.910437685028108,0.926193604098542,0.105193342336829,0.801721950862684,1,1
"761",1,1,1,0.14228572638081,1,1,0.704723270246002,1,1
"762",1,1,0.34933886167737,0.720596810397135,1,0.796635676477782,0.621357566521807,0.262981428014668,1
"763",1,0.973163682815785,1,1,0.875736245137841,1,1,0.973619798720874,0.33618808427633
"764",1,1,1,1,0.703463585068081,1,1,1,0.0333035844608899
"765",0.133703192294841,0.774973290591235,0.665685789248455,1,0.688671434180392,1,1,1,0.730645329628913
"766",1,1,0.323729210565009,0.494292800962689,1,1,1,0.0890314107920601,0.152414204566634
"767",0.16076432966703,0.239504756926562,1,1,0.310838083171056,0.631005645030162,1,1,0.138614928454699
"768",1,0.513781012037065,0.472603305419204,1,0.653366018611625,1,0.815213030115406,0.356199439216921,1
"769",1,1,0.116488848798415,1,0.699878390237125,0.65421038986667,1,0.168132688499342,0.837281867484231
"770",1,0.388514236145969,0.445960789203998,1,1,0.231689647756195,0.0428660931216506,0.633827988550246,1
"771",0.266265354642582,1,1,0.717149127269097,0.867819408610603,0.135896278303882,1,1,0.145844672503513
"772",0.50807340579207,1,0.596918792838739,1,1,1,0.258806508094161,1,1
"773",0.986137372275637,1,1,0.280921102379995,1,1,1,1,1
"774",1,1,0.563050220640504,1,0.681821289143533,1,0.92403147200648,0.845422150398678,0.711331781084497
"775",1,0.973196483991328,1,1,1,0.443265546474173,1,1,1
"776",0.110599952404488,0.400710600311754,0.220133959587087,1,1,0.109090664126755,1,0.0543185867598001,0.00800990087928807
"777",1,1,0.834237005731429,0.407367041632201,1,1,1,1,0.887889328182553
"778",1,1,1,1,1,0.0397140909961374,1,1,1
"779",1,0.594720917192545,1,1,1,1,1,0.113821114187414,0.0563294038419924
"780",1,1,1,1,1,1,1,1,1
"781",1,1,0.333302562642957,0.400384394085501,0.744329452897718,0.984568803617613,0.895701864531269,0.393606060856571,1
"782",0.303366731153579,1,1,1,0.544317879150704,0.297571707449534,1,1,1
"783",1,1,0.315780100659763,0.356231655026959,1,0.271691841339428,0.939182886656688,1,1
"784",0.140536356233377,0.473085166233911,1,0.926734917481635,1,0.792139611378864,1,0.630599549320713,0.915460248224309
"785",1,1,1,0.767660055476778,1,0.703888947850585,1,0.0980595019772482,0.638974448705629
"786",0.47197800535613,0.624318186211583,1,0.526112991706273,1,0.73537273127293,0.808840373485914,0.500163186150385,0.722254288658442
"787",1,1,1,1,0.703337667010637,0.211282152578271,0.723196418689296,0.483634488733996,0.600575207100951
"788",1,0.805686688053012,0.414808954386251,0.548262781867117,0.754130854018046,1,0.857488882668686,0.470544455413301,1
"789",1,0.67128470872176,0.047046248159246,1,1,0.147202935334026,0.226353649561522,0.810623960593884,1
"790",1,0.548492770548746,1,0.155179727124562,1,0.856318880983438,1,1,0.970360132248388
"791",1,1,0.530484528097084,1,1,1,1,1,0.885991668143449
"792",1,0.758083381074474,1,1,1,0.991634756660217,0.960298175244311,0.453381633317503,0.171172664245608
"793",1,1,1,0.973674845951563,1,0.718833741183364,1,0.926164905352553,1
"794",1,1,0.953308308371938,0.686314464987534,0.103313312151766,0.59604830553992,1,1,1
"795",1,1,1,1,0.981371283180212,1,1,1,0.440014731713763
"796",1,0.931498807197917,1,0.282363536428439,1,0.789981341448279,1,0.203313294931976,1
"797",1,0.617036868273682,0.345118376730686,1,1,0.811166002726276,0.180651561255405,0.656499933690467,0.241143313891393
"798",1,1,0.588472740849369,0.182910440350886,0.734129227434686,1,1,0.937294258211094,0.236769870318887
"799",1,0.436659262556969,0.529337624816211,1,0.0318848577641738,0.497099422682681,1,1,0.735410331849655
"800",1,0.334742349244352,1,0.871230815858943,1,1,1,0.843797505689589,0.478845675896507
"801",0.789362830533748,1,0.518785326199756,1,1,0.306362063541728,1,0.593179206237788,1
"802",1,0.611581911807384,0.783559679879959,1,0.789400362211922,0.781049412399332,1,1,0.834599068631098
"803",1,1,1,1,0.778232435230053,1,1,0.194083345832106,0.918450139633571
"804",1,1,0.151982697700887,0.780586433732428,1,0.0355305715189628,1,0.480147848043884,1
"805",1,1,0.669113229977388,0.643125725026837,1,0.367633434778148,0.0770310069917909,0.0264662634302672,0.831151371512583
"806",0.212459803100389,1,1,1,1,1,0.435934740369946,0.859669784023147,0.197645524605181
"807",0.144175814970783,0.856926786782154,1,0.981939790386537,1,0.840332597943716,1,0.850308573339159,0.0325690708696142
"808",0.098714439709333,1,1,0.16972937064769,1,0.196093005833976,0.0804809938937732,1,1
"809",1,0.974957927963551,0.620908615286515,1,0.552734131791866,1,0.419045794202227,1,1
"810",0.689204759971332,1,1,0.467746085567577,0.320816493909333,0.214788077087196,0.306102382455088,1,1
"811",0.708221685057802,0.390786614307303,0.274858245842223,1,1,0.363970364112373,1,1,0.538266342740251
"812",0.0608522345311639,0.294318557093419,0.37200251873774,0.946341477591748,0.661629542512841,1,0.925676154601222,0.330215264813153,0.114341595942569
"813",1,0.555002041098016,1,0.724908670171196,0.607886593673162,0.945169524305204,1,1,1
"814",0.759570420202902,1,0.123643290268086,0.610688369650522,1,1,0.792173786924576,0.785795102100683,1
"815",1,1,1,1,1,1,1,0.981589010339536,0.907058331544952
"816",0.898844609153178,0.716225148550091,1,1,1,0.512025186753845,1,1,0.327897612525121
"817",1,1,0.817128750808257,0.0154123577690247,0.956750526348804,1,1,1,0.36531204446084
"818",0.870623173388261,0.0238567468448086,0.729438937709277,1,0.280529725878872,1,1,1,1
"819",1,0.87317307110809,0.693874913464352,1,0.910118318298469,0.0362718514722733,1,1,1
"820",1,1,1,0.513960192800547,0.607002885243141,0.252702249302342,0.818115395150469,1,1
"821",1,0.830070566220971,0.182952253950024,0.772440875961722,0.694750339540526,0.44138787604506,1,0.76543084465754,1
"822",1,1,1,1,1,1,1,0.564160432488146,1
"823",1,1,1,1,0.404443391154321,0.88430332261172,0.293620419422279,0.710790771740143,0.798746371337425
"824",1,1,1,1,1,1,0.110286272557297,1,1
"825",1,1,0.0541233928139214,0.0446699692185412,0.849776112171159,1,0.656585888506445,1,1
"826",1,0.874492425984775,0.866152775265366,1,1,0.712938963937001,0.344569199891359,0.555007994259543,1
"827",1,0.445676548076116,0.457205259027603,1,1,1,0.0843073055747893,1,0.563953516042063
"828",1,0.0249613461316907,0.673289783716679,0.116892699818185,0.790491338008579,1,0.805840765433333,1,0.313266636161967
"829",0.711811306361338,0.527432149341115,0.7819893328173,0.767036957680458,1,1,0.38603490181982,1,0.493752231486754
"830",1,1,1,0.380820304375075,1,1,1,1,1
"831",1,1,1,1,1,0.145908085211545,1,0.411112425466809,1
"832",1,0.0308944848895782,0.441830840609183,1,0.65464518296887,1,1,1,1
"833",1,0.724378375009808,1,1,0.904575126592154,0.858727599249075,1,1,1
"834",1,1,0.655251210405656,1,1,0.831982599685997,0.733751380376227,0.768190248820731,1
"835",1,1,1,0.053182494833336,1,0.929831200899504,1,0.767435014848958,1
"836",1,0.176392151139744,1,1,1,1,0.0392376243754227,0.293170833318962,1
"837",0.922897513811503,1,0.852118265344095,0.642869910649772,0.893311476407076,0.680527435892319,1,1,1
"838",1,0.845718341133823,0.977031755568017,1,1,1,1,1,1
"839",1,1,0.410620044785763,0.822142207465193,0.0441345111318151,1,0.625942083503542,0.558552715242321,1
"840",0.570389304323987,0.83749976908342,0.977027654712754,1,1,1,1,0.94024749310349,1
"841",1,1,0.605371064287081,1,1,0.941607946517088,0.748865910853189,0.398123180256162,1
"842",0.63472598858962,1,1,0.527432589807001,1,1,1,0.927623331974865,1
"843",0.891385973069909,0.0977494999048322,0.633335448878877,1,1,0.329376289090988,1,1,1
"844",0.128321864447991,1,1,1,0.722769477790071,0.471826944890189,0.268525323423999,1,1
"845",0.626228748725247,1,0.652145102942304,0.181282234709727,1,0.121721728767104,0.605094098101752,0.887710484418244,0.500290992259747
"846",0.765057865184574,0.839756206519563,1,1,0.587601314174474,1,1,0.186998059347822,1
"847",1,0.965297346772609,1,0.436200487613824,0.622464476287236,0.964318255665975,0.629778520981744,1,0.938847274355045
"848",0.56514744644549,1,1,1,1,0.552941192239818,0.617174446517489,1,0.465188871552854
"849",1,0.694964258321329,0.332095502940704,1,1,1,1,1,0.91816571987585
"850",1,1,0.631884369706077,0.952745464117394,0.475842006257751,0.936599919060964,0.671781709652269,1,0.476955704275687
"851",0.759312004348353,1,1,0.575109533495601,0.432466221604468,0.564145895079088,1,1,1
"852",1,0.92877678975819,1,0.454137658266521,1,0.650567091630816,1,1,0.969659098207716
"853",1,0.240566015793011,1,1,0.181625241780184,1,0.565828535375101,1,1
"854",0.421422217328081,0.404303176548784,1,1,1,0.935116311131857,1,1,0.904443185216779
"855",1,0.432432974278347,1,0.10085666605772,0.664570995576656,0.988496607311529,1,0.925869831346812,1
"856",1,0.775507540271511,1,1,0.991786866270488,1,0.818452406618868,1,0.438871219672082
"857",1,1,1,0.342973154322012,1,1,0.860683108172391,1,1
"858",1,1,0.253482289332009,1,0.168220862368759,1,0.354338289922934,0.680786041751407,0.884538774683136
"859",0.65602208333502,0.639376602660139,0.343928388501422,1,0.792826870689852,0.164067491979221,0.171776778283629,0.610067534254034,0.893711383989346
"860",0.801402382675767,1,1,0.653175790434394,0.825354656569589,0.882142827716039,1,1,0.942824569520596
"861",1,1,0.156320240077082,0.122232653842065,0.426368067302165,0.756546843012372,0.378922163147801,1,1
"862",0.978936425424173,1,1,1,0.19257731860717,0.355471968897083,0.629189723233265,1,0.986266152158692
"863",1,0.779400783412576,1,1,1,0.442153913846724,1,1,1
"864",1,0.50192070360397,0.819347512245294,1,1,1,1,0.781810248727854,0.297367413810539
"865",1,1,0.507117475808759,0.685637083362285,1,1,1,1,1
"866",0.43137114533437,1,0.43942379833272,0.88571358881896,1,1,0.281860867710615,1,1
"867",1,1,0.0602859912395609,0.930497534737689,0.330786092418502,0.246919453915866,0.355735447458284,0.332391472928147,0.948141640262205
"868",0.694008143489683,0.206398262070687,0.761577140921102,1,1,1,0.0387133448607626,1,1
"869",1,1,1,1,1,0.765303164691362,0.681069368243153,0.0801369775858804,0.315299499028165
"870",1,1,0.635797306914557,0.627867512349973,1,1,1,0.266150348687554,1
"871",1,1,1,0.750667046886165,1,0.176975227277471,1,0.965510698066803,1
"872",0.999212782443927,1,1,0.88756724510364,0.489159520812032,0.669300308815108,0.317020223868022,1,0.388592859647734
"873",0.149617593360462,1,0.912201598119397,1,0.646382710037977,0.8005671634827,0.759953890754727,0.109139936976175,1
"874",0.954464132278313,1,1,1,1,0.0963910492735314,1,0.568590396381385,1
"875",1,0.962741519938826,0.236201497886128,0.817476935269589,0.86607396768319,0.169547371385072,1,1,1
"876",0.120889775968209,1,1,0.349769500640848,0.357114314175028,0.293211849856074,0.836153480305579,0.482987584429605,1
"877",1,0.0683428342122484,1,1,1,1,1,0.985553757312348,1
"878",1,0.884389664956752,0.623455346308145,1,1,1,0.689658922786529,0.0220115680724635,0.382480561085446
"879",1,1,1,1,0.370285867958761,1,0.913527333856579,0.865436814572951,1
"880",0.395935029483306,1,0.739862747299497,1,0.56057053260187,1,0.591792366906008,0.338002694354698,0.383238378110554
"881",0.809430531955747,1,1,1,1,1,1,1,1
"882",1,1,0.629047033871784,1,1,1,1,0.993484662160774,1
"883",0.522246769614786,1,0.68934179715586,0.941968994424595,0.471948985471191,1,1,1,1
"884",0.0252314409215927,1,0.759891532501791,0.825261656023393,1,0.965371304947447,1,1,1
"885",0.81204593694379,1,1,1,0.557211604510104,0.79857442510191,0.581356083214171,1,0.264884335674869
"886",1,0.854024537905031,0.859927088535353,1,1,0.337573186240572,1,0.604421011356551,1
"887",1,1,1,0.387592497811874,1,1,0.172623009341439,0.147734380938255,0.940737880489835
"888",1,1,1,0.643484730622112,1,0.746287706799591,1,1,1
"889",0.161428964473817,1,1,0.535767266088233,0.803962651203008,0.28023893525591,1,1,0.461404150892834
"890",1,1,1,1,1,0.644771861516888,0.861369065828674,0.202062880895115,1
"891",1,1,0.634990174318086,1,1,1,1,1,0.270783997283424
"892",0.958021881572692,1,1,1,1,1,1,0.0872815606224467,0.515015335900847
"893",1,0.727761227802465,1,1,0.0384431193245358,0.0739314070801999,1,0.475859268826054,1
"894",1,1,1,1,1,0.848320047918469,1,0.882935915523272,0.0204959180608254
"895",1,0.857385073618264,0.216992049843073,0.377864194341566,1,0.556951245313353,1,0.88391450036006,1
"896",1,0.240525643545214,0.942915332275834,0.577902649089689,1,1,0.679201152340454,0.0657937818048943,1
"897",1,1,0.943810284947298,0.148089802866378,1,1,0.893059536532155,1,1
"898",1,1,1,1,0.332324752204281,0.735604925482757,1,1,0.778255029386962
"899",0.185389848382662,1,0.930026373361566,1,1,1,0.965994342293965,0.185784654973387,1
"900",1,0.973554898297768,1,0.559847149468044,0.965658516350286,1,1,1,1
"901",1,1,1,1,1,1,0.640604528053255,0.270169002317583,0.669119341249634
"902",0.140547137531406,0.470183456777467,0.590129479336461,0.0645106990181695,0.808613811431704,1,0.844090280580041,0.0983269632732794,1
"903",1,1,0.920234408661516,0.407848203419123,0.934240111974097,1,0.0382671530348795,0.488598758155119,0.697759457331534
"904",0.420977387375426,1,1,1,1,1,0.948652453580175,0.687504175908791,1
"905",0.786884897591873,1,0.870385325680782,0.0295964346702895,0.443044502363548,0.431133742686062,0.507630337767081,1,0.883388263320596
"906",1,0.340485740575029,1,1,0.836832718171732,1,0.0349961463375976,1,1
"907",1,1,0.61915065169568,0.934888654301793,1,1,1,1,1
"908",0.908313266529231,0.534990469532875,1,0.290287072720882,1,0.465316351311028,1,0.61508157958513,0.00857552907452513
"909",1,0.644947787362445,1,0.293294457660661,1,0.927847608372476,1,0.571937115116391,0.920436194896393
"910",1,0.734537670017537,1,1,1,0.564926388316713,0.927204050145497,1,1
"911",1,0.650151116957569,1,1,1,1,1,0.875827864279173,0.493134138975006
"912",1,1,1,1,0.0466132199343755,1,1,0.804360307197211,0.877827749295677
"913",0.6986450701343,0.722329885392517,0.631298117750324,0.842499484735643,1,1,1,1,1
"914",1,1,1,1,1,0.756297730844282,0.957366141741053,1,1
"915",1,0.883309376759902,0.209642613172608,1,0.127610192086727,0.158977229604416,0.446754349487609,0.0814585196523944,1
"916",0.235405501710505,1,0.416674566429033,1,1,0.69250239166444,0.566240836940114,1,0.578635686271249
"917",1,1,1,1,0.520125783675925,0.302906074490805,0.926576673050871,1,0.434495088857757
"918",0.670709735380789,0.208976763787102,1,0.372496194350147,1,0.232144659835775,1,1,1
"919",0.114208422355684,1,0.903509301656605,1,1,1,1,1,1
"920",1,0.594018222253743,1,0.5598371230472,1,0.017868609497903,1,0.943565310557153,1
"921",1,1,1,1,0.548759664054927,1,1,0.774841330685912,0.651527684964328
"922",1,0.541985673157709,0.470522211290155,1,1,0.267207634210275,0.709500342258157,1,1
"923",1,1,0.731601278653232,0.526499990126197,1,0.681805720946034,0.214230278355532,1,0.0402961452598239
"924",0.281570476838383,1,1,0.748989049709415,1,0.944498310116997,0.28081538720636,1,0.431163010876957
"925",1,1,1,1,1,0.14728047772536,1,0.245959132061245,1
"926",0.0824805470293841,0.26530563718096,0.943387368021519,0.597200913388937,1,0.111085550537426,1,1,1
"927",1,1,0.412029407589511,1,1,1,1,1,1
"928",0.24168940383713,0.888949749790409,0.707073393191917,1,1,0.812111915740158,1,1,0.830418860429392
"929",0.959491419613472,1,1,0.73889222849424,1,1,0.93972973137875,1,0.800936563022793
"930",0.69444727946492,0.75258696759212,1,0.421319486687441,1,0.931272445330265,1,1,1
"931",0.702709793044935,0.856449377554299,1,1,0.0569651523363355,1,1,0.583357746227487,1
"932",1,0.49629503882842,0.31414242737163,1,0.214610653872472,1,1,0.071204431742425,1
"933",1,1,1,0.44687705760476,1,0.50275861520798,1,1,0.758096454364331
"934",0.320817927639817,0.623855556564356,1,1,1,0.143174448180302,1,0.0926147733342306,0.0722501085679434
"935",0.89200135324826,1,1,1,1,1,0.891255605487869,1,1
"936",0.915107417060999,0.872298904376343,1,1,1,1,0.774992916192638,0.120548581804637,1
"937",1,0.841466237997281,0.832525986950413,1,0.701462059269883,1,1,0.830486353606968,1
"938",1,1,0.662710063690422,0.379978871366789,1,1,0.0223614974218134,1,1
"939",1,1,1,1,0.0596596778245695,1,0.989734853145342,1,1
"940",1,0.395056272066272,0.870700799373883,1,1,0.752416445271966,0.346848944375544,0.587124422121302,0.873276111980518
"941",1,0.843684583356555,1,1,0.364432185063279,1,0.191165683286229,1,1
"942",0.861130872939778,1,0.158659733053218,0.85698128704327,1,0.315453363341501,0.917521470899773,0.479791994378434,0.330202052035659
"943",1,0.58004367348856,0.320118826304569,0.352910013857655,1,1,0.0400532748367813,1,0.583333601660072
"944",0.549286789779829,0.567948994570747,0.36909723635972,1,1,0.398707978772281,1,1,1
"945",0.918587939581319,0.306800051317293,1,0.0788449524848318,1,0.608250179572655,0.95950601255584,1,0.206889656458854
"946",1,1,0.882630425031951,0.926103501031879,0.648813498004823,1,1,0.0300377115704684,1
"947",1,1,1,0.57806395103256,0.8634377390789,1,1,0.597193384664183,1
"948",0.378358978328562,0.934791855230014,1,0.92534608512067,1,0.0321030481584118,0.101878894425932,1,1
"949",1,1,1,1,0.509636746500645,1,1,0.477779535272024,1
"950",0.719800479476419,0.135169861281533,0.815559145990682,0.931280757455446,1,0.765799536666321,0.661613641952781,0.471250163787163,0.831895936050584
"951",1,0.995609855308816,1,1,0.796913061242838,1,0.654948512540761,1,1
"952",1,1,1,1,0.201216496715468,1,1,0.85238846398992,1
"953",1,0.73744966319413,1,1,1,0.874034119136971,1,0.720242051934017,0.232173838081578
"954",1,1,1,1,0.929277770861681,1,0.859836499390431,0.200652415629977,0.675591328392383
"955",1,1,0.60805514536687,1,1,0.651242846856775,0.337052377483844,1,1
"956",1,0.204253587184931,1,0.167116646511151,1,0.0833784959835425,1,1,1
"957",0.964747849002692,1,1,1,0.994827434860347,0.293474914613585,0.0740918665480179,0.729681750279353,1
"958",0.703569018297187,0.0662964566917403,0.580943519680503,0.151649468425132,1,1,1,0.689427514375373,0.660630155825134
"959",1,1,1,0.984632302360215,1,0.609664062133523,1,1,1
"960",0.699283802506232,1,1,0.827601273262272,1,1,1,1,1
"961",1,0.444884308323583,0.203255826162787,1,0.794320526703127,1,0.484182629601924,0.974596335196268,1
"962",1,0.747711095545333,0.539936230048931,0.122623737060092,1,0.702721776441741,0.769827112588356,1,0.0302104200798763
"963",0.800309603405236,0.751119899103422,1,0.947724113507785,0.62986767086551,0.312310400163748,0.661051056826746,1,1
"964",1,0.553777760409704,0.858763198874259,0.559595391273604,1,0.075862300087807,1,1,1
"965",0.801207584121419,0.20810003783519,1,1,1,0.75502391997338,0.829990875394803,0.178160981533502,1
"966",0.245740859800398,0.727297576315799,1,0.999685001005753,0.551057740870318,0.201926010822745,1,0.807794587008298,0.789037766911849
"967",1,0.619706587588304,1,0.998088556096398,1,1,0.247448556668748,1,1
"968",1,1,1,0.430203217368321,0.8224391673193,0.694114307027139,1,1,1
"969",0.83485278417553,1,1,1,0.925153941308388,1,0.917002388770053,1,0.844262964630297
"970",1,1,1,0.802783570089931,1,0.0322353548048914,1,0.397243514765,0.935747875471797
"971",1,0.418786164397748,0.999025906961889,1,1,1,1,0.0222577795299972,1
"972",1,1,1,0.34382419079648,0.591500988382452,1,0.276225642692308,0.989220200699798,1
"973",0.629222704991285,1,1,0.790738252596834,0.568409172482156,1,1,1,1
"974",1,0.419620258087977,0.181719571315841,1,1,1,1,1,1
"975",0.988173221500287,0.631818076423599,1,0.728364350105061,1,0.0860543494675329,1,1,0.527947855261173
"976",1,1,0.643182643144982,1,1,0.0380279723301815,0.514589738988781,0.529159405386245,0.393973177162163
"977",1,1,0.819591574145412,1,0.0852451773452903,1,1,1,0.81623295770977
"978",1,0.966131129585357,1,0.667557136441145,0.721061341986473,1,1,0.944509960142506,1
"979",1,1,0.704110109621061,1,0.706514518787624,1,1,1,1
"980",1,0.0452684905108259,1,1,1,1,1,1,1
"981",1,1,1,0.492118759445409,0.900763586919202,1,0.501484442167879,0.0879527549334704,1
"982",1,1,1,0.586501672263631,1,0.487962518358859,1,1,1
"983",0.973643580818138,1,0.693175091720621,0.728196885970412,0.359094878516643,1,0.369871038656807,1,0.78596694527717
"984",1,1,0.602859962578777,1,1,1,1,1,1
"985",1,1,1,0.934640203496018,0.631975445212927,0.721668868679903,1,1,1
"986",1,1,1,0.785134063871548,1,1,0.0227793217757022,1,0.173439377657036
"987",0.304044746151406,1,0.713421780522877,0.95351923600248,0.310992257867867,1,1,1,0.247683985148672
"988",0.163527954937261,0.287209265805011,0.671365515892024,1,0.536685947375948,0.547012094711563,0.965535152350965,1,0.823976272748314
"989",1,1,1,0.951449215773958,0.673606294248437,1,1,0.376936975534204,0.28781583582759
"990",1,0.193806204423229,0.502001633816414,1,1,0.346328839665058,1,0.792099084793853,0.485999273316961
"991",1,1,1,0.368753426558371,1,1,1,0.756685212857011,0.469749895047932
"992",0.454225121882602,0.406062175696393,0.410425438501022,0.98578803797641,0.266663859695205,0.263257468766443,0.508114383617811,1,0.669689552399375
"993",1,1,1,0.63739360240325,1,1,1,1,0.595671814829348
"994",0.215443944821775,0.856777331774953,1,1,0.857932330069086,0.788800444596731,1,0.621405864524057,0.640129972673271
"995",1,0.413497124067709,0.362302149911744,0.481338902134193,1,1,1,0.821056607813955,0.433918146094286
"996",1,1,1,0.637253771286787,0.267919439918767,1,0.456636494764674,1,0.758906371493908
"997",0.17007427073128,0.253835942865317,0.956072226477762,0.680142097395795,1,1,0.646036518366923,1,1
"998",0.29329169398497,1,0.0502632493594366,0.704681624258322,0.364124425107041,0.53061771137524,1,1,1
"999",1,0.560009356470191,0.205371809617329,0.485386364972813,0.242326267875267,0.472200733682169,0.732904317350585,0.416861071261133,1
"1000",1,1,0.569825986232803,0.314853207542682,0.599221634828887,0.960022492882671,1,0.988823125870096,1
