"","p 1","p 2","p 3","p 4"
"1",0.251536762348443,0.0254255314560498,0.337612085394563,0.0012337761133319
"2",0.913166724555492,0.963708216019495,0.0133996865698399,0.628551154164817
"3",0.0829532052038239,0.734919054935517,0.312391474794031,0.0715047710312606
"4",0.811089689911089,0.720692996769402,0.107802862899903,0.53529724183108
"5",0.0136942126335362,0.0661858289784681,0.32424136551793,0.733380025832467
"6",0.069399761094524,0.0238786755287762,0.679111041598538,0.0194424063130192
"7",0.879059013524269,0.964378660745232,0.95098048856773,0.472149805465694
"8",0.685835880319194,0.93792749335725,0.752068491175745,0.779772216165919
"9",0.0341354590129619,0.312855977350144,0.327529970791991,0.0490144018519029
"10",0.930567612612242,0.962101355578425,0.974504706839242,1
"11",0.845366173622065,0.511560068708722,0.653632863517647,0.363141623085867
"12",0.35153399300846,0.0431661431803578,0.627487482685455,0.416702073408535
"13",0.725850728517,0.303095732598833,0.539626147241824,0.0172978052791804
"14",0.387169337984741,0.0742865472432991,0.0918906803582866,0.733433559952891
"15",0.104125038932872,0.00213639392996856,0.160978836965323,0.00280540290533868
"16",0.332652447924627,0.0293902620500686,0.588544303882779,0.271555124119391
"17",0.647698841885947,0.00143743233570869,0.271470964477921,0.184413144255555
"18",0.363155027851451,0.675121027485106,0.583027819627889,0.683672111882218
"19",0.123508799019014,0.438403521830953,0.4173092460315,0.60070505465339
"20",0.586873807620162,0.00133108928637825,0.00117425321905878,0.0349309786241954
"21",0.17138505197198,0.714887002471938,0.66823414541577,0.336462187540857
"22",0.379048350707559,0.340817191622891,0.0312050236414861,0.117106308504301
"23",0.820004317270052,0.0375751338751047,0.622089117598944,0.486066376695767
"24",0.0470179070812346,0.0838403575105089,1,0.225641506096162
"25",0.00841941004832197,0.294445914802593,0.018610528122081,0.041030195352218
"26",0.751404736208646,0.577278530745157,0.135625788994695,0.744456167875005
"27",0.79074324184681,0.0936735818054689,0.568434362468738,0.895012792206099
"28",0.061032513986888,0.621337775570692,0.85750749324169,0.229848952664477
"29",0.0136394627682556,0.240889477551454,0.3944160075839,0.587192983741509
"30",0.77397512644364,0.876270718193416,1,0.964600773350271
"31",0.885197268165963,0.900321655576953,1,0.0871319070659087
"32",0.564569870505256,0.0612830302717141,0.280813147114649,0.262725863812209
"33",0.023129630893332,0.181589810210937,0.482772411864625,0.126521314555384
"34",0.471912054783428,0.145774846255255,0.450127112564161,0.312098733758431
"35",0.397738000851487,0.0694178247304743,0.128837123820311,0.013466520911434
"36",0.212771059765553,0.0333338788752122,0.11265741175959,0.217505711010712
"37",0.48026626228381,0.910075875494256,0.113485207581202,0.106702670529767
"38",0.747195696080542,0.634283185027818,0.098571510933485,0.00402129189513343
"39",1,0.00151619442288492,0.937061158635441,0.980290601520583
"40",0.954820899863994,0.927992699324781,0.972456605882434,0.990654418333753
"41",0.127959747943216,0.0985985576731316,0.329057237328263,0.281800331363531
"42",0.168277004357587,0.988469851880871,0.92944991314744,0.982938601789243
"43",0.731437326604464,0.777489153270152,0.0072820738923216,0.219124448579937
"44",0.168207400663675,0.20140509526209,0.00236077271831115,0.470890576463888
"45",0.532584640135141,0.840544538925658,0.735414697347973,0.552591296190722
"46",0.0194517036158986,0.267015499964914,0.0626482627544298,0.266786219860597
"47",0.333726612066876,0.784304523143463,0.224164225525912,0.253564523208279
"48",0.0992730269788416,0.0465821606212407,0.678190955935977,0.387958600832202
"49",0.00273232962599138,0.0396263044830232,0.431267509718136,0.58007080727375
"50",0.430539351688183,0.0731466027634557,0.45182170134586,0.186589535832728
"51",0.0476341075243372,0.187054786297054,0.772587267658746,0.771844745329201
"52",0.389698592735048,0.802597667601239,0.980834709826145,0.00371434941788542
"53",0.115233973972985,0.24249261143766,0.546675708271682,0.00162959568748928
"54",0.604463744107631,0.225482981143757,0.529260592218325,0.848765038024041
"55",0.466942267520836,0.319915122382523,0.313789175302905,0.0256153541387143
"56",0.938961118293006,0.953527859534813,0.190496573246622,0.851060188254179
"57",0.283964372795218,0.246811139488151,0.114424201401269,0.454204121634126
"58",0.3887959940103,0.491081280736397,0.178693963819167,0.52166754096287
"59",0.533352229390481,0.546959370855965,0.597132906836445,0.725830819229658
"60",0.894110687724837,0.00153229467920976,0.821541312642439,0.8432538364092
"61",0.915696278826271,0.225156867330104,0.8875213753473,0.493926828962382
"62",0.69312537993683,0.00307325654726118,0.498275585138046,0.509574671034362
"63",0.63767591728307,0.461576103848064,0.125052622163182,0.641572997787665
"64",0.066038816524212,0.190140308669628,0.902673802313418,0.228588212879239
"65",0.105562543804844,0.0195303182373466,0.764858001082479,0.793823955333248
"66",0.342955320521678,0.266031200918377,0.238123814444639,0.262511402470318
"67",0.524309765274629,0.382581691157923,0.19062017258734,0.158986827015184
"68",0.652264841799968,0.78076434199986,0.566236592568179,0.00469531404418784
"69",0.461268798776696,0.0279612994409925,0.000827743838188015,0.373410095552992
"70",0.835725398466639,0.199317543761973,0.0971608934318379,0.77294321843401
"71",0.208771575115891,0.440272005018219,0.60009285083376,0.51043318465514
"72",0.0895493493631835,0.753058364024513,0.732118977349337,0.688508714270943
"73",0.690483911426738,0.0980509829593656,0.0582652090851502,0.44380989588304
"74",0.681173348435948,0.462455609622128,0.426617603624819,0.57789401785146
"75",0.119811634039151,0.00104084989884019,0.36382044367715,0.0962712493363088
"76",0.942180772496182,0.82931248838658,0.355806045723608,0.78947944577408
"77",0.25473455066319,0.789389382629681,0.303573591010139,0.533000243418732
"78",0.662488417491237,0.560602398497797,0.6180826652845,0.288713376692964
"79",0.359450860422983,0.375983472794576,0.524660746696908,0.0435331346733754
"80",0.124442475446284,0.577357096171877,0.202265947559058,0.364907592011654
"81",0.311955203285581,0.855375359857393,0.322378689725899,0.298145006181774
"82",0.366239111917304,0.19361801394206,0.0915226754027983,0.67258321084039
"83",0.128276990288372,0.194218490922045,0.461117007306244,0.470988892639486
"84",0.435807022554252,0.521691197205205,0.696785235770101,0.0430002699585547
"85",0.298042165073123,0.439536112568974,0.00104373018676858,0.00719517583680128
"86",0.0783271870413545,0.0232020482342173,0.00780818872291914,0.00949787368394473
"87",0.717002544970803,0.829044779528295,0.222687874358643,0.480082115142444
"88",0.0465505561707919,0.0266731294224438,0.881983215141546,0.870497532433053
"89",0.888492176576284,0.000595812674385209,0.000526080922422677,0.198134373713529
"90",0.00804355764578455,0.0212353721106852,0.174790849968,0.713652721489213
"91",0.347927791111232,0.204570205173202,0.544904406257435,0.130059537892638
"92",0.124110618791537,0.283909030459879,0.730509395323257,0.589895744291194
"93",0.832586287402157,0.871788923705181,0.607696022108748,0.919069546550291
"94",0.542745642689531,0.288582602415503,0.371443674647506,0.791473149576585
"95",0.471878983668299,0.788332734007503,0.356360716057706,0.000897680423668818
"96",0.386330144349121,0.418345820838747,0.451603664185884,0.34630188835828
"97",0.766056989229347,0.00159967121959986,0.646573600439784,0.672612296503912
"98",0.185775094062723,0.781149874714334,0.748501506946222,0.782553574572966
"99",0.460624058393022,0.389070072578337,0.1586380989547,0.000862087799236162
"100",0.672219553028665,0.479666270197154,0.308879819372223,0.799615348437976
"101",0.556077784747167,0.0417694652275806,0.241048696598012,0.121066742845759
"102",0.219713104851632,0.220582062377391,0.42927892575727,0.628898680755678
"103",0.0654634004557167,0.449659134798995,0.257832037321499,0.169549328186646
"104",0.951920103615328,0.941696434430129,0.163043688364433,0.942904819165099
"105",0.410818079233674,0.600116713421899,0.416282068336282,0.315532196334848
"106",0.261239451454737,0.532519449924033,0.144237982425484,0.331452944828159
"107",0.430261846338896,0.403174705240319,0.222215229243835,0.129962038657172
"108",0.951039764993964,0.00302602030414189,0.806013959788348,0.77239137671017
"109",0.144720673325255,0.983240213509873,0.152760754766818,0.930344253462971
"110",0.584291272920486,0.748742591966305,0.0783672163444404,0.794678841856405
"111",0.127249419779741,0.0256813511180864,0.00163839288341991,0.649881041453632
"112",0.494941945019705,0.193837447993169,0.38721096779923,0.0353479206028477
"113",0.0110600181489107,0.502642748787865,0.143619162679582,0.316830303168147
"114",0.0262855021385981,0.690271849377463,0.00975917196183464,0.206221009936879
"115",0.408940988574181,0.927709671346236,0.8514399184485,0.0101039065195226
"116",0.360940683024549,0.563846780374612,0.710940728493253,0.691258984561257
"117",0.560723357964021,0.127380712579439,0.393576399709694,0.212778304413901
"118",0.447600084480291,0.21788807005892,0.018628743670019,0.179693634816234
"119",0.116912179378884,0.161961361421388,0.214505934027784,0.873399532150748
"120",0.000654286728480279,0.733172720630449,0.461064447422417,0.733822259371727
"121",0.0471702481016717,0.0836260813610996,0.00241998524208557,0.400392071274307
"122",1,0.505011544538512,0.0468671949515198,1
"123",0.478042723690839,0.446592762352365,0.550292538380498,0.436006981693966
"124",0.676061244591326,0.000521415699539736,0.0229861698830553,0.28662014147251
"125",0.94364679092144,0.0102730771331207,0.796080990921571,0.667742503660573
"126",0.284810979071449,0.332448126835785,0.145488609552885,0.835433592178358
"127",0.129059746898708,0.301923913814263,0.0270953749903569,0.00711160721698127
"128",0.581873609295859,0.674337893032234,0.814436756851384,0.440301463778815
"129",0.619550707263785,0.573507300374179,0.415721653229467,0.617822001724093
"130",0.0327394920783545,0.125012898891003,0.199468404066686,0.119177011821959
"131",0.502497614270102,0.564729129155847,0.627430974704256,0.685188341418173
"132",0.0388970130985199,0.640701658925924,0.348331143890184,0.486807618545688
"133",0.0301592839475145,0.233109245302964,0.235143300279777,0.0650668995489743
"134",0.418473560464008,0.000834410601150859,0.0228101417537323,0.130369706082481
"135",0.19166249412835,0.0198802326275745,0.560562859067023,0.0275623668302445
"136",0.136118201524383,0.700921604830152,0.329692774767938,0.702178161493535
"137",0.234902861314392,0.718540036722192,0.395812105562645,0.137759153270154
"138",0.925154100694049,0.992082114207527,0.969439652268189,0.879710958693484
"139",0.313900617326614,0.589143346763702,0.373674795680882,0.887738119088893
"140",0.523861042491958,0.105986438336208,0.0139598783834856,0.720562723377885
"141",0.266920965258111,0.95972161315931,0.892368976550852,0.0884191489022132
"142",0.0297812105023465,0.493036331503754,0.170308877465951,0.343126153796077
"143",0.582800247571612,0.862818473684645,0.960555319413558,0.00322908663314403
"144",0.978207743335791,0.958672600252221,0.949753797149154,0.039487992222791
"145",0.973546752984336,0.681125016309318,0.890383578699761,0.00339085604950337
"146",0.326072839805011,0.179736337145805,0.852563933105463,0.373455974935552
"147",0.691095536955901,0.806496322336346,0.921081945121174,0.0202728820957619
"148",0.361998534959522,0.0829104054313937,0.123889780517829,0.0569351002976888
"149",0.585460521542978,0.394361043073091,0.248126056945193,0.681517238759795
"150",0.529415644944335,0.865227869871578,0.143398636048054,0.486471666427925
"151",0.447881992805882,0.000509994780624177,0.266789029776503,0.00346609096451217
"152",0.431141063481209,0.741066876227134,0.631770031349444,0.468989785715232
"153",0.21395518399754,0.0321786747965347,0.782936779854186,0.601883425528708
"154",0.00460291723705918,0.03229697352527,0.00190978159968735,0.00771045119582125
"155",0.161577922914153,0.0526136392641926,0.0763507177259654,0.0141920639168459
"156",0.189988271567433,0.58030644192881,0.797866428101851,0.820652873846593
"157",0.0977474122194367,0.0755496162285642,0.0366318209865556,0.00688189003300082
"158",0.366758308607812,0.0172249069526012,0.36111384820734,0.0612312844296003
"159",0.560842325189906,0.366460077829349,0.387761423001866,0.446399122653894
"160",0.838243960271452,0.91130791507449,0.350011941255256,0.906755543705845
"161",0.315291064266927,0.641715060869274,0.714931476282608,0.334789479163094
"162",0.369138084210073,0.0987910339320164,0.0652535438849978,0.000686300091351527
"163",0.489845114495912,0.537369484571777,0.353179335657322,0.980707066644628
"164",0.150442821041994,0.101316599858695,0.112854207979231,0.295478095252317
"165",0.379250240394378,0.129258137448577,0.0435199259654644,0.327847394555894
"166",0.333017867455889,0.744808643762938,0.417626886277068,0.647160222291859
"167",0.528856851901119,0.512877260088854,0.565972921724568,0.145111492653815
"168",0.974157796882983,0.38838350057549,0.986011871074749,0.00394147766251516
"169",0.415122616696853,0.0837420528169778,0.104419006401917,0.084936091448774
"170",0.231278756242606,0.581954878879792,0.781946841827948,0.177204208737941
"171",0.16142211048924,0.0897665658814006,0.213798705455851,0.0849185567918284
"172",0.200430324482918,0.128051828714207,0.0526950792473023,0.17739192479825
"173",0.832042238313019,0.725163799834543,0.907677488972802,0.824409131961619
"174",0.4527853342604,0.144378135179505,0.357198369694336,0.450796707337206
"175",0.14045757026966,0.403010789002312,0.877806979536567,0.600364536518079
"176",0.0120308316194885,0.0407130324050541,0.270477908101177,0.478938459490888
"177",0.257891685207286,0.693024589166328,0.538798501233643,0.644845639930408
"178",0.117687178949381,0.854799308698815,0.0777853090590695,0.233086284674998
"179",0.157459898785444,0.23753604239028,0.305062038419585,0.132982434537608
"180",0.812104672213108,0.00107688910057578,0.55935099423096,0.546346473985523
"181",0.239799814274098,0.0395595822403866,0.00411768683440719,0.0192858634955454
"182",0.01246384518694,0.620011315265455,0.393278535822945,0.720465745892184
"183",0.205447887754404,0.423924816213378,0.341699969897557,0.375724774485976
"184",0.546899427989254,0.332594721638558,0.0672781918357782,0.000754649149225972
"185",0.646055282972671,0.863625861167112,0.530107984742278,0.0121269496670802
"186",0.305255032392238,0.00156150977405189,0.631086440382032,0.658559463957751
"187",0.141825835119824,0.602485500342613,0.141177353396509,0.445326780880661
"188",0.742592269901478,0.0566517606450903,0.475419513520752,0.735848338841938
"189",0.315720418029023,0.746487049820835,0.262983472445565,0.450789408120197
"190",0.515724854486824,0.66776487810176,0.159492160445332,0.470464109645308
"191",0.741505771831219,0.315243341395511,0.606095381691137,0.396335727672158
"192",0.857416549401883,0.512488474178541,0.703128144736606,0.906112884729686
"193",0.0674170154450136,0.0162218260036783,0.00366136871865553,0.2054792551947
"194",0.862208156268177,0.0241823203634437,0.694416748718353,0.879468954625466
"195",0.627498672998634,0.573197590959739,0.376043824564371,0.303045282711415
"196",0.347673114617117,0.388687220480713,0.530667775823084,0.130000771520486
"197",0.676076964345359,0.427658517951872,0.0655942487568525,0.0164985101575577
"198",0.0935998357692506,0.750621197192654,0.769078727692569,0.397019976428359
"199",0.00433270964149238,0.195153288308569,0.0186428596902344,0.445160026768449
"200",0.0788304858825151,0.439212552275095,0.363911343993079,0.137504314576874
"201",0.673415311080839,0.528222862558303,0.199985953955429,0.470078427998733
"202",0.553835557170689,0.109459345874648,0.368560330266457,0.000743948008140078
"203",0.194017108655007,0.00488387971810176,0.176936110462256,0.290796199711087
"204",0.270088395091299,0.0819106607000732,0.548940992457683,0.620794293935059
"205",0.715594957102339,0.0687217542140485,0.00582487580429108,0.048973492369064
"206",0.991518961717584,0.918984544136537,1,1
"207",0.881240637940675,0.00141931492071376,0.0499222360517502,0.0389860050011239
"208",0.450861571557134,0.0539146777019629,0.380252025268387,0.652204980691056
"209",0.647739287142925,0.276251222256747,0.0782219051683037,0.853581841631068
"210",0.87864853098693,0.389732607821714,0.00210122820365597,0.566483974986479
"211",0.95144365017514,0.98375818897549,0.74159134039004,0.850898611655967
"212",0.0245032448053318,0.0757874486191577,0.193200421693747,0.103746808851821
"213",0.161458955993606,0.00465236328230441,0.297587308007661,0.154470915406814
"214",0.58973269559273,0.158498209240121,0.214941720368507,0.262514922248678
"215",0.757480479114023,0.809743773276061,0.0193662154629228,0.813946976662758
"216",0.85413166774685,0.537920882755766,0.800040239811705,0.807672155423083
"217",0.949017708392142,0.384613314453152,0.866305097292042,0.920005067242346
"218",0.0695440571770981,0.0724804264219189,0.184945712479253,0.266071609170498
"219",0.70509349973389,0.497189740044132,0.0328961880307505,0.0300719052628292
"220",0.449615886867562,0.066734188512585,0.00289309158102508,0.000741542874913184
"221",0.788653200070968,0.96329284950415,0.0045971414023123,0.1107380940317
"222",0.0428994826056183,0.00164319294491999,0.0197563653956837,0.00928872239424089
"223",0.172919782436373,0.120234464295318,0.900877810354093,0.452485163138834
"224",0.0456038980902993,0.120629567648985,0.00449351791148783,0.0388447896440046
"225",0.701337094676324,0.881342712606735,0.0123619282203326,0.928965550837732
"226",0.308297506241596,0.160402990658699,0.0240164249984686,0.0709737737606507
"227",0.985111719194382,0.00255910271259865,0.926931079022416,0.0197151390212931
"228",0.00175913075704876,0.0832982757841302,0.0692305413844128,0.107194129554516
"229",0.234594052832818,0.572045096989447,0.61524466858792,0.306774015196643
"230",0.150707579784667,0.304820461700005,0.765220876803638,0.47544894551955
"231",0.0890894548939888,0.00145694039181156,0.867149784795347,0.0103868287817097
"232",0.0928069260231706,0.431374745627887,0.42142039278146,0.193527964727534
"233",0.402341253590567,0.897296304170423,0.635684738034717,0.93648370931634
"234",0.0149112612637851,0.0927898612666471,0.0861210787821457,0.523084605780183
"235",0.188989748858375,0.178857715648872,0.13186396966988,0.0115719252979612
"236",0.106626753858471,0.0463292260474514,0.00385073583099768,0.649130630890615
"237",0.200835727075877,0.0359415730075009,0.53917692939888,0.117321639656675
"238",0.513102914634128,0.301292324457689,0.0844458832724366,0.677721126673354
"239",0.238773125153211,0.0595577717727844,0.00207156625012669,0.0056873388360579
"240",0.213022369034031,0.64576708258665,0.129580865087767,0.876147524600666
"241",0.518858368833408,0.692420243640112,0.528668085600057,0.0636965120804607
"242",0.917362689977773,0.740317976943751,0.175178078944342,0.28774968057245
"243",0.736156592884188,0.0424537565971856,0.848335505296169,0.103023402412321
"244",0.668425561290873,0.0486654535421596,0.6186826635825,0.805460340386684
"245",0.0208320174041248,0.251433880639254,0.0751189879576501,0.0814752879716246
"246",0.0393120023278733,0.984665006966639,0.937835429670194,0.00606060606060606
"247",0.330883498734698,0.615463697833068,0.587921624661542,0.638499593184275
"248",0.364906487147673,0.0385956345940359,0.514684601323533,0.00367658180520805
"249",0.888238277073493,0.467003958077205,0.00526078492864179,0.11121624352934
"250",0.287866144761499,0.115612832544218,0.514531486251502,0.0698313774304854
"251",0.15430457510529,0.923055710623335,0.970887376794223,0.770243627738539
"252",0.613059328798375,0.501521522134734,0.363217423519123,0.939334767701419
"253",0.000510465096675866,0.544893413014364,0.800580165790556,0.0843574367962496
"254",0.549882822898795,0.364198598200923,0.0703541285482619,0.0242367194359705
"255",0.919828587734195,0.815763982494588,0.982553170535578,0.00857072639371788
"256",0.812567780688539,0.857541206068827,0.957554479282694,0.147526557017443
"257",0.257628509120614,0.110992596619124,0.283123594209341,0.00151060186930159
"258",0.00349778794207289,0.284208378746531,0.104880375008939,0.0263703521540573
"259",0.731032595308955,0.76154950555144,0.704280335767918,0.903022331777493
"260",0.538045084679523,0.376867285415001,0.662646597405011,0.343678685401723
"261",0.837553053402825,0.966088466140458,0.0127543733500157,0.469387149163532
"262",0.162898459955773,0.0225055685899789,0.0604840114710794,0.00299073627260155
"263",0.0445605788796003,0.850582909837318,0.913567593040279,0.972353545311248
"264",0.00326819946007127,0.0402301497511054,0.901419950725011,0.989712929299005
"265",0.00484987981933196,0.856916314949596,0.498855314116868,0.683171461486721
"266",0.682368898096125,0.773693514649919,0.739775171471754,0.208990127825317
"267",0.963061873705421,0.24727448083282,0.902557238282544,0.911941594541413
"268",0.67001128057415,0.0244302788111452,0.308359027112602,0.297132384779877
"269",0.812566560836977,0.743893233685482,0.241338552797913,0.143853346686179
"270",0.132111717622959,0.68105650811922,0.555721336169307,0.119185524714332
"271",0.57219249982355,0.232788667125007,0.800136003077843,0.320883515818958
"272",0.62584606967735,0.763085349505563,0.192866007209043,0.795727037267981
"273",0.350242923064221,0.165950859376746,0.115873335712405,0.20267129153969
"274",0.0598502111462189,0.700260757239048,0.804763293764374,0.873963784905177
"275",0.00390983203532174,0.00404436742834698,0.0697228812416406,0.78216311025878
"276",0.62888551033004,0.350770009720611,0.544690280647895,0.0569936528552101
"277",0.0089908642735903,0.0190986875908696,0.231724596604804,0.0186158735010164
"278",0.267297612155715,0.451784444731407,0.00103075774935304,0.0425659846549036
"279",0.726696610020492,0.695200784515471,0.00220755954403428,0.628321768371368
"280",0.976649587999251,0.855744794332902,0.977601305306502,0.0906720989582962
"281",0.605525187140738,0.0400171386494596,0.285601988307113,0.15263545236732
"282",0.0138644601077418,0.584881138658005,0.272935068835823,0.731352126065481
"283",0.0930103551563843,0.287671435663712,0.201463253333109,0.515088668258812
"284",0.00946811537909328,0.113564166997644,0.154135211868494,0.949711647979185
"285",0.913847184527224,0.948764537713039,0.954601860785321,0.216231378024127
"286",0.418315576745421,0.342990814984056,0.696380635258674,0.517111015747454
"287",0.693535129939116,0.10967385187257,0.444763956828509,0.318132991919107
"288",0.911363702122151,0.147682221885967,0.868570809280989,0.803754012618275
"289",0.118207826634908,0.00164505044651524,0.0139869395041642,0.280495800182138
"290",0.720154769534567,0.860528270279523,0.473563117287855,0.549484282893821
"291",0.382573407916045,0.298437998564361,0.792734419498346,0.00146022444531194
"292",0.615237647864531,0.0934378569685194,0.581140697191906,0.334699778159239
"293",0.565008518247146,0.00122727178617652,0.23634977855213,0.762933126226991
"294",0.343787553751685,0.168382816450299,0.214318788110546,0.694628790174111
"295",0.927295829060929,0.953400899830904,0.0292730240795141,1
"296",0.0415570783889231,0.221104599200393,0.808536230280513,0.269161495199346
"297",0.712401829427814,0.456113811962543,0.716896525563353,0.0681704367800512
"298",0.0359980473819774,0.598780004983419,0.0308032811050716,0.934960684248804
"299",0.0739594413258554,0.43480153554207,0.0203405333447838,0.325874383474346
"300",0.31103865107467,0.47717894968008,0.472818049462801,0.280523552154027
"301",0.165815356416692,0.580081938619895,0.149067163870775,0.0866185953952012
"302",0.451762086317646,0.355952645511721,0.456678935674618,0.264270033174654
"303",0.0181573312952343,0.193124982548266,0.826174775564943,0.0414687149703714
"304",0.0202738088901326,0.347506630252757,0.15407837602783,0.556784809521079
"305",0.00971369990740425,0.596281084608557,0.310369861259,0.67527146446768
"306",0.028492248214112,0.197829280749251,0.298074875801903,0.652330183812317
"307",0.285499053768449,0.157093223004183,0.12427527873625,0.0556911981355221
"308",0.352564278318856,0.113030286555521,0.591133276867292,0.589268098995505
"309",0.842486128691141,0.00696493566644193,0.212077390665583,0.0348868970901912
"310",0.851780699738925,0.148788780986417,0.268230809013824,0.45833502027584
"311",0.0126674915179917,0.00464270693630557,0.0752636669750801,0.0524044238684861
"312",0.781724558863477,0.787024261349099,0.516693048427081,0.908878795491157
"313",0.646523698244721,0.0547290085904656,0.536835336155924,0.29852519228658
"314",0.823674402862519,0.840916897525912,0.801425276785816,0.0807838735854069
"315",0.728917651254253,0.876323296259208,0.834349587488943,0.0187941027050153
"316",0.0605977924522753,0.350264833755522,0.291374508512115,0.825099365588012
"317",0.994514518016842,0.853651473777416,0.00477117918388334,0.485940820894151
"318",0.356162533310733,0.461222788213278,0.354243459547947,0.778578793331915
"319",0.000967501170340869,0.147199121446609,0.841789351194627,0.805241054285819
"320",0.0973069192132392,0.693167236712228,0.641988546556938,0.179014986217351
"321",0.652334895974561,0.296178638405858,0.921358168362351,0.30527832056334
"322",0.45695726275389,0.66868239162982,0.162404259227385,0.253759287286137
"323",0.411283188204127,0.781393531124247,0.20643337620694,0.183485872933427
"324",0.918411805364112,0.0222426010896187,0.912081413954596,0.841752843264865
"325",0.0103567211060498,0.00335553990247186,0.220953153385527,0.647894008548024
"326",0.0171845933612057,0.202687026101306,0.0575796527907821,0.138883669896246
"327",0.0256530065974369,0.179078112319978,0.125787338878805,0.312928543964659
"328",0.141586773782506,0.105150883801395,0.342020810864785,0.357190352858457
"329",0.278287230251707,0.0126076479090823,0.737252009166399,0.627195323399752
"330",0.0153228996671891,0.0852221808945845,0.00185920562139882,0.00669255253671314
"331",0.389060477801325,0.0795662503624321,0.167938342486536,0.592147444923339
"332",0.177912640261044,0.351319554309926,0.0143668605998864,0.831770697997386
"333",0.414910317436165,0.477887073983104,0.223995186143737,0.531579045674383
"334",0.0614811491307902,0.352336636635019,0.0950295972732721,0.0450133911778418
"335",0.576588673655324,0.184124826553858,0.103193443062809,0.0842247303308978
"336",0.0733023373818667,0.860495710779254,0.827021467678207,0.741093994178842
"337",0.00166732423500242,0.915791318928485,0.0198279368419201,0.0191724202619851
"338",0.76725339520389,0.590256581932534,0.737906267171137,0.623445577239459
"339",0.418016980744806,0.527861743845239,0.161200430149556,0.0695806490878807
"340",0.673660284384222,0.528573429650654,0.547221412621626,0.423474675931289
"341",0.255266506271022,0.0879044148448702,0.195848013328136,0.374502595065352
"342",0.354376384165418,0.113011743798909,0.753380518047259,0.492900399481139
"343",0.0797367126392746,0.247119328486675,0.990433593565917,0.992074204403066
"344",0.00203781747903323,0.674781693500603,0.580422707383313,0.397848258815031
"345",0.242252154202447,0.0375656048673019,0.69947095157366,0.392898927560158
"346",0.846719951151915,0.716685448583324,0.153416752936783,0.988451394285256
"347",0.690689545960895,0.729004208046572,0.090815477357263,0.242862478765765
"348",0.789720240121894,0.925609755796167,0.662788227527482,0.788173948086008
"349",0.0239824616002223,0.625724544074428,0.443301430034884,0.336201331831396
"350",0.0215564385362921,0.654095192120784,0.106926322500628,0.106824497502664
"351",0.000707273591998754,0.983515330016842,0.91777996731306,0.0379427152755021
"352",0.288197770458417,0.448550477659145,0.214795354899083,0.546586421965221
"353",0.2758340459053,0.299687846611905,0.0545966693726758,0.00334151203618845
"354",0.833449911332079,0.890008152428196,0.74993186051962,0.0811930129931805
"355",0.667488077154524,0.264674035694322,0.2111340215693,0.882176857869526
"356",0.544964661640006,0.856351640835873,0.900617374135369,0.773881832377586
"357",0.184524601257828,0.419013586851531,0.722367990632193,0.330997086804105
"358",0.166990982710634,0.169383623348569,0.878728718906983,0.780724734607175
"359",0.507055129269085,0.312116536344543,0.119748093800516,0.356200429051646
"360",0.140547016523654,0.258372601267494,0.795309264996667,0.0554783313656443
"361",1,1,0.014031431205137,0.0666666666666667
"362",0.426546989408781,0.268170252882615,0.0556042567982615,0.659423203313854
"363",0.258021293335668,0.21927729881753,0.59837110479354,0.739094147561028
"364",0.749394540851368,0.00184663854726946,0.496935060922491,0.405939113704494
"365",0.516326046167041,0.447668555295706,0.938033944803983,0.276804101240029
"366",0.494335766403565,0.215624884383507,0.189916700916392,0.174350223515062
"367",0.181056028867912,0.843413383791663,0.390111891758001,0.200714989453322
"368",0.00194387046838068,0.116527847537449,0.138466788713858,0.148760261036693
"369",0.42189043019657,0.0609433146942116,0.0361611086137104,0.00603587825894702
"370",0.000902989985635034,0.00901916507127514,0.000987116836560437,0.122710694019272
"371",0.303815473859723,0.0493797658532203,0.0429368775381316,0.000676857930899238
"372",0.60009526369803,0.383844667066078,0.500589346418359,0.000889230000885605
"373",0.0586468363025682,0.728519831430483,0.460372896337881,0.600495766838053
"374",0.40119891794876,0.835421134134584,0.328255221403776,0.823173085169482
"375",0.830871760243074,0.475307431787245,0.473333001147162,0.871796168733905
"376",0.0872589577841147,0.02249379076009,0.000605406318119141,0.300519770614325
"377",0.330808513840811,0.0558518267874294,0.00722852558684146,0.0193062991200737
"378",0.349505670722499,0.841903496818831,0.61928130599316,0.668787760465234
"379",0.757856601709624,0.893959605619221,0.918678839048755,0.847137478135329
"380",0.0740299415284378,0.0350120771111354,0.373646576142445,0.334200939471342
"381",0.400651271276685,0.0298919624305323,0.491404898524626,0.872620632468482
"382",0.0289092692797603,0.0173848371029017,0.0014544512777211,0.0565114331552092
"383",0.555506104800185,0.678130740537042,0.507889730647791,0.578493630586533
"384",0.175854002523805,0.512592574584322,0.527140394355326,0.0810559705981586
"385",0.150083823992022,0.430195433762919,0.137148070437282,0.210987226870288
"386",0.482415366059178,0.688434883872494,0.258187619490946,0.732777017540709
"387",0.985203435500623,0.200380005090974,0.880631430653446,0.944204289018788
"388",0.150279991127263,0.0134076102127393,0.00930301592701333,0.119947432185045
"389",0.40418354719568,0.0188029630112288,0.570313275656884,0.571175221685689
"390",0.536081061599791,0.574038516666836,0.0411882527196699,0.0913759075573881
"391",0.589592214048755,0.818894845587244,0.460032317978486,0.1235241580831
"392",0.142486077927909,0.7549301893663,0.396769513724164,0.900722383088361
"393",0.0173287009338092,0.00231056765932564,0.021770489415465,0.134284484028224
"394",0.198816937749208,0.157058556246323,0.147314668212198,0.346973383502417
"395",0.607241049868587,0.581996348595407,0.828211158192677,0.634300473972168
"396",0.132400573518566,0.422422366516956,0.466501157158822,0.304657190937783
"397",0.0801976037249598,0.262267311248193,0.710863482982828,0.319995568343986
"398",0.0982810142070987,0.573059044603853,0.161983050510879,0.337629114179805
"399",0.105197046599378,0.0201050756623649,0.188125566093571,0.00580747668652559
"400",0.505507848345269,0.189731053474234,0.00524539849619581,0.119872003916912
"401",0.991039590122356,0.993410233812792,0.0131695932570277,0.0198221667423982
"402",0.339012789454147,0.72788608842396,0.263524136696711,0.00529140217305449
"403",0.525226746855657,0.00110978292877747,0.569619401672751,0.0154944134013544
"404",0.649825214193187,0.80010917842597,0.648901190750803,0.279470801210452
"405",0.916704027645811,0.948792241409164,0.968347316707771,0.912371074403098
"406",0.29564563353082,0.407024456065265,0.462852712186877,0.220976684829505
"407",0.529104750361364,0.158434342092905,0.00273211420839055,0.519225888184539
"408",0.0919393547326705,0.793610332735963,0.698165643377416,0.0713481052857081
"409",0.0637997875926933,0.275249141612394,0.244329717501781,0.597321994595363
"410",0.532466378318705,0.252200963275293,0.541285476772438,0.321226762837555
"411",0.0447305395168704,0.00258930543642647,0.354450312286842,0.230710119224531
"412",0.00350437224542126,0.262663358703138,0.16839352932538,0.192478342190786
"413",0.217865494480627,0.609752607318886,0.283296692251827,0.377890451066544
"414",0.663323867472202,0.9417690908181,0.900269314299559,0.674089929491251
"415",0.309160088026982,0.410004250442694,0.0535922279339334,0.122101952919647
"416",0.112534584992518,0.222515445357621,0.000506625382649811,0.00164141248907471
"417",0.513980365487832,0.279383168942152,0.034248588442048,0.812991177638483
"418",0.155757757135004,0.588150535187954,0.0182716398775486,0.639236796464274
"419",0.435901312068429,0.419999191456209,0.234221665066009,0.196535537312317
"420",0.152288342093391,0.720867019511064,0.515741197789433,0.289292363849484
"421",0.99284754218632,0.952082942468875,0.993201163132513,0.979013554763525
"422",0.115802864969222,0.148632987828972,0.264806043391702,0.0289655167529381
"423",0.345978817735651,0.247653011663486,0.279112246908161,0.676222172451442
"424",0.544702053018512,0.405224640731321,0.545531261131053,0.492166837918657
"425",0.110634315532445,0.467939674900875,0.826226151164687,0.810522958355985
"426",0.0596058905706926,0.0707466136913765,0.155751276809205,0.392584363640382
"427",0.54772834781928,0.731134462725534,0.835897820905411,0.0817144294073914
"428",0.124612705373718,0.240832755344336,0.0195042512914493,0.494208844944661
"429",0.240194101673147,0.0945453787565009,0.318002354466017,0.609084983395734
"430",0.456718381477927,0.041739647006436,0.241698897958394,0.00228192868023136
"431",0.410557646547091,0.19676519909344,0.319324416725413,0.318694987090318
"432",0.445298160184974,0.621759482970568,0.92884864633746,0.822119431363946
"433",0.16509065029939,0.303018411567609,0.436242416269458,0.883449954085952
"434",0.966588694274808,0.965929234199028,0.932517110634831,1
"435",0.0754249487902472,0.824309817114609,0.739447717037848,0.889803134100795
"436",1,0.100000194668186,1,0.0333333333333333
"437",1,0.0125,1,0.5
"438",0.56756644423825,0.0525284339447083,0.148095061277827,0.715908675221917
"439",0.000724127381450515,0.403957758474168,0.00205314920963081,0.0549523211420441
"440",0.520978723060007,0.980158532919648,0.931881796663345,0.00217282712330368
"441",0.81547927087054,0.119215913907655,0.890439988351763,0.026560387173573
"442",0.00873363410009195,0.0228242909836847,0.0014004679621276,0.0756124791891154
"443",0.717936540479343,0.779861579797959,0.022683718530403,0.857958108746913
"444",0.127005390578428,0.0654430803597508,0.0892728434447435,0.0176487301442992
"445",0.348950331181258,0.524278303142595,0.053747195236007,0.340769653859117
"446",0.415557976856833,0.275023532212875,0.0555528355609665,0.23343309319477
"447",0.0183173446818576,0.265499784305802,0.0196759515433785,0.59725964922525
"448",0.141339787777171,0.119195323273475,0.257456270934748,0.340567239633311
"449",0.110062162092715,0.637649661034721,0.006796537717839,0.5230707521579
"450",0.383572386094875,0.669280242450475,0.785314401097638,0.0890581773005029
"451",0.833597175593582,0.0400512430556559,0.0504336722311679,0.93696009686169
"452",0.160450944017226,0.328182145757076,0.344040935351229,0.0978312742940343
"453",0.630563998701543,0.597768019700118,0.658553091848856,0.703791167982534
"454",0.760488128816378,0.777544213377858,1,1
"455",0.369032529783468,0.18386672720318,0.617149677843477,0.0428526744432489
"456",0.0937786048218543,0.220679107187622,0.141400816302172,0.199739249361942
"457",0.19657011765352,0.295028066367947,0.0606431496180462,0.133674681155006
"458",0.0315354016069141,0.123098083656552,0.182210682433737,0.118458021233163
"459",0.0786235426749654,0.469791609625087,0.404854819317484,0.417725702611363
"460",0.60326831527942,0.782337435386917,0.492158790927804,0.719220097534558
"461",1,0.95893383719752,0.0169491525423729,0.863112049590412
"462",0.486311788053365,0.588612691400561,0.561354404838162,0.0250886762221587
"463",0.161208280221282,0.136708049597691,0.00198200949668788,0.00972011718490373
"464",0.204537192607912,0.641271643507561,0.939632734451785,0.903524827033604
"465",0.122107529104642,0.0395924729362448,0.290383511055801,0.585425661196856
"466",0.163059445934986,0.264270552587907,0.294116592136943,0.327336374509347
"467",0.89979528762606,0.988450777484669,1,0.156241460312427
"468",0.601168947615499,0.520666411766099,0.773870108809206,0.796797013728913
"469",0.760794001677008,0.973865097410949,0.0282426783957388,0.330276502101688
"470",0.177859725775426,0.0252504241607931,0.132284290111133,0.0727098241680368
"471",0.789732657332875,0.0587710411216552,0.82016938176049,0.557031331808244
"472",0.64589743645791,0.640992879322556,0.0226319947100662,0.00179039656722218
"473",0.0038049182139283,0.962195192340046,0.973011287199256,0.907849188653002
"474",0.115452066373108,0.237198116961326,0.448420311136238,0.618324618404493
"475",0.188000606283991,0.179890832167774,0.280195245397724,0.00174730863108211
"476",0.0257476343430436,0.00185510081407116,0.0233307358508678,0.163168132717595
"477",0.0793154979496803,0.0263461706687352,0.0822480911283891,0.147534096323649
"478",0.800944276585821,0.797660919724713,0.510039540918332,0.801036572248826
"479",0.714941627483575,0.690936474415333,0.748886896812256,0.00609961013152135
"480",0.862599605043493,0.0982125000362692,0.943518290067951,0.0987813844080028
"481",0.868836257178608,0.752977544898148,0.51143851127612,0.87778761712123
"482",0.328216309992523,0.190533548925212,0.29837480352324,0.170857861988434
"483",0.452904589995444,0.816614741488441,0.38507324226199,0.776873954181228
"484",0.358023619015321,0.698221873256626,0.824146444496261,0.49848292239409
"485",0.235017777410694,0.598398272299248,0.609700197986856,0.0263333783249937
"486",0.0300659788056989,0.26312349033728,0.315149493539386,0.472218392548573
"487",0.523123231987676,0.242192759823732,0.580914176031179,0.511912574488773
"488",0.584127371465929,0.0408615919658781,0.791812060657,0.0434619269634638
"489",0.322498741133498,0.00117103244732704,0.490831184909634,0.244563930018852
"490",0.834341174471959,0.619497908060663,0.574907773267653,0.617794342131638
"491",0.310369736280141,0.795242716878111,0.20645183810636,0.421330044561667
"492",0.275182803826249,0.548049420750977,0.15218695818556,0.725878236575253
"493",0.72736688687095,0.642139382824934,0.879567245833753,0.871685573594544
"494",0.185566084692006,0.021748419779768,0.0114875049286766,0.324747012082803
"495",0.00587719177129729,0.109944039363933,0.117948185185587,0.139764367499757
"496",0.259087588494971,0.431224919476663,0.348941300793563,0.363852525520593
"497",0.188948599427929,0.468787568137029,0.948572437985788,0.756585291815831
"498",0.537893931293071,0.851940106874009,0.255847432912783,0.112753248671592
"499",0.907833657065223,0.078223261971681,0.0320170519662026,0.439410290322606
"500",0.0353543745877549,0.141516940794913,0.00246671888886794,0.432024504029804
"501",0.730888139932366,0.491269133577143,0.729718156073368,0.0137545133424686
"502",0.513604754396713,0.128887768002613,0.0516077722118486,0.641057712929006
"503",0.938666818794413,0.135418705866601,0.860382427067784,0.0851849266559207
"504",0.309006497335701,0.569205763636407,0.335999734067901,0.212115352457978
"505",0.110003781335846,0.674123081482166,0.521174563776749,0.731500849220592
"506",0.15679917818524,0.00282731806758447,0.450427372416296,0.0459678123591176
"507",0.312842523917099,0.612846304149302,0.486706409388287,0.391340701860922
"508",0.585424868405376,0.386439825381041,0.370663710519984,0.286992306850853
"509",0.00136512826887841,0.00490955409839943,0.053126986921212,0.350887937852927
"510",0.382273782624431,0.573639420592466,0.024154118918297,0.344339968716444
"511",0.111458450814638,0.492025336048664,0.589274847051452,0.171742213289125
"512",0.231391279512973,0.17498213700214,0.0319313597533328,0.19644434968854
"513",0.848751423938193,0.0327680525633638,0.0796253858804354,0.749257769980366
"514",0.39826445895464,0.676132227282456,0.571488625419589,0.512610843914246
"515",0.216716615766775,0.248940011821883,0.892640003130009,0.229768449283547
"516",0.0390659108484594,1,0.956881948240057,0.972238953339828
"517",0.35925607680878,0.0447888249123792,0.840471295638506,0.00198912255821061
"518",0.861438143785034,0.726676147581016,0.651710410760275,0.56338624369573
"519",0.184649307343223,0.45451818523911,0.169422195310477,0.292104542582053
"520",0.30827104499078,0.574841841603763,0.0108600740885552,0.434113524722246
"521",0.783606501224546,0.00250599439021719,0.345174464688707,0.640467231508349
"522",0.344454430967575,0.636831076242738,0.619153052044437,0.629329028363206
"523",0.0420088687349306,0.209231419397866,0.0520202342498859,0.141177256913363
"524",0.756291437492173,0.780146148772912,0.828551774357402,0.653787982638828
"525",0.324023816247517,0.230731521962492,0.00170764506997897,0.121618518850443
"526",0.559769620082046,0.907002533284902,0.95669192879008,0.986057747969379
"527",0.00414386684459102,0.12558565868122,0.027023617927806,0.00294451740794189
"528",0.530004711629999,0.0104365457696611,0.107950583239044,0.0455885313425104
"529",0.10566041023928,0.581511512357698,0.301208276312436,0.728952267980592
"530",0.00404941772416702,0.00401131817745454,0.276877000823523,0.39095350771518
"531",0.160102307284494,0.298800143961429,0.354686032376091,0.0112861477971041
"532",0.983635872681574,0.955349468661643,0.947799331384413,0.892806587191533
"533",0.199777119670555,0.239117449403037,0.12206314038966,0.0219124779592588
"534",0.557903578805772,0.43584983813277,0.696962670457462,0.221967626306914
"535",0.865843165609768,0.707392799921989,0.0569013449613085,0.670965099557211
"536",1,0.971257932112776,0.0918768118671261,0.0263157894736842
"537",0.023007886140504,0.934044132499148,0.942798884675498,0.857418767262185
"538",0.371517184687433,0.0111945755211375,0.669010343101156,0.460733459515837
"539",0.29985859351958,0.691736435100643,0.351335727665229,0.298685796653499
"540",0.427161960454943,0.300742887569021,0.152556905900086,0.711762405661628
"541",0.017851846016292,0.803098306212253,0.00475843603398484,0.858650058511023
"542",0.312244620936628,0.192235497684316,0.632177836024232,0.333336300115468
"543",0.547891799448,0.0374031604968798,0.743630188529611,0.637234618478347
"544",0.769353567701357,0.822063799100105,0.169338496856212,0.69728858125575
"545",0.0784567809395553,0.427930931696711,0.798452923717556,0.611913100932931
"546",0.234232474172134,0.00120352482630844,0.743323970840123,0.619650641139951
"547",0.934398323823818,0.00131214240499888,0.00056527899975212,0.00432694108720559
"548",0.862656252341361,0.626081312140577,0.565031770868938,0.568602006463579
"549",0.828459534078716,0.49920026195279,0.311025410689187,0.499621947752953
"550",0.313683727098677,0.0619988585032481,0.635109552227795,0.026629626289309
"551",0.283003518414138,0.198764589159613,0.646565373147464,0.248983639309366
"552",0.14930127279228,0.0541759935024356,0.0671862443388222,0.558265501582363
"553",0.78731984138052,0.627293280430281,0.805007124023599,0.69872165676525
"554",0.448248764369989,0.860606903166112,0.739060740439859,0.851222576002901
"555",0.260138387436169,0.0461843293246893,0.547401990309356,0.119235571904918
"556",0.00414142418366479,0.0528030207361844,0.175880537155749,0.00058837114300198
"557",0.612622733410331,0.316646038045654,0.246236805037847,0.3211006119039
"558",0.0396558613643205,0.38056549978521,0.300001142416463,0.737895324280829
"559",0.153940182005696,0.415803407307983,0.0125947593884684,0.571601167634734
"560",0.379412127811977,0.208051751347425,0.62425527611676,0.659629736546058
"561",0.449011096501447,0.500944851835439,0.119129439345768,0.181410490298659
"562",0.103038084339273,0.01750071151529,0.0857853353616423,0.825650275368003
"563",0.312195410952772,0.433710363615546,0.615982718735142,0.959334818571627
"564",0.135664761272783,0.00127622775174731,0.12986031104659,0.747288345192597
"565",0.106578575451252,0.482431843109864,0.478076487301738,0.266338671705254
"566",0.505971322423332,0.602747629804333,0.0490444257159972,0.45113494741905
"567",0.689558226651986,0.159085555725004,0.80254445052145,0.227002275672835
"568",0.407922647119687,0.956965275502022,0.925523634896157,0.807576607411244
"569",0.257273299521251,0.30261467516032,0.963112695030898,0.91103064597225
"570",0.849187291742978,0.852823446165909,0.246999778736102,0.97368789218691
"571",0.00882486953588671,0.0816892540018075,0.23701552331049,0.583526860485968
"572",0.909707174661978,0.835685247054484,0.659380694580483,0.566267864527604
"573",0.0592013533085892,0.491807323093901,0.127613725869715,0.498795869358372
"574",0.86565657088448,0.234151986737782,0.865204948447529,0.57544680147267
"575",0.0812489789976387,0.45228132577067,0.422679779289639,0.356337253597688
"576",0.21307294883729,0.776879213466696,0.353748266948254,0.568135920091352
"577",0.427369960793564,0.000906813554912423,0.319604048047359,0.707766235492969
"578",0.431534036813763,0.643078646051313,0.234918109977447,0.633913402664147
"579",0.537697425274457,0.477569935995889,0.7045385618942,0.0335660794519666
"580",0.495816083504525,0.503711474537505,0.263282468747623,0.697214755406163
"581",1,0.944371053038432,0.0244990411410854,0.0123055712909745
"582",0.250217228711557,0.16926035175863,0.432869817046652,0.0332961687093184
"583",0.226163926590899,0.0503142536584563,0.563809382860953,0.562668603158683
"584",0.20355269705702,0.422300902187949,0.146493717479222,0.259589638966167
"585",0.927277662818896,0.00656842732052456,0.819604910311962,0.367854227551834
"586",0.302695752269634,0.283473495249946,0.161984521100944,0.19770358227022
"587",0.727839233245595,0.122615400027969,0.350867303691378,0.0564201969454546
"588",0.000509688062959265,0.946444780095321,0.00107106540573238,0.017773100786497
"589",0.305350379176537,0.365160211274446,0.0237660029818296,0.595557953049707
"590",0.432908856592196,0.285953087191829,0.572020479107182,0.345796521954039
"591",0.63316351625174,0.254038185569463,0.391658464793794,0.239582783807987
"592",0.0407780985400159,0.545419413051818,0.213066295836676,0.892655803655399
"593",0.289690216806021,0.0788740632909973,0.26062029502753,0.183894519973846
"594",0.609392354698891,0.495011826393264,0.796536411491593,0.545419727296894
"595",0.408249667046843,0.455232658868484,0.587535523938276,0.625555193429502
"596",0.0815038591000359,0.87405495768027,0.959906509635645,0.0974271455079989
"597",0.497333314394497,0.605544365892628,0.400745465733496,0.395844218296919
"598",0.740966103216498,0.742798448923032,0.164893826538318,0.51281770301314
"599",0.608534219223876,0.118003302929114,0.444982617296514,0.631592860320278
"600",0.0851500004174585,0.128486895412152,0.0912029222628361,0.0289265584675257
"601",0.914402285860007,0.252114360471348,0.907724335031004,0.603573517906843
"602",0.139614738765104,0.0455116031606366,0.544875643296825,0.890771640858166
"603",0.0151278725520871,0.306430576786291,0.611763426106018,0.268076148568282
"604",0.655187442698984,0.973401764898872,0.0558684455828625,0.98439170877871
"605",0.118325064899003,0.471531901067465,0.211888887742928,0.544370015695075
"606",0.458141122467345,0.362890051001786,0.000800641409476647,0.00500428560478035
"607",0.186802730358303,0.688849634736935,0.793047020824574,0.0372847050787199
"608",0.891818223696905,0.0689092383839461,0.020207492426287,0.929892668069741
"609",0.0455807773567473,0.670434942281936,0.0746954957315956,0.214503286402103
"610",0.414068391707433,0.9540445826431,0.204023416077816,0.0219583182263214
"611",0.103669954397414,0.00319616069272313,0.000779585863659661,0.0167956479221045
"612",0.0794742343084247,0.219291230764283,0.258424639171846,0.370300785547114
"613",0.00215452589740057,0.484751419487786,0.334064226031623,0.698052699808551
"614",0.834228099888993,0.00145377707568824,0.0135786677006925,0.862595632036043
"615",0.359346645807385,0.41369421900828,0.41078225656006,0.183083510094187
"616",0.61447099444485,0.425022193340278,0.22498865196796,0.335009241431775
"617",0.00150519306270597,0.86321668572119,0.424542345303649,0.791228263523891
"618",0.242082925692137,0.0666990937155414,0.265081058511466,0.945143172104424
"619",0.909509034377174,0.653330217138061,0.873564474577915,0.892580207610591
"620",0.718782496491089,0.28611421948134,0.0297879059526569,0.00206760576769884
"621",0.766911495215525,0.460469533134584,0.448367673366846,0.291477451669694
"622",0.0135412420505,0.00101782894173164,0.178072472319897,0.298741871655609
"623",0.937102981838647,0.929937228923804,0.867449721700896,0.720323025424247
"624",0.707226326816372,0.0953108653791908,0.824399757921386,0.00259692138881808
"625",0.330856998050358,0.797261880685059,0.48035580307859,0.00129993858821336
"626",0.537754103847951,0.487839923200654,0.167045514360142,0.0438981017556552
"627",0.334510382504862,0.383367151590702,0.581622983775111,0.09760567303204
"628",0.974126492116139,0.167062456556473,0.339009625296085,0.0237909542665094
"629",0.504159369855071,0.247301188914255,0.0011626817165695,0.519435030448124
"630",0.50926297668431,0.0742785086366046,0.593075117007227,0.149234818515015
"631",0.0726946991464581,0.02005443659355,0.0977372690866748,0.483986471442128
"632",0.932848634580888,0.704406044372141,0.806352490140255,0.37132308087825
"633",0.421150000683227,0.23138560543315,0.351389491581431,0.765678053504597
"634",0.693835135795516,0.749913765047513,0.674074010631782,0.1460575486373
"635",0.538789289777739,0.651560378049902,0.750095582280834,0.349065234639085
"636",0.576598438062623,0.838493454252231,0.37776140671803,0.023507650997021
"637",0.701268998683263,0.580296192415835,0.298065777585862,0.071594763822288
"638",0.52507460612596,0.414643123498696,0.44965023117705,0.112884730211717
"639",0.69312398640125,0.302719250756382,0.201310035206797,0.625654728305139
"640",0.826157808650105,0.838769615640056,0.692969236639895,0.556323849842637
"641",0.670605448175026,0.179307509013744,0.31091056416103,0.405846050187429
"642",0.678156493802348,0.658723123610039,0.686781575989231,0.429450427583378
"643",0.776123256395763,0.930309587839664,0.762457391779147,0.830163545320391
"644",0.200578819181838,0.704810877365313,0.283778224354175,0.586576702598497
"645",0.0937041246152206,0.932344287837834,0.178579921897505,0.0131778391575775
"646",0.0063201412856997,0.707035878641316,0.00548343503653959,0.357741538704253
"647",0.444660099452159,0.990941612595176,0.569787201106457,1
"648",0.600465508979838,0.754396823859498,0.731541130760768,0.505424345797459
"649",0.0777888194581194,0.897058926204188,0.866645576856108,0.069042975743167
"650",0.558276660878269,0.590883435887691,0.886251566276591,0.276917135164607
"651",0.740685695504945,0.439855457466996,0.151846470094644,0.56340282992408
"652",0.221444314675262,0.0173333997875502,0.500121935693863,0.790807934964552
"653",0.951879340246865,0.779881378071321,0.723415343662404,0.794140421327723
"654",0.00464353225502215,0.000796248194912421,0.101886239285593,0.226569795229824
"655",0.87170562027867,0.454832246263235,0.846960332539118,0.157998162476503
"656",0.821155159498473,0.0827644692205892,0.00674382202001353,0.889138473661547
"657",0.543193638684133,0.0659610313163787,0.818470359627598,0.852682647103103
"658",0.67579954721811,0.00468773561488976,0.74720798907976,0.397760593072701
"659",0.383891086541608,0.362500945027022,0.261294847208557,0.293697436196986
"660",0.464107990636362,0.480409405438514,0.368621584032717,0.048475759971705
"661",0.041238037690832,0.437579072436419,0.747263556961248,0.828426445523757
"662",0.0115680558870264,0.81671601212466,0.653152447060277,0.128813545277636
"663",0.744630486982684,0.807924086139893,0.0517939394704672,0.559618559373064
"664",0.738342896309839,0.259538076293579,0.647223540018133,0.907736005966185
"665",0.055385926778983,0.204562415452332,0.634482457519205,0.572313620847729
"666",0.921203247493022,0.214388392168074,0.637747637207836,0.835441863981375
"667",0.305924393184016,0.271806401035476,0.505944501779499,0.150385319897218
"668",0.892193302800966,0.0086379308167306,0.0858720732252864,0.967956366438923
"669",0.198005347123145,0.00278925848824937,0.261883492315558,0.0187111311200844
"670",0.689676558743288,0.507514686943761,0.951566746174289,0.0951715375852115
"671",0.576810856680092,0.483892209243544,0.435856688061194,0.481403091186103
"672",0.787200489836159,0.772934828688736,0.642569532053493,0.425798412789122
"673",0.600236017533019,0.388701743646802,0.196733527621111,0.139923721374591
"674",0.640974064324378,0.853945486399418,0.809147572323843,0.0927387546951644
"675",0.755760790189919,0.0511012094010067,0.8435468933112,0.96232542660311
"676",0.927661567156279,0.67491986726696,0.841484223914465,0.8773442645637
"677",0.0505204082566993,0.91686225138556,0.169515602470164,0.839489611046198
"678",0.677813293699859,0.183652956299932,0.363767344628669,0.619895918422485
"679",0.266923070939073,0.897424124490344,0.392682901965194,0.692060647929353
"680",0.393721216202771,0.955999627282486,0.911380265650319,0.97655228171759
"681",0.693377484060281,0.408333425093317,0.531734040648785,0.0941245776188061
"682",0.859005183135462,0.0180090980890528,0.278155406133648,0.659508208192893
"683",0.468262185588355,0.00816337331252422,0.0198106211098037,0.803366749015107
"684",0.902174202896193,0.790401534086138,0.935830296101891,0.897465976179163
"685",0.546887058537889,0.51953278819833,0.0464531939351755,0.193521428575721
"686",0.320440914649352,0.0464936152514116,0.4804076076809,0.398197976710602
"687",0.867398170513465,0.294795570962857,0.0622442366296387,0.727714831711813
"688",1,0.957179010407855,0.000865889560879886,0.00117239907588613
"689",0.309128546183535,0.165660629105974,0.0453806537565265,0.01043921613684
"690",0.821116375607879,0.607563680839923,0.909080515424416,0.800227579864573
"691",0.521858709634369,0.261285936233428,0.124281232894774,0.642899834077301
"692",0.410306111195599,0.660389878435917,0.301124464419658,0.595499338636315
"693",0.00193618195060944,0.00583386466447231,0.000703799460124145,0.0194705475625209
"694",0.604692413570676,0.279002107913886,0.404954836405419,0.346023418894068
"695",0.00321543799356954,0.550991203602369,0.367364377087468,0.339312503718473
"696",0.275486206276409,0.741755365528877,0.441975753520882,0.330698231877791
"697",0.101433850482476,0.4352909796519,0.173721026256139,0.424264506932345
"698",0.201943092487192,0.262841569537615,0.153189950083282,0.519234751865597
"699",0.31880224937837,0.49028779881909,0.439842394862413,0.413039837184741
"700",0.0350122268442203,0.0581320364017849,0.899614107585176,0.055905012668464
"701",0.29249562531229,0.162941331896331,0.481749789336136,0.48011082630969
"702",0.979273929930374,0.969756699815048,0.651230105337445,0.734831621823646
"703",0.141245505486925,0.076289672219233,0.427901554095798,0.21128700565758
"704",0.063005163965096,0.683704069358623,0.390689987678191,0.731406550904898
"705",0.00145966874693813,0.0187505150916972,0.337709639549307,0.147880339199618
"706",0.541097346953554,0.0366546992680026,0.0184727997062367,0.000695165749150056
"707",0.467643995070945,0.675457941546077,0.799813039032258,0.178845958140951
"708",0.11855061002878,0.0165618163051766,0.958042077874533,0.151134481833121
"709",0.000767003526521177,0.000750595529224259,0.629703704307631,0.48937271728082
"710",0.505832366445732,0.35555167768913,0.730943222910863,0.553802926882298
"711",0.000597575759689737,0.0607776341179187,0.325845360799099,0.0290378222755762
"712",0.0745651104434113,0.579329427027641,0.343074738597598,0.186283200787632
"713",0.131925132556126,0.118066373140644,0.0882097805652759,0.822124433709996
"714",0.691777777542553,0.526272857304471,0.173822676473454,0.774963575204637
"715",0.00171648740717772,0.818863580510371,0.695013512259898,0.920438544475877
"716",0.630649878875508,0.499542078161289,0.550014772481174,0.539678070742818
"717",0.432203848842149,0.548202400726369,0.404949686662648,0.523495458054906
"718",0.749393521200404,0.663411297852213,0.380360762226354,0.498159055871555
"719",0.448051433288621,0.236136576754131,0.299051098705079,0.269806605102876
"720",0.640385393132345,0.0161008681399942,0.601743366892916,0.19757262001992
"721",0.966584511381929,0.0136121526268682,0.982292304549641,1
"722",0.365968803066531,0.771630041271835,0.384414003885266,0.516725467664917
"723",0.121488442687102,0.174936902893045,0.193529268680985,0.140625667747972
"724",0.0104068505871938,0.0126420446842507,0.733044272792628,0.281365511193385
"725",0.667121019910756,0.0165932140287804,0.57324153713653,0.803228986631753
"726",0.976485143958355,0.844038910958142,0.864703449973663,0.0613608550017916
"727",0.144028944621512,0.742230752912697,0.347099566529754,0.15326926329884
"728",0.0272588531838247,0.138207321927377,0.013863447818795,0.0399238986717847
"729",0.604500929226382,0.00939061037769409,0.000754710901341656,0.148577964936581
"730",0.440838922826462,0.257851329020374,0.918478464020394,0.621872578596709
"731",0.333795619502117,0.00229701771825538,0.634266798083949,0.601275789669957
"732",0.901866305247565,0.365585909681239,0.783842704227111,0.921939088361913
"733",0.0190849336446273,0.84558252674918,0.903340741703218,0.00535671081552515
"734",0.774891780040444,0.179367992302253,0.736210998859935,0.784876517773126
"735",0.548773439880804,0.708521898577473,0.876132119080466,0.784832396044729
"736",0.433470672053641,0.156925897568398,0.177627886317437,0.657572714253407
"737",0.457360721099494,0.451981761826763,0.248320291454457,0.823030087312548
"738",0.934028247988027,0.345481571146206,0.271731784231414,0.00227529719655281
"739",0.707401961484432,0.029220234089639,0.207315454069921,0.606498802081075
"740",0.260399667580824,0.401968634955914,0.125575051475326,0.310769031870704
"741",0.538075374585819,0.398751139968585,0.828769822800918,0.139708711390619
"742",0.00106818292099754,0.211041088302886,0.00260503490013028,0.220116368778107
"743",0.00322908235624156,0.603797445511146,0.13340798593528,0.302016302023649
"744",0.000762514802259033,0.264939637647411,0.242864920057804,0.0771229109015499
"745",0.142475098556662,0.268958922269662,0.842958295229336,0.741161214528875
"746",0.486945859206375,0.0716258817191299,0.79233807636394,0.842650255268803
"747",0.607908257110607,0.90533593828727,0.0479574608891232,0.913832682600773
"748",0.0281654894663405,0.0847394866572955,0.422353887245663,0.00468690477572301
"749",0.801190207053624,0.776578846216594,0.336280771685104,0.522521549141269
"750",0.2763399651043,0.140514415477303,0.512057318929494,0.0494297124768196
"751",0.955234840664397,0.177123689207386,0.991538679326724,0.0832291878544166
"752",0.0977271526175114,0.718805735192506,0.136541365030015,0.430162171302863
"753",0.210005916775907,0.553526308938669,0.518852167018552,0.649057295481074
"754",0.553918899720565,0.771634880671892,0.191313788094206,0.141738352992529
"755",0.267666437651263,0.00914240341252983,0.326005060700669,0.146323037554433
"756",0.729730480155133,0.0871204498984725,0.261481253003669,0.183457445818726
"757",0.855535298973803,0.180561104538083,0.69158392142102,0.570267941322922
"758",0.370453245651335,0.0241984701814235,0.14941489387186,0.427897626109519
"759",0.701366617898499,0.340777962833351,0.562234465825147,0.601623083141684
"760",0.00229358386201537,0.321735290018208,0.0504197321431133,0.463271391925488
"761",0.839198701421796,0.758337100495033,0.835700463058637,0.31828104291209
"762",0.599596389844431,0.467086783126938,0.238892908853821,0.210955770681999
"763",0.160460944366746,0.442623684184345,0.36090043281125,0.0561563466906637
"764",0.33274101910889,0.927040006185078,0.211714389723344,0.697770757021321
"765",0.842154506573945,0.124331062363038,0.761746179121175,0.697887327689044
"766",0.361843095416758,0.215240209792224,0.606743008599274,0.448639955360037
"767",0.00272167120784021,0.540468636786065,0.0665807862814664,0.00607484398648953
"768",0.514008384804146,0.843715244121757,0.792097823603229,0.573000458944452
"769",0.502727703788818,0.56192647494876,0.0766355097567111,0.476146361707958
"770",0.303810088955839,0.127867826892765,0.449393126411988,0.64181231593813
"771",0.0978755831966519,0.17608390106958,0.400558157114909,0.969066981565737
"772",0.763322901616979,0.0130791691084918,0.301575425091625,0.815473102641596
"773",0.38843903970086,0.391116897793638,0.367627117892934,0.592226729659054
"774",0.285559130151891,0.270474816476667,0.93786865959387,0.730380339152109
"775",0.00592998762857311,0.27131274619159,0.135336150275562,0.485363176980395
"776",0.779867343173241,0.644349305075636,0.655550079657107,0.643101601485922
"777",0.0290838676923916,0.950137784382682,0.959023048479561,0.00495828179138272
"778",0.237060082847368,0.956483967014874,0.874842888813499,0.889146413426871
"779",0.199172969795685,0.873557790340262,0.876885365924246,0.167517922281089
"780",0.631477840898324,0.143043352785388,0.085733395795462,0.506355667189132
"781",0.246369231761856,0.00151968595230443,0.258044480333936,0.0116027826224554
"782",0.777439854585715,0.506008233074239,0.748462775695595,0.205614972305897
"783",0.0393639299656741,0.641879377972627,0.0174232841411593,0.807532257487718
"784",0.144843322100408,0.619717989664368,0.387812955547281,0.0352918614294939
"785",0.817185684118909,0.167706332278857,0.00680911699468627,0.719686696284393
"786",0.264845456880089,0.212994484436304,0.00509299137206182,0.056403737151743
"787",0.846513806762182,0.746419969261365,0.443466233931644,0.610449223744651
"788",0.587463221426829,0.642707311738104,0.00124222782121378,0.211730546732166
"789",0.232647963667827,0.645385025639921,0.0796027277050717,0.492447512699566
"790",0.240668436129181,0.662632937256333,0.571896328585302,0.161531072044308
"791",0.0665306691652079,0.245926750086998,0.420545750075375,0.209147804256305
"792",0.0726301014081234,0.00610895280545154,0.00786269860719024,0.0741776441148087
"793",0.804714601510039,0.0557754851665505,0.625583785548298,0.638103520009929
"794",0.557752534215659,0.42858546193264,0.100876199403975,0.503586329344383
"795",0.949638435373317,0.00718926480199931,0.927727042015038,0.676636268374078
"796",0.978556748877035,0.991943094719451,1,0.00133024879263742
"797",0.971670626351753,0.993613514578063,0.392818742762364,0.533868081966429
"798",0.838721720195566,0.727135041647381,0.754403751470691,0.949878641594097
"799",0.750260151908458,0.435905274796796,0.225882383434665,0.0633182439189365
"800",0.292096061926643,0.431140106225591,0.388273450078716,0.00221492768835401
"801",0.0182950049440892,0.125363681090361,0.00272836389976148,0.107430594105496
"802",0.798159865447573,0.55566251760416,0.371184365517534,0.497094819667937
"803",0.483578198693162,0.348074999273598,0.19214755230748,0.435583563870113
"804",0.849496855318915,0.823787722745898,0.0141821824022347,0.899451762305165
"805",0.592242343785439,0.629007101300808,0.686580866686493,0.570139246601328
"806",0.12551057503454,0.955499477259717,0.946269949155701,0.932615070964298
"807",0.785598684886002,0.164143498390832,0.881452212264569,0.109288823710432
"808",0.731096530328476,0.600219049905502,0.537578327434131,0.210218729244824
"809",0.550923986776478,0.813280707349755,0.909812196718853,0.470463254763605
"810",0.610590662595532,0.328546086250185,0.633341846716834,0.310167063413465
"811",0.675772260247436,0.662590358513939,0.284941537355172,0.649569434764265
"812",0.696907918699884,0.846216011573778,0.0660083145943006,0.402766497993916
"813",0.827214617279292,0.00149329690311904,0.826980197679335,0.0163934426229508
"814",0.900540739212866,0.165363821423587,0.582394502234953,0.537926424031443
"815",0.19561938417784,0.247189008023228,0.575777610657918,0.461218359323219
"816",0.36312415210089,0.008376660266156,0.801950104607879,0.310758179034306
"817",0.823524711760161,0.0871793261607306,0.650561931296708,0.173687802541963
"818",0.402339428839862,0.121546147973741,0.135872694665261,0.739616286438314
"819",0.480405478818922,0.0517990251073606,0.260050234203974,0.225938527350623
"820",0.305482276703379,0.748728343863431,0.555567385660891,0.0880652636363035
"821",0.626658080055953,0.868983826018117,0.586299622999192,0.184051918477901
"822",0.00154391556757136,0.788621820543109,0.748198557868099,0.657952076844011
"823",0.000589098189228298,0.878843461833816,0.901579488253226,0.82206974962862
"824",0.00584354197897533,0.756644282671247,0.798489294107235,0.939715336362477
"825",0.182193215318355,0.269457246385019,0.194283765457925,0.416447254692695
"826",0.0800424673245038,0.206868562410954,0.156697648053566,0.22009828115196
"827",0.799619402413136,0.0213519343314846,0.392742916881212,0.47723491985237
"828",0.930788684077398,0.992615155579634,0.944585462131724,0.829757265684207
"829",0.528517757209273,0.143576058910783,0.513022526681646,0.302654272342806
"830",0.251216323272879,0.0694428828701498,0.550604821033089,0.00489529055195404
"831",0.911877867998675,0.0148296238250366,0.0398202220351216,0.851963145886991
"832",0.860361191719772,0.976770963877062,0.907610804905412,0.0258686731664811
"833",0.824842355917539,0.868607311120865,0.473591760144538,0.769502497239169
"834",0.432678408091677,0.210186915045293,0.273916633117912,0.219505806653095
"835",0.524288522047763,0.665031455991676,0.240819749559398,0.00118450988990736
"836",0.447978569177611,0.45006471542342,0.662024566043348,0.45789410231529
"837",0.574019784770563,0.847186241787393,0.772424614324825,0.00541834277843681
"838",0.0705841180255763,0.653880203447487,0.842904987772847,0.722588048172665
"839",0.699771489380158,0.545205306215502,0.826906451958351,0.538902610821748
"840",0.671738481751711,0.662331286820017,0.494961381394923,0.0863344995656265
"841",0.670358994423951,0.882659097404948,0.908211651104013,0.643967797147091
"842",0.679888471765129,0.909552057010594,0.840559026527766,0.484253820538858
"843",0.0128267730235158,0.293097250107243,0.0157638896587104,0.501005731706337
"844",0.0886094297629853,0.00215277130076046,0.8583448153565,0.86225906962863
"845",0.589339643331703,0.315926826054711,0.229724575075648,0.321763734964752
"846",0.899880139430522,0.0151111187863705,0.203854914939385,0.799202933371522
"847",0.341671516140003,0.835272840903073,0.84976180847998,0.239093020129679
"848",0.0395522738880847,0.542151029279304,0.299395526303843,0.100121372076722
"849",0.490717514945545,0.544284507172537,0.686833533022849,0.521178229010102
"850",0.0304891669873192,0.0922656207293583,0.0937229918242387,0.319082917228628
"851",0.133418621170509,0.467964644083118,0.260858784556098,0.430428675984361
"852",0.0156107449573778,0.505725106277421,0.248685608640675,0.0650751448241169
"853",0.0728259364992723,0.00100208371149948,0.397880133462301,0.0509577408231716
"854",0.405098583666377,0.6656011876137,0.548999504656283,0.868793110005838
"855",0.535801479857864,0.267029978801031,0.159352548808694,0.22337999034708
"856",0.734470877512456,0.185513167009815,0.862327869537526,0.643482415475446
"857",0.264579722662176,0.449579524687036,0.231875702366903,0.430273605841182
"858",0.885362131723794,0.76782614388271,0.721933792439869,0.0741031647906677
"859",0.0548076326544308,0.49035275630555,0.489402457792886,0.78291173377441
"860",0.00160147040467795,0.909342771127105,0.296690190859174,0.468143812069609
"861",0.334598746443143,0.14244676224969,0.146978407410532,0.0911315214533463
"862",0.249641332199276,0.418774417067673,0.61644426441274,0.128841577091497
"863",0.675792491882944,0.29135437813811,0.75225033259504,0.729252114879743
"864",0.0143355591169775,0.869957184024898,0.419649346989717,0.6471177222515
"865",0.45610454436142,0.438827467034315,0.267752678048458,0.135038553999608
"866",0.285793092747846,0.088258911600408,0.194210475029978,0.252561302334729
"867",0.802299465681428,0.703848706088316,0.851182766401469,0.742799747820702
"868",0.420322400275227,0.532673576408701,0.00286533635908348,0.350096323668693
"869",0.00166525791853514,0.00408484377572782,0.451649991581142,0.310774181933589
"870",0.0986977954590764,0.0799983643115045,0.742593416080782,0.271787851414037
"871",0.32967331086289,0.293327587788824,0.0134097492125921,0.0210811713137477
"872",0.220935926230786,0.299962429475137,0.391458128461923,0.00103710717968256
"873",0.695510541544451,0.468244016927157,0.661465079788255,0.352116024952078
"874",0.325760957230498,0.678673467002737,0.333482440713719,0.0467943117875428
"875",0.0629541720183845,0.0553528560470146,0.155632789548057,0.149731620155547
"876",0.447635441464921,0.39119651307383,0.646864117888805,0.341797708448197
"877",0.597184593176881,0.918524095742136,0.465229236450565,0.0206599404134735
"878",0.593199082930719,0.513316921459561,0.321787543155751,0.0903067708559852
"879",0.920102461044007,0.737173156211851,0.711056912838632,0.9516067635889
"880",1,0.962825241689775,0.967804008529964,0.739202196770647
"881",0.00522704363472222,0.808835014736494,0.248544985360478,0.408738920979791
"882",0.749035469114829,0.235847599453508,0.215295524384416,0.797898430328247
"883",0.990467754791306,0.984456701785604,1,0.990573308418373
"884",0.430768941930624,0.228327865903501,0.330412044857585,0.235205151900484
"885",0.77191898280735,0.571494729837069,0.11375017996506,0.435116667902412
"886",0.398927130435375,0.0715035614529076,0.367107610823359,0.55633488120043
"887",0.188333420854972,0.90055072323607,0.887647412364175,0.44017679837333
"888",0.607080074666389,0.292588180937278,0.772187104191726,0.591173854937463
"889",0.448230786043396,0.428042002468073,0.800840962023307,0.494330317141828
"890",0.733376482738348,0.165920312190536,0.228721713080705,0.544134112294076
"891",0.434855381352577,0.807379936637639,0.917220721587193,0.200927267327799
"892",1,1,1,0.00118343195266272
"893",0.563523792534321,0.782923316121451,0.901529546805587,0.590593557564736
"894",0.223385534586758,0.0295761722504745,0.20902478720584,0.186465186248713
"895",0.802532099634035,0.776176823371101,0.0372713337094996,0.91403432121272
"896",0.227778556521172,0.286685102811822,0.567834603913523,0.797910025644882
"897",0.806493753611964,0.933332424206375,0.67250674423407,0.0175022294218915
"898",0.153795749037444,0.69320268538122,0.773988892604405,0.233133780958535
"899",0.0691784395620616,0.447861112131862,0.432816966282304,0.0872952903334473
"900",0.667920356514161,0.0915932441984821,0.490724798207502,0.592052781398515
"901",0.357334690800895,0.648258756522931,0.929158808988132,0.856866048369602
"902",0.0175955652347254,0.0100403320748016,0.00743427033327862,0.0920468474849976
"903",0.245157218817835,0.822152407375526,0.452342416122649,0.445683199418762
"904",0.220187880606386,0.487968908588175,0.819895450375542,0.904181481530487
"905",0.103619074402829,0.600275032307363,0.39563481434148,0.532693455952509
"906",0.481994181657445,0.860954631253382,0.0333254501404365,0.671528094406735
"907",0.882626129950804,0.961317867985606,0.991354843973709,0.00512820512820513
"908",0.606271091496209,0.759316982378357,0.682158946096788,0.773031673982441
"909",0.156785975741814,0.365277863085678,0.202889677024613,0.678144189567845
"910",0.329052799190527,0.138813159169413,0.318494731125273,0.246544840077521
"911",0.74703925250523,0.0759780056055957,0.848683031971263,0.00595208087792821
"912",0.634039799325992,0.255155108747305,0.157059441292035,0.556097262819612
"913",0.263055504942938,0.565566514411533,0.217779489378148,0.26876615218916
"914",0.251532142477383,0.0777103312325876,0.0368219554975569,0.0135977891946163
"915",0.652295670112765,0.750537206206771,0.0773138282114533,0.658483977507852
"916",0.385327273898663,0.428245234976939,0.770684259199489,0.208227929635578
"917",0.59620611450224,0.467661813107351,0.838925434371452,0.976820508976464
"918",0.0741999334571205,0.053622545526118,0.191253748456617,0.0604732923422276
"919",0.00257394070967718,0.727429352128171,0.294886860925031,0.275534846330529
"920",0.0770995543407999,0.00641602997828836,0.121741715163166,0.346642706937535
"921",0.00396438822690363,0.672624287542295,0.926306833363461,0.261998097887004
"922",0.0308031334405766,0.745835275232928,0.00520781750328998,0.152721593731464
"923",0.889486046574947,0.0555282730150218,0.833634856329898,0.292357132856549
"924",0.0808042146791291,0.219643604108471,0.415899363826696,0.265568948020747
"925",0.94599458867964,0.984386304881744,0.017103072842019,0.727837092672758
"926",0.526160583412897,0.382249698739261,0.549657360579026,0.338520512845432
"927",0.17542878331662,0.215333161050014,0.87557812596437,0.101077696174211
"928",0.0100386130129706,0.0560225358144532,0.338599303874237,0.133117066534165
"929",0.201143588200881,0.243012063980398,0.113571099490869,0.0299872919315316
"930",0.16005701482897,0.20080772696188,0.211508749681832,0.483170465313748
"931",0.568134890876152,0.153065416316152,0.248449574570531,0.0489070556454342
"932",0.0968800294602201,0.168116983387008,0.110106356637593,0.226612812046324
"933",0.00139848249205972,0.718267558397621,0.297136545267071,0.805785653743002
"934",0.665470150214515,0.863006164469103,0.61210427403604,0.898108736989795
"935",0.084993201426058,0.331501571990287,0.274460461417702,0.561160078426856
"936",0.0922803871179593,0.0290114077199932,0.33153370465818,0.491956070723375
"937",0.744779627392222,0.176263349507564,0.573666507816668,0.747213986657514
"938",0.401380856484763,0.323425798958827,0.343117284339201,0.269270777546587
"939",0.00206313237323365,0.42581927860297,0.00151266638646396,0.318521455719599
"940",0.401771242992828,0.312649792762996,0.276661062871484,0.15098011977502
"941",0.000691920715668327,0.0599742512944534,0.250173294457316,0.0759077392551005
"942",0.0496708433113226,0.194525679165301,0.688933046461023,0.418069164450121
"943",0.332328912869893,0.00111862158401791,0.00990863132244479,0.130779161624906
"944",0.387419979961582,0.0548625765678879,0.282940529496176,0.0323183894798242
"945",0.168086825471443,0.0343321338849638,0.500337687166937,0.716728871409699
"946",0.220999964825881,0.170569167751894,0.0016350567558238,0.879512796461739
"947",0.583113361081856,0.795440865531777,0.348364327120203,0.310167855791002
"948",0.0862379512619349,0.00132683440399105,0.661637883169668,0.502495828508266
"949",0.276841212956091,0.337765591070865,0.597506635219225,0.322816311312773
"950",0.193530476835329,0.164838093826697,0.556144530496911,0.65117794056559
"951",0.177930273820948,0.0937521566618449,0.552606133444536,0.127882784837106
"952",0.77091743689292,0.911472744497708,0.81698432805888,0.00128286714937414
"953",0.371408391194649,0.269966583608415,0.0757288913631556,0.0770592965898919
"954",0.428614864083801,0.735745831064002,0.12669391704755,0.102362831137604
"955",0.273969445042689,0.0797451454782168,0.470811565511758,0.547669388973598
"956",0.156394683994851,0.0193367544448854,0.130443367563524,0.213543743037287
"957",0.174473313820919,0.3251535931309,0.0875099027723372,0.0893331884576087
"958",0.385331074317607,0.171080840383122,0.283582961292293,0.266595332853881
"959",0.302005648340883,0.487553878017905,0.0528800240074612,0.315828661226932
"960",0.538863442806012,0.793934517396212,0.630401928231365,0.504093061573677
"961",0.432433938460471,0.33462965519049,0.000645203432408006,0.0149148137756031
"962",0.239663625571928,0.743260559291079,0.680978469341099,0.0987192193708568
"963",0.0261454221416958,0.00131669930513474,0.0406371608317342,0.768889541506422
"964",0.541186962053349,0.582902287628103,0.607644387559284,0.97496817464158
"965",0.0394968186397679,0.372938739512723,0.292775374224538,0.650794975825966
"966",0.0509196851118039,0.165963974711843,0.0854196139640317,0.371785258935021
"967",0.184856929636708,0.219263189366107,0.00599299647300547,0.0155858631857804
"968",0.00278328339396438,0.636812542645551,0.87147601491513,0.720296299016039
"969",0.749329974747908,0.427077092868921,0.186028825577417,0.674053437283381
"970",0.221460115117777,0.524995148222432,0.134582720975206,0.304609280152269
"971",0.128094413383815,0.657649283254688,0.287540034961986,0.379679270568041
"972",0.438643307459113,0.551329752476004,0.102971003735938,0.249570295093265
"973",0.911304219222641,0.819665380642608,0.0873846080345128,0.833353800354644
"974",0.262078931809578,0.641716250716275,0.294183532745254,0.251445173207219
"975",0.698790999037645,0.712328458456693,0.159178196058941,0.349881992653128
"976",0.255278887137281,0.246820731336698,0.420783766450153,0.14135040734194
"977",0.129999159642489,0.0611192839724581,0.313218988815778,0.415148429279504
"978",0.8223805737536,0.265892975230035,0.309023221386757,0.786847858751852
"979",0.916545364023424,0.716102330998857,0.881709296578438,0.810612376867475
"980",0.143713184513044,0.198478816658275,0.00544753555575633,0.578682381780808
"981",0.317049095162822,0.691369326561725,0.0934706343478684,0.45249971374241
"982",0.905320371725903,0.21498325121039,0.514309145767497,0.441543356630818
"983",0.621537356671043,0.234592570199388,0.381655789279906,0.175813469211466
"984",0.210711046494529,0.116478951038229,0.0740361262889177,0.045833317375279
"985",0.530044727119365,0.412789984039173,0.806787318013422,0.0273889892055645
"986",0.809740599338986,0.683630545277703,0.832163648217985,0.817163653734344
"987",0.577413398785166,0.313553234038639,0.609469950944163,0.00928965575618538
"988",0.857624945261129,0.0132449660548491,0.80344252088288,0.634173627754366
"989",0.567160036686071,0.164254159917241,0.770595621905383,0.898442984629076
"990",0.234004696763242,0.444378524470214,0.404037550946978,0.617167179443398
"991",0.0567699386485371,0.346335672434356,0.0434433140045052,0.0230190312111773
"992",0.0999648366002699,0.400403653106145,0.80742971432914,0.661773856921735
"993",0.126002803416247,0.455116487703242,0.0735998436266319,0.196916139483675
"994",0.793897668027708,0.558340476763129,0.323740727475064,0.513775914099394
"995",0.071223206018505,0.447139513174641,0.454941770288528,0.617109998124828
"996",0.376870145929454,0.203289374161519,0.304373658136028,0.54537634762996
"997",0.631371452702068,0.2638251883684,0.412425926797416,0.573889286544847
"998",0.142238257432964,0.21353698728791,0.00316975537785518,0.109950483592865
"999",0.345573218807173,0.71570371533946,0.297334797727275,0.65765753776895
"1000",0.0786501800094651,0.304995399699148,0.612361117787094,0.0241765604766561
