"V1","V2","V3","V4","V5","V6","V7","V8","V9","V10"
0.83292451922444,0.925486197958165,0.591984633369806,0.679140254951651,0.000501002005143004,0.000499750124937941,0.0614526082176702,0.327293585245537,0.61381544741933,0.350445625089804
0.755283057501841,0.857378813791573,0.792309257237083,0.0444804981384656,0.000970219935122497,0.000499750124945113,0.000656597462451774,0.886604981077033,0.986635897341266,0.79081040926176
0.985187484686498,0.685318097432638,0.721818990040854,0.402240913986357,0.000507872141666125,0.000499750124939145,0.00838566530139459,0.442865292579492,0.82455769325344,0.849800147089936
0.956045556995716,0.884784152834024,0.870175346543284,0.561400981018292,0.00056997687615008,0.000500000000000033,0.000810399278949133,0.620245612236043,0.930451093689982,0.960641595966848
0.971529996795794,0.806089488120411,0.763060721836165,0.349714924106733,0.000517065192612944,0.000500000000006596,0.00365801930539122,0.938472526364016,0.571964484116201,0.736049713195538
0.942008273799427,0.32535717344132,0.533286790054981,0.64166818161508,0.000532913147832798,0.000499750125328412,0.434028031333042,0.494893796460712,0.830823030739485,0.607156428359439
0.538744606367913,0.913877426809143,0.639135805399151,0.943091773334301,0.000516802906547598,0.000499750124940211,0.000558552388438618,0.517847362452622,0.761968270934714,0.456276595013781
0.764834351953501,0.897617157164666,0.737709305925006,0.836992805907192,0.000541886601143327,0.000500000000006755,0.0290248779534898,0.929247566874345,0.986071351243611,0.744722017883903
0.919782328978633,0.764432026463546,0.71245495660024,0.900304623416389,0.0005120341413623,0.000499750124946653,0.000525785482055821,0.60640959115144,0.868734188108482,0.685093279624659
0.960321434448118,0.89287094950003,0.76170524670342,0.737290834316578,0.000542773845598145,0.000500250125390403,0.0118942380202635,0.940281387189209,0.797351265651892,0.893605194520043
0.927267572054767,0.93005228455846,0.652844308040615,0.91886830572329,0.000507099805343746,0.000499750124975088,0.0011043031535219,0.500156599790729,0.906823541778609,0.953393586214914
0.97213857493,0.747034686907187,1,0.555390312664572,0.000835909708386063,0.000499750124937831,0.00119184009133412,0.747885604648312,0.752438772596068,0.742997048868833
0.56636152433489,0.37749612583534,0.911936776951605,0.295467067687346,0.000528577765467246,0.000499750125024097,0.440580242639034,0.574165667095968,0.497034605844464,0.805890528698286
0.91637535040781,0.516837344174573,0.761377775393528,0.267698470423338,0.000560279572746081,0.000499750124945877,0.266577796664676,1,0.67340517663306,0.676336489077274
0.74785361873344,0.812022422469932,0.911573078188451,0.0433606859308452,0.00053975583007209,0.000499750124938305,0.000564188883685041,1,0.679332397635574,0.643113433159269
0.764710699242201,0.556107896121939,0.796082602423505,0.077945652975518,0.000514140963656794,0.000504540880068656,0.000576005873899898,0.861688731304393,1,0.864094584293446
0.987838557645498,0.969136060533446,0.551272203683908,0.583735936043699,0.000523577467348036,0.00049975012495712,0.50431083924738,0.959518324361265,0.77978366630649,0.929530952752513
0.862139010695648,0.728978647346777,0.707500605035961,0.52946499237771,0.210106231158629,0.000499750124945988,0.000708657878696571,0.844830266082154,0.777313007621535,0.705527238478702
0.77093439629647,0.573454243209099,0.852322100178326,0.306644015255069,0.00051072563578386,0.000500751126912248,0.00417330407375962,0.694183332367802,0.870247594319305,0.817632946714143
0.282755375698921,0.623853739339784,0.358175830326955,0.536165841930543,0.000535379889699532,0.000500250125063719,0.0153895960160042,0.267070407005365,0.982659855480036,0.974176031210837
1,0.890332768111141,0.713292921542846,0.946113948896527,0.000508906330730637,0.000500000000003545,0.000683627235362703,0.881451852352724,0.594486376513196,0.65890428809652
0.9304354007399,0.939369112390684,0.957732204170004,0.355931400027976,0.213772649875207,0.000499750125016897,0.0775629669292803,0.601430223327795,0.934129292318803,0.899506542466511
0.540270042534644,0.574190598833703,0.867324408611905,0.564692088386039,0.002350945897927,0.0004997501249376,0.441322831828515,0.577347122195977,0.771109364036993,0.853024532550053
0.636215965180454,1,0.74964572456336,0.561305748882286,0.000515735153747237,0.000499750124943392,0.0780280342982125,0.529023388592484,0.656593797718819,0.755497085434576
0.73121183185582,0.601124627176494,0.682499151135868,0.53357376708183,0.000516265907137205,0.000499750124937713,0.0101909013456228,0.970875444519175,0.8866566560244,0.940966368989935
0.917087957771105,0.702339638396854,0.635815392768661,0.512437596100557,0.000505305741111323,0.000499750124939185,0.000639496868365887,0.926661115865343,0.720491153050428,0.87785984617837
0.789864979499251,0.548721772202571,0.863001925520592,0.342904634607108,0.00053455291962249,0.000499750124937989,0.000531694955291863,0.98519683043841,0.987283400761947,0.44669778661614
0.915824315297027,0.525582716965347,0.923027367062224,0.618530475175748,0.000549981411308213,0.000499750124941655,0.000535706110182517,0.422954999975693,0.602762487698386,0.850667654234991
0.609242799888442,0.957214675613683,0.630612173636127,0.378720336126202,0.000691127109612916,0.0004997501252934,0.00400101218983348,0.260702195820142,1,0.699277105996913
0.94087947847879,0.930744665235731,0.619700023852357,0.283383191123143,0.000667010590569664,0.000499750124937597,0.186519309668405,0.550125536859838,0.918436479652343,0.880573649586689
0.870520949534432,0.64043346689116,0.71242630382098,0.810950100014331,0.000535801253340333,0.000499750124943312,0.827898326741469,0.892847783637066,0.835966390672583,0.908408359687064
1,0.746121514776131,0.53764297283632,1,0.000503271279921148,0.000499750124937533,0.729344937178915,0.675738247512541,0.97414122558024,0.663206016556274
0.737038349561241,0.986785949566924,0.919690383650614,0.168652793598337,0.000529125538958398,0.000532856085354422,0.00426554351815629,0.924692597452884,0.947800253656492,0.858514001223199
0.986686021800824,0.917237413040064,0.881405438569888,0.266934137982151,0.000504032300128338,0.00050000000006185,0.000618335135540106,0.917305583094834,0.968336159535851,0.64111388459006
0.34952765005163,0.57545473687119,0.986424915096882,0.450382462715494,0.000504286461106722,0.000499750124937602,0.370166088395436,0.864491907642438,0.874486687908471,0.729074444723102
0.772863139676013,0.59635119148203,0.987369028298339,0.825817450201361,0.000525521501459287,0.000500751126712752,0.0427470096736718,0.711570311194866,0.986703945192815,0.572526177813169
0.8329003767413,0.903310521089756,0.487963423062924,0.968628405124486,0.000529185688887685,0.000499750124943234,0.731400647256025,0.951357073399811,0.74554556955537,0.619637058448712
0.972031787953493,0.521282176859649,0.969964124919158,0.516204178400315,0.000513611237882072,0.000499750124964288,0.210167250350003,0.778114015400826,0.891164647601072,0.851228636266323
0.881777492746786,0.834984842176835,0.856270012263257,0.696852613511007,0.000527718127533708,0.000499750124943425,0.00077664599823577,0.173619886949264,0.826828582008661,0.282692734938763
0.757882297559008,0.618078064987239,0.342594262116925,0.381336571730917,0.000680570229284235,0.000499750124957856,0.26601515584807,0.54960094032063,0.579407434914654,0.918432056299199
0.843928245803181,0.915467088175912,0.544471353906009,0.495280218895209,0.000504540896750826,0.000499750124939803,0.424837981151018,0.643107825803444,0.550616296738502,0.942752893749536
1,0.559575290605132,0.224650823174553,0.011007453639765,0.000793953862378924,0.000499750124942841,0.114844575951191,0.781345912232267,0.782260116531868,0.904349081764283
0.984630465517834,0.757440039627686,0.847452258295196,0.453915330998565,0.000534262044628053,0.000499750124939147,0.00904268968742089,0.626607359440656,0.984557292294877,0.697463893028356
0.974192305160326,0.707647728221128,0.987859891387436,0.405318540008942,0.000518943871110905,0.000500250125063472,0.0315535386746477,0.299428531279805,0.691627885598256,0.558861772582271
0.955396477842873,0.588329946444905,0.957591459217617,0.681456121410729,0.00052577101196805,0.000499750124937532,0.00123995880215899,0.872620945261995,0.903567606763696,0.467287752808944
0.87632117894475,0.852957216827737,0.69525205938517,0.226323027858672,0.000557119947075588,0.000499750124937692,0.000933492798840804,0.876371172805537,0.383502409414695,0.908326024297878
0.828185710979922,0.928333523375799,0.480045401293492,0.773734692854554,0.000507099529936937,0.000500000000018345,0.000646723876399758,0.0981061503899147,0.515954347541854,0.806964757795729
0.848902170404863,0.849099392813931,0.808955144214638,0.659588699037046,0.000516799820934348,0.000500500500506207,0.707771723833466,0.896161353422772,0.630759544617358,0.901777470222846
0.552429457652485,0.436371027488472,0.809365347621438,0.712883836931677,0.000518946399172444,0.000499750124937596,0.264060912185771,0.767892288262885,0.986478831011937,0.661953216205597
0.815750541616688,0.803713283737051,0.445428917817123,0.0262737205597484,0.000518411637877498,0.000499750124938847,0.000523026089860543,0.465637800338918,0.930786691063656,0.663114196442198
0.910557940642766,0.972595054838916,0.725709764968436,0.396233839753848,0.0281097582319238,0.000504032307287258,0.0134212842758481,0.83442038938018,0.868425753853016,0.740423257251416
0.891358009756185,0.886035723924786,0.859319223019264,0.124611707777498,0.000501756153842699,0.000499750124959061,0.000533971895469814,0.87618277467947,0.488082820234964,0.956382155229755
0.893463722074003,0.868387883379223,0.705507836037207,0.928250674296438,0.000531234143086713,0.000501504513654954,0.336413915608937,0.798969970884771,0.984273189155499,0.839896400872461
0.837883299792844,0.985729585436784,1,0.703817416505821,0.000534270414940013,0.000500500500507235,0.000590001763172611,0.985839799827143,0.80966502591799,0.670927033885663
0.921668389560513,1,0.885853884413019,0.986570491068757,0.000507872185295795,0.000500000000017047,0.0317158469156325,0.744919514646172,0.925632721237146,0.882961179474998
0.61440756934361,0.808779142026989,0.625811266437474,1,0.00649722643400147,0.000499750124937717,0.112325879847249,0.815193824767278,0.848628181670498,0.937081332221521
0.760930601869752,0.797787454426383,0.583679843923785,0.792985113824856,0.000527721530708892,0.000499750124938216,0.876610619281492,0.580199270169994,0.954386212424877,0.758152270333269
0.963888399075104,0.985836046912322,0.731676276161376,0.829278655459406,0.000537760002093967,0.000499750124943506,0.115821296008787,0.850087460088165,0.960639864964232,0.609890959753887
0.644554191171854,0.984321416008818,0.863299738602072,0.645617352134228,0.00127830758035755,0.000500000000060621,0.000926646621125195,0.502812624532535,0.83200067107536,0.689019208569627
0.923325473791947,1,0.986093792810111,0.864326266309923,0.000520296386371504,0.000500000000180069,0.000777923881128753,0.969266929591835,0.886611746521007,0.915505820398181
0.972830560795898,0.701952070473706,0.610317335205406,0.468737081315081,0.00053309012178316,0.000500500500527503,0.0736432355822215,0.973257596209735,0.915345538525553,0.62173736771698
0.968397201503165,0.987059156606845,0.954482700901012,1,0.000559129151586556,0.000499750124943343,0.000625276675784477,0.416552757104972,0.973322029931135,0.595451084280585
0.821625230234472,0.845261120211496,0.675110182295328,0.692995909241368,0.00053978036536644,0.000501253132870898,0.000644717493345372,0.810465098075006,0.89005066236037,0.901297649184139
0.943404443396338,0.757157512217595,0.294996397435909,0.261092052728009,0.000530297425494619,0.0004997501249447,0.0197245215214424,0.759681519013144,0.717430905852182,0.877432951661463
0.695375145609025,0.904208375726806,0.93086617741357,0.553328012680634,0.00062813936683901,0.000499750124941746,0.191112169155856,0.961552167774381,0.887959371251814,0.97299852535597
0.914918843098159,0.729939659712396,0.777170831360045,0.783615381716564,0.000529147276357326,0.000499750124938393,0.000653207884990756,0.739284796082652,0.841611322600419,0.916901192270575
0.712144333390766,0.828497035166075,0.565440540996852,0.986189310536588,0.000524943651161573,0.00050000000002143,0.0631688810439542,0.493399336859655,0.644000698429338,1
0.332567619719209,0.79403918805723,0.428464442221968,0.0626645511141441,0.000513875929897835,0.00050000000002654,0.000546384116573614,0.78672903205398,0.637475396746638,0.618856311704399
0.792300368175367,0.601796435153381,0.793500409081065,0.726916301962676,0.000504032286675858,0.000499750124939679,0.0210350819444232,1,0.67328729264735,0.841500735200006
0.695820526218803,0.902155597727615,0.619693863581392,0.186348877222321,0.000546574128953903,0.000499750124937759,0.186851509689824,0.953146185261903,0.972353171003558,0.889468511841786
0.801065994859268,0.653127904445634,0.703973458935778,0.603168609246595,0.000700165732766286,0.000499750124937606,0.022463919713601,0.222207764419942,0.889547597313631,1
0.655202357676994,0.867101348622481,0.490560089982595,0.158539317281349,0.000521387826860676,0.000499750124944457,0.00698209982064746,0.670769185685513,0.804728131668132,0.451113192253271
0.75874734689394,0.92991331884527,0.809575337312033,0.887873680006733,0.000505816971317164,0.000500000000031858,0.0430253992697966,0.609087221972198,0.871638268246135,0.298231221788506
0.895740421360578,0.963145845874939,0.932468852192082,0.912458866290334,0.000544657363880566,0.000499750124938934,0.00487596164685609,0.840540038597259,0.882133213313852,0.474883120402624
0.854745663996752,0.88719289960049,0.826493733589818,0.521877119730085,0.000558822891840479,0.000499750124937542,0.160119488489971,0.397208537320223,0.78220909954938,0.857722348147323
0.906537149989948,0.842868657358955,0.567358699067674,0.177863912727615,0.000528302701754076,0.000499750124937687,0.139094711037796,0.936149958243203,0.971928905850294,0.903019771234511
0.907777822150397,0.902572329223552,0.582912926284044,0.449959606158397,0.0015487264651236,0.000506329148169655,0.00998004540078072,0.952936234994259,0.986816382247459,0.866482627810163
0.985484553089074,0.428432975118664,0.984272894321788,0.870156944291872,0.000578696716623687,0.000499750124947073,0.00520290185653033,0.417336587481319,0.964738090954743,0.652456988657005
0.684695619543388,0.932915918449494,0.985652934261172,0.577709113539536,0.000562859123673366,0.000499750124946113,0.281579179170317,0.510986937826304,1,0.835598103586535
0.781959363432183,0.320459143393734,0.865157525957381,0.664016727507756,0.000526357761709844,0.000499750124938527,0.051460637537954,0.433942658786549,0.332728030272094,0.615153717862914
0.852989376640377,0.584053417871444,0.545109431428261,0.858753907231095,0.00136907465863865,0.000499750124941399,0.00051626683471127,0.728749665963471,0.752282221766111,0.264187596465727
0.986620896925958,0.832916535069512,0.932695956893991,0.587973504554159,0.00117424142879424,0.000499750124952403,0.0150549462718383,0.8984268710025,0.932107669276239,0.459772007101315
0.974070227618004,0.602934677043193,0.797542922298065,0.219875543922608,0.000585483085807497,0.000501002004294501,0.000548013197490474,0.798549880045825,0.774749316074463,0.496242107296447
0.65268286885651,0.598991696729569,0.864097356539366,0.0819991774736788,0.000508388582945856,0.000499750124938294,0.00234480255307457,0.690154382811945,0.741404563588628,0.907198498477548
0.985713314811709,1,0.610037699951525,0.862995572782998,0.000571800082878478,0.000500250125088651,0.0104412360487296,0.880166416058367,0.848429573283181,0.900999245362052
0.773059543040393,0.643961840905725,0.846639394187331,0.153354077464158,0.000522475934093833,0.000501756147887416,0.00063859060104533,0.659734105754518,0.794870396273735,0.338277162334326
0.423203831130987,0.691016171130089,0.984568641651188,0.564052043019228,0.00052302530242874,0.000499750124937651,0.0005691554802122,0.900114172396537,0.88421189314487,0.969922801184293
0.912438387935185,1,0.913159539913359,0.118418784283898,0.000548389605542357,0.000499750124937531,0.0401760943402014,0.718667690315113,0.942562653701737,0.651418272717749
0.833590269118444,0.862520675131355,0.779114630238126,0.946171540705669,0.000514404085515218,0.000499750124938876,0.000584065142870526,0.900627165251429,1,0.984840775182098
0.98568347230729,0.985946169280526,0.690620894384696,0.970290875694328,0.000522480003170042,0.000499750124939989,0.000660219336078747,0.785833357479755,0.293347307990211,0.670288236181086
0.985037492428508,0.54376974325901,0.835269452826979,0.460166885596596,0.000504795596735169,0.000499750124941397,0.864180634255841,0.854443722977516,0.53851801336084,0.347607679119501
0.699818549003076,0.451822345366674,0.662145129981214,0.505253046180276,0.000543446989374978,0.000499750124937535,0.0102710241463,0.730452979619995,0.984965269714186,0.778581045624865
0.971153271529758,0.269256132921014,0.386474539910923,0.656520421909804,0.000510725635587117,0.000499750124937569,0.214768650896188,0.535297317075857,0.280926524562092,0.660714925655834
0.767123021679638,0.464527121349378,0.749430382552986,0.179871612559648,0.000506585778889701,0.000499750124937595,0.00326719593282842,0.985475015494991,0.628132238085099,0.915950617928253
0.752787094897205,1,0.494523772732263,0.161314298263425,0.000556537751688535,0.000499750124940343,0.0181761828593162,0.758090247144692,0.969060635661036,0.951405919907531
0.951716854116207,0.611683158242905,0.591193842643295,0.310906976237944,0.000508388729536906,0.000499750124937997,0.00150185365099056,0.768146830489206,1,0.841673270413611
0.849353185508305,0.514333807021838,0.858608406664246,0.626905814141128,0.000542476595226883,0.000499750124937618,0.00130348435951882,0.919750898422282,0.67080438115933,0.665469719446581
0.941358683673406,0.857472185674016,0.512780576274701,0.757486651184846,0.126584772311788,0.000499750124943318,0.00067898574300153,0.837925003243556,0.55508071311039,0.823679986096034
0.943482040283037,0.830183831593731,0.957902218193971,0.667724944973201,0.000509165394574669,0.000499750124953824,0.000638824287337797,0.942270638485607,0.899769288526985,0.796890684083442
0.960199716868155,0.71835665980031,0.828193561920128,0.968099994296838,0.000599245854807765,0.000499750124938036,0.000555577667828158,0.929173419189503,0.724147622522303,0.933158351562238
0.856387140449487,0.984743890129191,0.490476266966108,0.824406990447663,0.00534722716779905,0.000501002004266382,0.000552869648660683,0.584068156920568,0.768628861506127,0.637045610286393
0.672231786731596,0.735438199095396,0.908851537960062,0.735280643886938,0.00168025155831191,0.000499750124970142,0.000565574919786625,0.714862572265356,0.804079437404466,0.905423196371854
0.670318005584812,0.851949806054793,0.684773322849965,0.449975840939991,0.0207630451074835,0.000499750124940281,0.0969640717456682,0.887888499818643,0.639390220281441,0.90030222065967
0.659650754151803,0.920798084812895,0.859316167982,0.669359979977533,0.00466130209511043,0.000500000000000411,0.0415245160859923,0.775929157891621,0.578689799312392,1
0.985441066194133,0.784384133720385,0.751276280870165,0.235291532378504,0.000511248037916994,0.000500000000003453,0.00063657951402847,0.559606297847197,0.455272870684226,0.972223122590529
0.957716948789153,0.975099200687068,0.565429136692117,0.766547093248814,0.142845669976787,0.00049975012493799,0.434605886707017,0.827335885631107,0.401964293996793,0.853433702944656
0.858054152447912,0.933561041122144,0.36917311047312,0.689817894455809,0.00237944461963075,0.000499750124937787,0.000937342537496696,0.461222783207935,0.98309415119065,0.857221763654951
0.738923829959974,1,0.509526042536329,1,0.000562557160745364,0.000541143392721359,0.000530820471939192,0.927378250449465,0.915678820499713,0.836460959786403
0.856782332317641,0.986013938489892,0.714829665086582,0.641729679816858,0.000513084483747412,0.000500250125071756,0.410993440884225,0.467270775357257,0.588836770317875,1
0.53457500059695,0.751974694979905,0.692201391540051,0.171368459598673,0.000500751126723667,0.000499750124940615,0.000613109895455121,0.660676885450857,0.909198798508658,0.586982799734991
0.68758710775439,0.189127815657978,0.970336434379258,0.550110696627145,0.000997076675369104,0.000568942581191698,0.0232249634687188,0.646550674599981,0.94829910180106,0.858943273332984
1,0.831090250645153,0.417260036059055,0.634195758540097,0.272008181924327,0.000504286440054245,0.0802077941179888,0.701950675770898,0.881919317028318,0.679516645323868
0.959396011097029,0.453282588963114,0.906826065049953,0.616565564073526,0.000600089913869271,0.00051098633548803,0.112686099017606,0.371699114917805,1,0.61327011820051
0.874486086498627,0.253189507812919,0.873593812471684,0.720209163940667,0.000525808987002198,0.000499750124937579,0.00271348362977783,0.75040575008169,0.862473059994193,0.71921083197258
0.895205904808948,0.567870378465837,0.609337997606298,0.477104745652045,0.000545857325705621,0.000499750125018532,0.599897869150983,0.5540815255055,0.885996717660237,0.985830861185992
0.751965439958298,0.59530642615886,0.826536290495472,0.695103019117299,0.000502008036254529,0.000499750124937665,0.0413566483861287,0.735991279852624,0.845098539556715,0.84274028898368
0.754033509295688,0.915345226579954,0.842202903684106,0.880535040945891,0.00050075112703594,0.000499750124943804,0.000556880843514489,0.842452903102611,0.740876214877897,0.675421012417323
0.700884700111487,0.942129923175504,0.937155082777175,0.135445642469158,0.000548675919801057,0.000499750124941399,0.000623436101736217,0.437824341647887,0.585435504350867,0.219584030404511
0.936113115858005,0.625454618365124,0.519640514264402,0.662100670644637,0.000520030265697647,0.000499750124940935,0.301684313263019,0.820870477235698,0.864463181527192,0.984958889993725
0.860496734067021,0.383695488785513,0.646749420183455,0.784602359072146,0.000838084299274222,0.000499750124943273,0.0173562930187721,0.973747304842201,0.742618482792311,0.927073430849999
0.428552864216095,0.681197749716736,0.768926669901395,0.414151263877746,0.000553905511182257,0.000499750124939591,0.00055320497683753,0.963084419307945,0.665995247929727,0.58647720664537
0.972151767865904,1,0.776885584596334,0.342968242026514,0.19925789407419,0.000500250125092096,0.306193377563841,0.810455932339238,0.541670227493262,0.822763229959632
0.638793016106401,0.636277581429726,0.766255967036789,0.758024230894104,0.000562023360722775,0.00050025012522443,0.0107638436258261,0.551919949552088,0.959954367439875,0.713964482247864
0.890413155720916,0.901967079897949,0.818109452398176,0.637567963672329,0.000510465246577388,0.000499750124978351,0.340083545902872,0.672910036926277,1,0.765701814548594
0.98533753054256,1,0.651054524192739,0.655422273501265,0.000530543967021295,0.000499750124969259,0.000579344715025343,0.956978760375062,0.203120916566423,0.795915878663377
0.832667322223335,0.366405760987596,0.568100909802652,0.128302208767921,0.000538663481384648,0.000501002005164041,0.000813648744920561,0.333590336971046,0.473628322094295,0.844341953534441
0.984863865034828,0.650975725065378,0.672077855715694,0.881796345046476,0.000561112017213329,0.00049975012494042,0.0187165052089098,0.513121170215241,0.709780570006205,0.88648250910864
0.300296282921755,0.941187965563039,0.805338015483861,0.731117618487377,0.000543367436144052,0.000499750124939673,0.000571376424111169,0.949478764958401,0.385008345797812,0.795817255398573
0.836907035144228,0.945235318380142,0.630594441229516,1,0.0094666341015487,0.000499750124941216,0.000575567081715513,0.358680782649638,0.966996196030588,0.847110914051031
0.985579958695185,0.852596444772001,0.970778654576878,0.739568727177445,0.000532847645873082,0.000499750124937537,0.000569013096422375,0.796598458624243,1,0.364301982575319
1,0.929314483766996,0.714868200481787,0.636727833683271,0.0405855145993329,0.000499750125119957,0.0100520572179881,0.86299527184671,0.782441631845853,0.842635680468237
0.695276272035049,0.954687245382106,0.778159671725393,0.394156677763627,0.000609132142667942,0.000499750124953791,0.0022057972149431,0.909727794897036,0.911180589132393,0.769332491761132
0.985587487951256,0.844024118858279,0.556040265793905,0.752413006822478,1,0.000499750124938779,0.000563577610513424,0.411114145767449,0.985148773211254,0.274925555048492
0.947834679198979,0.759640142828636,0.984362310971553,0.277850712981475,0.000608736712152429,0.000500250125063299,0.623976007683713,0.171447207030033,0.624421882619567,0.763287944170395
0.844040816475897,0.678345144366898,0.98564149656372,0.307022033188074,0.623805181931008,0.000499750124937902,0.00195481883182854,0.455876555117353,0.673508593593795,0.887637046418723
1,0.95899174816091,0.0964098029475115,0.95945442537858,0.000517868360612276,0.000500000000015422,0.0366299222514492,0.669977926191727,0.446872838870431,0.933525765880454
0.867552095100828,0.5852112998363,0.785106086651223,0.679801523029869,0.000704360252228691,0.000499750124944575,0.0820243528976836,0.617176310440325,0.92028316075249,0.955223656164621
0.957008028728892,0.796458951171189,0.577124004402155,0.479096740834314,0.000516796870279748,0.000499750124938522,0.00256442012932488,0.675887768631412,0.860669458378269,0.481960560394815
0.628380928586276,0.799316938209037,0.911567737112243,0.972583513019707,0.000543053721569386,0.000499750124983877,0.000604938065470362,0.954221479391227,0.930597805678395,0.957333828011744
0.88527728280072,0.889757627225546,0.593899656274572,0.130539376841845,0.000506842441980809,0.000499750124982887,0.000567551669260134,0.913195541359846,0.529184023786375,0.839252121613246
1,0.880640165949369,1,0.984850532564171,0.00669324133447127,0.000499750124938317,0.000718827454942128,0.595349564073857,0.94502854462554,0.681218290182429
0.698518418188698,0.943843191797474,0.691177345300008,0.261228903037697,0.000839370633629777,0.000499750124939869,0.0512082273709148,0.903160029246313,0.616427710616374,1
0.950817873307351,1,0.287401744211804,0.729375464538715,0.000504541073678587,0.000499750124937542,0.00158784487650863,0.711078400605185,0.929879383321864,0.808594279042725
0.930304384603561,0.765047964938747,0.431968651853426,0.0592163290601374,0.000502765212709393,0.000500000000036384,0.000684481194544176,0.50029920534159,0.711520017545794,1
0.437129251520858,0.934270223854053,0.887447491273945,0.255668356812128,0.00072722213349705,0.000499750124937983,0.000698550798831198,0.883220805924615,0.79011056863355,0.918136655615494
1,0.708068246802047,0.607120203573209,0.443118848193735,0.000508388845220121,0.000522755108955064,0.000512295577659912,0.77813658096289,0.602658464335322,0.973379016308932
0.967032625527729,0.754522303834766,0.984932961099091,0.340112380830905,0.000603774547395267,0.000499750124941037,0.000718250588769929,0.758979651695774,0.92907655298716,0.744218971664993
0.900697688855901,0.830366924184321,0.718937827903888,0.535750343828093,0.000528573449460977,0.000499750124940077,0.195503259381434,0.786101349791766,0.570911389982653,1
0.96936418004218,0.94160423286591,0.44795399485991,0.0883141162114856,0.000519490312489702,0.000499750124937541,0.325587881603922,0.850056104025229,0.319026270768069,0.840224050998317
0.987320303368393,0.804167633624448,0.37452613032329,0.843859597060638,0.000570752036190634,0.000499750124937798,0.807030438811058,0.874142970806794,0.682562876425884,0.847582676786025
0.878496445107007,0.526338204607325,0.496515611540104,0.691362509775011,0.000526053021257966,0.00049975012493915,0.00166598040576498,0.818479273418011,0.893390681401607,0.846450095945891
0.902593479531606,0.591978479357895,0.803111574143527,0.721209011709525,0.000510726951003128,0.000499750124938226,0.000580453763129319,0.823924358952392,0.597617466210592,0.821561156651181
0.94822940132786,0.843478570916529,0.940818461164133,0.63893347052721,0.00050479566310335,0.00050025012506617,0.00100587938650653,0.151034459440923,0.50015401829566,0.775804850555729
0.602151810573584,0.945728149871619,0.926268513852878,0.280105839073915,0.000903661044596012,0.000499750124958406,0.000632766090348347,0.766670000206324,0.707956789869901,0.668872237219536
0.962995250609715,1,0.678523789473209,0.770477554427109,0.000546142216848891,0.000500000000005957,0.0130142024432507,0.459372650701701,0.951758255568091,0.892852413632947
1,0.939340667567719,0.752075113985167,0.412298924041743,0.194122152246174,0.00050025012506344,0.273363709047428,0.725660246348378,0.749498426294704,0.658982562958153
0.605575446927498,0.730880308554,0.971033408590806,0.019137728956576,0.000508388785226997,0.000500250125100177,0.108202220264111,0.736265952755309,0.584369729491188,0.768769654026417
0.729502661859257,0.773238553411446,0.558694826652177,0.860224356215416,0.000581883925303792,0.000499750124996751,0.146580204361406,0.687905385421142,0.747028681811382,1
0.611077362815892,0.885071121258998,0.400176677364338,0.481607992317487,0.000523293701470614,0.000499750125134088,0.140326624896565,0.782221212214387,0.912426886933829,0.801876428298725
1,0.86629158099247,0.547335414833233,0.451632361621426,0.000541685755051494,0.000499750124964959,0.0008078867024574,0.599351752108187,0.695902950732391,0.788218776874562
0.973751493664206,0.984754734995864,0.586265075833428,0.477857393508298,0.000547960917697799,0.000499750124937683,0.855219861471109,0.542838539932793,0.93251387721676,0.902070254998212
0.682735041690588,0.897285475534353,0.766665020660371,0.927479555980698,0.000605329596865717,0.000500000000126273,0.0135265734846505,0.918960560970947,0.90323333382042,0.68964838127182
0.727501736169461,0.9866587301216,0.126975047343923,0.409552916045835,0.000603616911650537,0.000504795575609524,0.548142559361997,0.608131677994527,0.817959009203711,0.437232712401638
0.677579919277809,0.985244074857156,0.658144299811226,0.648004526789902,0.000544313488260051,0.000500000000037234,0.000580722472379056,0.370338133628494,0.410580646546653,0.925658813432282
0.799691777451456,0.777316746696035,0.764778867822456,0.515580653345578,0.00110074818265838,0.000499750125009815,0.0429964036191436,0.857385955691332,0.973895887709067,0.819007810505955
0.594219277867584,0.845805046412439,0.819188288405606,0.638996772216564,0.000665211168976905,0.00049975012493888,0.0227461746555361,0.972700635328353,0.599289482075963,0.742319084500451
0.791004218513974,0.501028066587258,0.382007328068349,0.382059155072465,0.000536297484929457,0.000499750124938254,0.587402349689356,0.0872983152444407,0.931130582411596,0.667200911916517
0.74919094160511,0.900839339795977,0.985547889810816,0.650378466027752,0.000577335856754782,0.000499750124953906,0.000541107360279283,0.481198378634728,0.89701058822149,0.456984447421859
0.825015134686322,0.971969104944079,0.77224845668539,0.861798413283291,0.000941703327098645,0.000501504513679023,0.41202351655423,0.843098834329043,0.840770620318016,0.813457867913751
0.985097724506478,0.973372768410689,0.769147736029044,0.761562469817486,0.000499750124949313,0.000499750124944054,0.0952874328419174,0.510989691381308,0.723655145229995,0.901457902811039
0.826215221006434,0.858332748389725,0.374037607909231,0.507268651977851,0.0830325075851151,0.000499750124937692,0.19000848358918,0.722055242435495,0.890432229319541,0.367485201221753
0.670087642792475,1,0.498193431301004,0.334482143403847,0.000545256623668222,0.000500250125130841,0.0129008627273712,0.531314297585303,0.843097004637021,0.740363712138262
0.743195030311216,0.886294511862679,0.955547660342083,0.257663481583681,0.000526336211423494,0.000500000000106982,0.00565128369247101,0.63680304606387,0.653971488994594,0.790560820972012
0.93832022582386,0.692438254154772,0.891172329824228,0.763730984516635,0.000512823147425833,0.000499750124986296,0.401769495774686,0.865191449390962,0.327231422615865,0.6720379306779
0.86501726870339,0.812297579578852,0.954134832006915,0.720350028622488,0.00572075657107017,0.000499750124937717,0.00103723742387393,0.777676884563187,0.746242274747495,0.781943873585637
0.945201184240166,0.960787404867304,0.570817252532793,0.613201848236138,0.000532830631803087,0.000499750124937592,0.123613921765996,0.682676989448902,0.986228657036832,0.926374195555884
0.960443637488185,0.582110514271501,0.812743187193916,0.52423536844162,0.00124939283995236,0.000499750124937649,0.0019036919020849,0.854479548184874,0.857224687694165,1
0.390681163620695,0.265307793614101,0.82788420286383,0.771593269379405,0.000577006271498644,0.000499750124938066,0.028964954992664,0.970625609874389,0.756754270085625,0.938587715759531
1,0.833251607571261,0.956454164019893,0.819442848775762,0.000503524694417546,0.000500250125074554,0.137406402072043,0.855856572538795,0.756739001198995,0.985724968663277
0.878723504836966,0.870892640232954,0.851540295891388,0.403875675122855,0.000531707981359338,0.000500000000004866,0.000529966605376727,0.877497582739511,0.90472927428015,0.42621686393122
0.39398741913997,0.714923378934011,0.762667758641979,0.572288380841379,0.000591082224499928,0.000499750124938227,0.000536017354397196,0.940710976241457,0.940387373793891,0.589578424930252
0.837681620481296,0.128400401667104,0.838379719237099,0.523992075362082,0.00168534954180751,0.000499750124937538,0.00136403652508554,0.266569770211088,0.78634289197879,0.453815185925686
0.957479323801092,0.737728176207834,0.267989925091525,0.883567428576083,0.000526070952205876,0.000499750124937541,0.00128149545737898,0.649449225599665,0.814950052470737,0.819145712735931
0.715148112218077,0.865234868711522,0.916636321491785,0.483049545754389,0.000513875127782844,0.000499750125047618,0.00156197153989071,0.730616040911234,0.960354559175381,0.732843581065217
0.606926152223758,0.973228300674581,0.426646169228824,0.90367237977618,0.00051867669656459,0.000499750124941302,0.000880392479150632,0.45645366926983,1,0.712715045687047
0.574332990247022,1,0.643039547008953,0.512300979731861,0.000621943191573585,0.000499750124937574,0.00899552200408924,0.583061880548067,0.750448428783341,0.927860597064109
0.985587485280398,0.907427282263871,0.927466604428321,0.841277091806982,0.000635328407714988,0.000499750125122255,0.000544556567390197,0.960719509849629,0.5161911871229,0.970131518763476
0.937455021948946,0.871402032842211,0.839635993306068,0.931701398946187,0.000561378727210235,0.000501756148893885,0.0235463466606669,0.855444238501025,1,0.670352471606827
0.819317611952573,0.85588575603365,0.761088458788195,0.957486154075051,0.465603048921821,0.000499750124937591,0.00063555016650995,0.457699579268067,0.921427890964642,0.657251295316678
0.766518461547567,0.790290224647861,0.778727588256941,0.821073180879574,0.000592426697690547,0.000499750124942096,0.000744557510759081,0.306137643034771,1,0.961647287752781
0.883130080661913,0.362942333601298,0.847362666350838,0.0117816637747637,0.00482700845338271,0.000499750124937533,0.113099903374539,0.146620905982991,0.772993656918237,0.798037936316156
0.693855011520768,0.866358635264074,0.435104340612482,0.879651147461265,0.000539802800151727,0.000499750124938918,0.0006189386290479,0.827654284463852,0.97250047843898,0.970988585371656
0.774848638114644,0.728841913634602,0.856421561753714,0.117050586882669,0.000548390193280376,0.000499750124956184,0.000812216645201154,1,1,0.821753198639085
0.986954097463894,0.618029152569139,0.699836177106857,0.0877403635569588,0.000584096997101096,0.000499750124937735,0.000610777820485704,0.648756064600981,0.390338649725854,0.86634888864169
0.42136316882969,0.570322395669372,1,0.94380345401545,0.000684217458395316,0.000502008032829801,0.000544294698074626,0.759937454067253,0.959197140203551,0.655345452228098
0.913171492713132,0.505868517647249,0.926617775049865,0.343271041934635,0.000599665432587923,0.00050025012510545,0.017672931990718,0.736959644278333,0.573029748286024,0.384312889129659
0.898271767005754,0.810339758871407,0.664922068144509,0.450468569174589,0.000514140333646024,0.000499750124952992,0.916156454805881,0.95814655477558,0.960478563436143,0.736208187496952
0.940849336658036,0.956563627620924,0.732740194487339,0.969029022306991,0.000683082583718419,0.000499750124963256,0.000563436959507581,0.268536683280099,0.675950536847347,0.894837792728597
0.748617061934805,0.57124632921881,0.737935534177655,0.615254240134243,0.228090809018618,0.000501002004145704,0.00143833162795246,1,0.940738343264435,0.695850071911033
0.651764644841807,0.829512104759037,0.618579922385478,0.218945173069076,0.00050025012546322,0.000499750124965931,0.0148492518579861,0.692003656291275,0.917775108783372,0.970285941963624
0.692508910717332,0.985779494532037,0.689638254805935,0.291832043569704,0.000579632260240983,0.000499750124940412,0.00115305075844494,0.594729491756129,0.955224694557352,0.832523969732384
0.822096600112464,0.922674671944666,0.468176133082791,0.194004141839662,0.000508647156738749,0.000500250125118672,0.0153810630561302,0.912411037669161,0.986044514757376,0.986004828936193
0.878889887589775,0.831717562954405,1,0.555768654726291,0.000519216764841482,0.000499750124948733,0.920491538975589,0.972510699337061,0.865973334489834,0.587710893024837
0.646034402392792,0.3317940235054,0.74359976213398,0.648550776640987,0.000580715543439135,0.000499750125233215,0.120058216642232,0.347079761086612,0.863964285363847,0.875744943604929
0.664581381491762,0.890039681751981,0.638869402204292,0.969572899144525,0.000566069212653166,0.000503524678496313,0.0772352514158659,0.518213956789225,0.856954631673583,1
0.701419320196712,0.843582222380325,0.614323568612206,0.476616166589697,0.0318554819517473,0.0005002501251809,0.000532531536014137,1,0.742020166424228,0.950271367056094
0.602295501189799,1,0.875573386992686,0.519230493321344,0.000553958951298764,0.000499750124938214,0.0768412046167654,0.656839304710764,0.658986057322317,0.693680298106271
1,0.81666315429648,1,0.673263630176332,0.00120346277833519,0.000500751126873447,0.50128196154529,0.668716648662506,0.630046491614315,0.826934631829614
0.757812456744832,1,0.620626266153569,0.312082898644655,0.00209123000572952,0.000499750124937597,0.000722658188394484,0.628080800174017,0.563378198536521,0.781631406191518
0.643859120352192,0.803026078265659,0.771260945497226,0.29742081939244,0.000749094510125587,0.000499750124938961,0.0683526895149743,1,0.723597369162568,0.94064230629915
0.808883937986923,0.677792976592176,0.870175837117341,0.800012898216913,0.0279119343018606,0.000499750124937763,0.000564801872999946,0.623625600632582,0.653073861031193,0.961866207186744
0.800565738148622,0.92918097518362,0.691861739565171,0.693777860886959,0.000521388063140156,0.00049975012494925,0.0574840036120829,0.407409464029971,0.717046415634779,0.675238834685428
0.896551501327032,0.854329341106544,1,0.318447145889777,0.000504795898065496,0.000501756148050144,0.00096154596578258,0.903210702936945,0.54441996446556,0.504544973292459
0.728546660248318,0.97093109971777,0.857828306811575,0.404905369087567,0.000545371342953974,0.000500250125096622,0.00159099771457599,0.953780306103551,0.836053498063925,0.51259340685157
0.92934515901319,0.848007648596682,0.793373339556322,0.116786677391872,0.000532296422586661,0.000501253133283974,0.194281370358375,0.729387966326084,0.712854964401865,0.8139139948528
0.893548193218384,0.774133241006695,0.876009534205871,0.957808727817195,0.000537730684063975,0.000499750124937927,0.337717566250613,0.625666309851644,0.879981296807901,0.817219716302545
0.723625300089202,0.487196988163333,0.624268635888253,0.296559138912142,0.000712847557003349,0.000499750124937674,0.000630426277149755,0.850042264674595,0.740007833740251,0.761135982338848
0.896606038592443,0.848704837044737,0.631837542892248,0.93599235163283,0.00181588132315923,0.000499750124959831,0.0861342239428345,0.321142375379856,0.867778082521234,0.970004382923144
0.555012388113627,0.738861709053543,0.434256801970709,0.915309423506131,0.000505305737471121,0.000499750124937532,0.00262675230508264,0.67414573762655,0.720542404323296,0.902645364324513
0.899125611936931,0.98454038954092,0.793897673783564,0.573404725834567,0.00069313204250881,0.000500000000010598,0.400683374798229,0.821007917869191,0.973110841313456,0.713823252474563
0.963999332080485,0.895853229843644,0.622018876208186,0.054557012104568,0.000517333844006903,0.000499750124937532,0.576418896229474,0.971998376741809,0.985723005112595,0.890484721451699
0.529050238670265,0.940739034546349,0.888874112235267,0.669494542884134,0.0005047956711591,0.000500000000188718,0.000552499311012297,0.933628074813679,1,0.817741150891211
0.892188516568214,0.933436911873901,0.362778382029486,0.671465367258806,0.0465058064955789,0.000499750124962388,0.00383064100165629,0.702716582958579,0.947763954320007,0.680776650505888
0.628712076273611,0.96102856694528,0.973666845610022,0.743839148712793,0.000522198393145764,0.000499750124937543,0.029782180524198,0.857660547508029,0.732835298279874,0.63731787982294
0.954248339100148,0.637200409843774,0.984676931008815,0.808264744300014,0.000523320057032117,0.000499750124942021,0.002759391327417,0.905933100159926,0.808275867013317,0.794815814265377
0.90956241199902,0.688628870760121,0.975696663748443,0.518365877434399,0.00054658626427864,0.000499750124938407,0.532790182210181,0.91863056579034,0.334582842908945,0.673208476491081
0.602729318277537,0.98414004318753,1,0.35294428914102,0.000509684351648325,0.000499750124943074,0.379068219971019,0.478002847940502,0.779008885471823,0.729082891215546
0.603547725584898,0.618050795986447,0.831602701820157,0.971120009660931,0.000510204443905637,0.000500500501967243,0.000624053861372395,0.844348465510936,0.84209572771081,0.778379167967209
0.754962425832729,0.843388007047173,0.59971091083868,0.951406748432828,0.000513350619512227,0.000499750124941277,0.000600296871650412,1,0.691169493935384,1
0.909114062338703,0.946911474210458,0.781854124465715,0.30858726048714,0.000551258883155026,0.000499750124937542,0.00562468716587585,0.293622042111293,0.867749467068621,0.511383374890082
0.846286745265774,0.720727718360399,0.722414113600203,0.603777014022017,0.000597552817678221,0.000500000000043441,0.00536390854444673,0.845672665434197,0.858012242250935,0.755643717008918
0.84254031629128,0.854414450853291,0.865841560111764,0.750949378029907,0.000518142799735518,0.000499750124992644,0.552116395252882,0.896135592701894,0.516423553526412,0.838653751185979
0.241438709402914,0.660251532675375,0.59044160974088,0.226397238284089,0.00240181039810208,0.000500000000105109,0.247963346204271,0.752905725317008,0.985676018761622,0.781078932909425
0.510142709813103,0.853355218928674,0.551350615338409,0.829276536286774,0.168098299002421,0.000499750124969011,0.369579695747413,0.363808921180838,0.232426745808193,0.746747651393749
0.837022728505057,0.731221022061491,0.747189825201362,0.438400782996555,0.000595873367797706,0.000499750125148911,0.00146532093961137,0.340963367204938,0.473230882273051,0.641939537978367
0.985179558858746,0.728986333543097,0.488841415092146,0.955181567712376,0.000505816948889099,0.000499750124937533,0.00723612093920567,0.917254639693291,0.975005720519166,0.659331982233152
0.766676400544868,0.972590892696258,0.815860701774155,0.975544966317519,0.000516797697628895,0.000499750124939528,0.0102586533747654,0.850137615234274,0.383887853232377,0.810767542950444
0.948298335669133,0.867134116929911,0.485193625892844,0.446055979561486,0.000776103739528402,0.000499750124937829,0.00117004439815099,0.860811364964847,0.94414454507952,0.95161883808749
0.670847376475296,0.879491667533419,0.851947464190809,0.479701792511401,0.000749558479984647,0.000499750124937924,0.115399583664222,0.893929535103598,0.950628750980457,0.518507975687913
0.878338427850077,0.982757291282859,0.937122615963915,0.815424555771412,0.000517337097637694,0.000499750124937573,0.0024910099426315,0.859129884026276,0.441088756954105,0.82465131424681
0.444408020950364,0.601290649717265,0.929680831574864,0.251788881356862,0.000500250125316072,0.000499750124946783,0.658160755064557,0.872211056813701,0.537446709495364,1
0.987284605618916,0.818506373390745,1,0.816472136071028,0.000516268729556613,0.000499750124944674,0.0495458574278828,0.705546157253276,0.855999306973958,0.648848693759309
0.840621690279672,0.358800915901141,0.523565166399016,0.372039340971841,0.000506072923393694,0.000499750124944054,0.00122165154708944,0.850831755731469,0.567021390342275,0.582049612465187
0.661712276616356,0.93580721783041,0.648098167446162,0.385597878676379,0.000579889566879489,0.000499750124937708,0.182122656938636,0.801787895902605,0.97063537307843,0.536298981223351
0.926600782672444,0.485435170897958,0.849851685322623,0.884047696715776,0.000538940951841456,0.000501002004186404,0.281125252063479,0.0909709728952571,0.936108657073727,0.752884475667825
0.972703201764583,0.668507368501596,0.534046029374328,0.490809415835052,0.000581656501334934,0.000499750124962312,0.000554523100382299,0.827094259991069,0.663520700647943,0.947151806461794
0.778274130355164,0.780544339064091,0.51270167974462,0.819477535138919,0.000505305861461874,0.000499750125381197,0.315297883110208,0.986114165977295,0.437083834722431,0.784282593712172
0.983965551313776,0.924474523254534,0.459751620099457,0.685226451058616,0.000501504519904945,0.00050050050088057,0.000575266823761571,0.557262642462899,0.772102843037485,0.567619002930777
0.772368084896285,0.592153550986313,0.825815272815126,0.722082027136731,0.000526056919783321,0.000500250125065641,0.000771096376145585,0.67346961897484,0.904974258209672,0.418242895622452
0.669477009278889,0.986838065485968,0.885983986967284,0.591096005821937,0.000569808994341283,0.000500000000001037,0.8095420106241,0.387517064804203,0.762054110428618,0.776484102450418
0.55695231312837,0.956709455471095,0.678932570172139,0.5530740455748,0.000531129170723675,0.000499750124937635,0.00591994628584128,0.726360115486202,0.670532322583933,0.66841957975516
0.866306980379506,0.84855339095303,0.670588426035791,0.707383924079771,0.00712370373619711,0.000499750124938714,0.00632433338156714,0.382401115950467,0.334997937101469,0.80005349908477
0.844947690839912,0.735809325920206,0.697194767874808,0.885514766926233,0.00055092802977998,0.000500000000001256,0.104789019726793,0.876769188511472,0.789096931701162,0.731880072753602
0.930551203937649,0.817665294699705,0.845010010727152,0.65483143006993,0.000568475735218698,0.000502008035847049,0.000518676668430074,0.597519106953441,0.785244729492927,0.783226441312674
0.886652793335594,0.838946163057633,0.514365557323619,0.767075935520262,0.000765866527428758,0.000499750124938953,0.0359684521887182,0.795452819486453,0.855324186279754,0.627668013897739
0.831085271005997,0.935312617344412,0.702139414786829,0.558619448510067,0.000520840050855802,0.000499750124937963,0.0513700425730738,0.838026996145791,0.533694869972896,0.505527047591277
0.928531475353987,1,0.924219381175712,0.752704045108647,0.000504286475417937,0.000500000000003521,0.00636238962415001,0.796552009349554,0.86769515210539,0.821375175930871
0.657574722522076,0.962049995104354,0.761353744170127,0.588190523797699,0.000524398236243341,0.000510987566107227,0.466473734401563,0.434341647416229,0.562520078045623,0.674250412995495
0.849091299074701,0.762097028536744,1,0.36818932986937,0.000579805599019417,0.000500000000003994,0.557570755122483,0.911325322016517,0.946423806244627,0.954615992956613
0.361996050833974,0.430543420089541,1,0.0716930410543518,0.000506585641712875,0.000499750124937603,0.00254034586356599,0.949832857624247,0.830840174206835,0.788283805985734
0.971995207892808,0.934969964272979,0.711244202319429,0.263380376676452,0.000525517694135037,0.000499750124943344,0.000583239899868411,0.829317354092466,0.797565848214389,0.686259346817819
0.888074707940045,0.688736567522273,0.590319020732825,0.163598098073445,0.135719554563704,0.000499750124937684,0.0250917920947678,0.828742175923208,0.972699314684085,0.68232838414611
0.878161445533216,0.959588926756983,0.604578048281761,0.295179816066427,0.000569829940274086,0.000499750124937975,0.000936724628198749,0.508502459336155,0.939345256158319,0.935415311579243
0.852701759436954,0.677424851607058,0.736005833733067,0.888289483848031,0.000506585789668689,0.00049975012493873,0.205740638469804,0.54947938827352,0.705707774216096,0.654769298441852
0.816048768868593,0.688899654133871,0.957223294511712,0.894792368269132,0.000509684386436174,0.000499750124941277,0.000566647232171764,0.987245474381661,0.670100715801118,0.974250473879589
0.98441350179722,0.412569248705321,0.823819334042126,0.502894448991751,0.00495052477057505,0.000500751127833568,0.000669501261640149,0.34253448430746,0.824015974473198,0.838468374742824
0.499276287571444,0.954367981365403,0.817637017066378,0.145466757484399,0.000520841934898442,0.000499750124937623,0.0390103973840558,0.363621606983635,0.6804067931022,0.526035419568489
0.580686919793187,0.870458637922736,0.558233843441831,0.327456125295669,0.000511248196729222,0.000500000000001864,0.000739120831470748,0.641226645853257,0.495742273244902,0.780732791155819
1,0.748926569727673,0.642417614749022,0.925692499091332,0.000505561193295469,0.000499750124941169,0.179324201672363,0.812440236898056,1,0.974090913663587
0.743308809499276,0.851348903907804,0.926117669765592,0.872948776959925,0.000510204269625029,0.000499750124937891,0.000552525163190212,1,0.755159463142797,0.973268849634751
0.959941163264624,0.927505970310189,0.63491080684281,0.183124325203019,0.000790891807285485,0.000499750124979083,0.000911642031288334,0.685234301531191,0.952869891118215,0.957654541831883
1,1,0.610995441729961,0.68927296427899,0.000506329170595021,0.000500000000001608,0.23726970889285,0.551815093973911,0.708015846610067,0.899558979656893
0.930354402966897,0.82333554088291,0.313408040903319,0.735961138826705,0.000531441193255882,0.00049975012493882,0.000565102607567913,0.68640158851445,0.595566071712836,0.875720896350408
0.927936514919311,0.985748958970136,0.725004417389047,0.630394429576339,0.000558396235195234,0.000499750124937535,0.00123814015472658,0.933640679851209,0.891128056506682,0.788150086165407
0.755709832014422,0.716906523760852,0.895484878357733,0.345507243281993,0.000566150942986104,0.000501002004440324,0.823156209999735,0.776804255652508,0.5619731857609,1
0.957117228296205,0.688177425703985,0.498654666798281,0.116368585214124,0.000531724998736432,0.00049975012493754,0.000517870914882243,0.773140522896319,0.737055438014217,0.850986629596496
0.970656677197526,0.655585494178018,0.861457210403735,0.171674379767676,0.0411580878460948,0.000499750125010506,0.0194641977050963,0.684165316025892,0.972988558473188,0.984985638213014
0.909528662272144,0.931160708594607,0.858105765160231,0.93237927404837,0.000526614738718793,0.000500250125369725,0.0152552141337126,0.922693048747186,0.933341124120388,0.986784962493688
0.986126897585553,0.617571592802842,0.94410843038445,0.0678618662230502,0.000529161139867054,0.000499750124937547,0.00405730358973209,0.65019447897851,0.330647011061813,0.645326511793873
0.955131063154643,0.57803531355234,0.711993345125756,0.114805070607455,0.000547926001236106,0.000499750124940767,0.000533085517484107,0.890827305182416,0.907072090037412,0.932355220125657
0.947391699806454,0.912745096510028,0.674949610829585,0.191070548596505,0.000505305759034583,0.00049975012493778,0.00996164212316403,0.959416996261282,0.87272005522147,0.983204887135638
0.883927585260792,0.854894235339802,0.672882702529358,0.0380616709049383,0.000618219098316523,0.000505561188522341,0.0767207060297686,0.631725360300848,0.973609933846802,0.958828105592987
0.4467422453699,0.984135193411343,0.98607806054998,0.100746020217525,0.000506329159380973,0.000500000000005476,0.00334260015788955,0.453789993833614,0.667193606047921,0.691107146080129
0.798645260825644,0.971912493836736,0.790312019674569,0.321398301335189,0.0332283842660278,0.000499750124939365,0.229555186012869,0.824963753558144,0.791903580617407,0.969515068358286
0.834378128347873,0.788554535772155,0.46712894597737,0.251725530808388,0.000509424583171192,0.000499750124938431,0.0886626435017083,0.225522719253465,0.628498045998975,0.77790898830756
0.754118435118184,0.961935432505807,0.560074698777198,0.187512993068921,0.00157870122625917,0.00049975012493842,0.225329969136984,0.903394087945486,0.799090216578677,0.529529372677279
0.881890674676301,0.957271426668765,0.841675611468044,0.662438432987935,0.000518680339407497,0.000499750124937532,0.000777273577383797,0.768579095732418,0.752903827490053,0.934343594838699
0.632223223433658,0.841046663155411,0.648639371767617,0.530883673847437,0.000741576306862888,0.000499750125001956,0.128253205253931,0.911597108419056,0.964063282507233,0.61113340365392
0.972440723990334,0.856382776889635,0.872232898060978,0.062238992533043,0.000504795725869175,0.000499750124938682,0.000643044657746755,0.583979706314141,1,0.873192447832606
0.560062901379443,0.450909643584509,0.443213337161314,0.957473438362581,0.000528891708661824,0.000499750124938776,0.422149330328595,0.74055626638886,1,0.617632037845259
0.916979209620975,0.874791945065739,0.484889429242773,0.731339832550386,0.000515732173904187,0.0126133399891103,0.00163253950857255,0.689294865037202,0.726151431142339,0.740117086181525
0.953083469962346,0.666131404419726,0.47800800344368,0.0643290004867216,0.00464887664692034,0.000499750124944756,0.232287617502958,0.102277894356925,0.881029987762615,0.882493224573964
0.591523270405974,1,0.431035564119179,0.748834805549559,0.000543278344540898,0.00049975012493757,0.00072943518696216,0.244894283496034,0.663709340144425,0.854832539780146
0.580954275389025,0.649071046425918,0.728570632745133,0.459435731768173,0.00053138686049774,0.000499750124939072,0.00785966782159663,0.793858346451177,0.654579635513719,0.875320566744539
1,0.970932927217062,0.896771605283374,0.282822201809032,0.00385712769400953,0.000499750124937722,0.00106529415505058,0.601318367289349,0.875429529733082,0.684765563691038
0.825160525062398,0.769808593977642,0.862391420447283,0.969900328305538,0.00394789678962755,0.000499750124939427,0.0859652122566308,0.701346256306537,0.454560211034315,0.984881464522985
0.984562026624568,0.904837975941691,0.440306192208178,0.154123463839821,0.000526610654365187,0.000500250125062561,0.000600158183168964,0.562949356424297,0.920235164329264,0.825671049602611
0.934930036598157,0.924157554164746,0.826013186855943,0.0415445192657614,0.000550458679863727,0.000500000000002605,0.000591197750347898,0.62719415641774,0.410154325484152,0.941015353289554
0.703953159101343,0.958789604833718,0.590112712683782,0.476073279994841,0.000524119921633882,0.000499750124940131,0.293361376719343,0.302882145374799,0.947382582454667,0.969329101961594
0.856781227202606,0.940486580827865,0.927267720099388,0.737045557177206,0.0596661324971779,0.000499750124937718,0.00920999779723401,0.405503640822349,1,0.905318937516448
0.946078273535039,1,0.766399396688572,0.525819989427025,0.000596768145323207,0.00049975012493941,0.0313261138390879,0.803953639064944,0.483784985863451,0.654843675675864
0.983117249154166,0.920084360258066,1,0.887764190174588,0.000513876198230975,0.000499750124937889,0.000563975095265071,0.929738272384389,0.383036035669929,0.694943524214957
0.39262700329198,0.957730779121487,0.970710055779861,0.496560051496655,0.000502765221763156,0.000499750124962027,0.0028759292396307,0.963491610226944,0.939122985376983,0.871407849246677
0.842418794678275,0.655664334788733,0.171029684169288,0.834249015315665,0.000501002004459359,0.000499750124943096,0.000809957896971169,0.934297630329363,0.78131528499524,0.486216320898583
0.844127251424152,0.466320456321897,0.426159424444582,0.812773802407042,0.000624522949606138,0.00049975012493799,0.0151575700096373,0.56307338175216,0.404052205674373,0.641675954868778
0.711429432619757,0.712626288303942,0.815240577713232,0.24859361423646,0.000857433608369243,0.000500000000313159,0.113789030398012,0.855287636688336,0.868985734433029,0.579431567279157
0.908599477275849,0.672401909420217,0.933745332135349,0.79048628671128,0.000518406433558527,0.000499750124940405,0.00064355201302182,0.336223395772662,0.690244340033859,0.894138214219214
0.617800224687098,0.792777773494346,0.687014385687682,0.433639852927413,0.0489613723775805,0.000500000000005185,0.00103308605866481,0.895811483920623,0.478177738244881,0.463043112955209
0.926275957715512,0.732760605122127,0.850494603023393,0.610381969974233,0.000531114542242762,0.000500250125064874,0.000588202057308634,0.671907417308162,0.686535823670892,0.899138434688933
0.925573627486744,0.971996730738113,0.949719263588351,0.202086144068582,0.000560656018368152,0.000499750124937543,0.0640355481465418,0.892049985151479,0.808476670854024,0.976143306719272
0.598090471266775,0.891753024511526,0.728034747232459,0.0318660384799023,0.0936805555039005,0.00049975012523932,0.00212229294765753,0.549471067121622,0.51087456049968,0.985466900674529
0.627848427483712,0.742006250049702,0.929815544143969,0.0601299126126379,0.000509424468008038,0.000499750124941286,0.000681040528714199,0.493727144539981,0.63912465875737,0.898555266058405
0.888422341924196,0.640677198410823,0.674929541904684,0.74556429006914,0.54880049461281,0.000499750124940512,0.000621640947878299,0.830277490053629,0.669243095550717,0.779674273309623
0.483067132312605,0.925395105461119,0.35835589422677,0.719900711353115,0.000515999946204109,0.00050100200479209,0.000585627184254269,0.629723097151737,0.985724754285273,0.87822995891943
0.44589680267334,0.72791281056194,0.970469828246705,0.114185171460261,0.000511248279701763,0.000499750124938028,0.00981035571309667,0.672242260196844,0.877059501407405,0.940800311101687
0.785531939530372,0.959717414677336,0.852821678710049,0.383274513342882,0.000587963451883702,0.000500250125079389,0.000709688054419689,0.940998219115422,0.743068916346483,0.68058515753417
0.869076528933705,0.720802676771928,0.68812110737153,0.362889265044575,0.000507100217076037,0.000499750124938861,0.000839217182637017,0.919652980956578,0.645464244827716,0.742725369155327
0.673291762411122,0.971220302659837,0.905528484926412,0.241547833287675,0.000509424580772543,0.000499750124937554,0.0298114268105244,0.972734221734937,0.756866022301746,0.786607080246138
0.818127906224627,0.952552542647665,0.796080214083784,0.864743249395737,0.000533099442540409,0.000499750124943634,0.000530239347664126,0.547839140800266,0.393636564303027,0.887263927979669
0.972199270530599,1,0.817672684413532,0.0169951190005812,0.000511247800523866,0.000499750124977732,0.227473400912503,0.273652807966591,0.964958650802598,0.753432857472268
0.929181243667388,0.956941722103142,0.709636956246731,0.167623844141053,0.000575995159444196,0.000499750124953304,0.000689856928428812,0.572686091376097,0.457395160456027,0.972021961587334
0.563311502067231,0.971403260720492,0.870377512115116,0.0445313931078512,0.000532538017525444,0.000499750124937742,0.216781764822891,0.890538968068482,0.751228106506094,0.915532626842599
0.726002470028888,0.890101817573042,0.755876301477183,0.939593679207529,0.000506585661436982,0.000499750125028253,0.0489753056777903,0.319382346160119,0.952585589123322,0.92930573154511
0.928028243646135,0.949553202078535,0.659125449348788,0.728495943118797,0.000508388516964899,0.000500000000000364,0.00059848071146846,0.208165301758483,0.861582925091561,0.867197009819405
0.679913286435276,0.986974642097192,0.328492425620788,0.764687990676968,0.0315460105494976,0.000499750124939234,0.80102817479987,0.519700553456469,0.448660631084465,0.48829563196793
0.793787685885149,0.778969715637616,0.810092395772368,0.14404234480606,0.00111661401373657,0.000500000000049642,0.0112912866901959,0.886909963194558,0.885193574733773,0.751915418179002
0.787982418122787,0.845655270685455,0.719049453126428,0.664052341026271,0.0064625277902778,0.000499750124937531,0.000524415819466646,0.476764836558849,0.47282484590881,0.865894377577501
0.52090407116744,0.68513346367462,0.77281023492031,0.340529641083272,0.000507099433548312,0.000500250125151568,0.00743770935061655,0.769000910797279,0.879987741425263,0.915517236533447
0.907853938772677,0.690717739578995,0.593464947475464,0.908231833421897,0.000501756148795072,0.00050150452119717,0.0481977616286225,0.7427334143275,0.910435538441762,0.950545659582603
0.940056238152262,0.708460820512061,0.983677658681356,0.828983514446991,0.000559472389248011,0.00050000000003598,0.00154393700023462,0.364598424900206,0.775322554678441,0.751879551676894
0.695384058007556,0.534412142524386,0.609553586800537,1,0.000530031255642793,0.000499750124966914,0.00577395633761365,0.811801849495374,0.733719837047038,0.743696697009472
0.843427710418733,0.624986219838722,0.868997063446062,0.473047657600593,0.00255159797279844,0.000499750124937531,0.230742066532418,0.901505139927286,0.820478993648803,0.96982522426254
0.877315845500047,0.971806211752049,0.267978948472493,0.873930390188378,0.000537185353357647,0.000499750124937534,0.0250841003508291,0.900271920609401,0.984359553091015,0.907312454162215
1,0.958455718799448,0.792870467828992,0.711965354416421,0.00055797512429903,0.000500000000009076,0.000828451440963275,0.286273437531051,0.777442963355663,0.705179504978739
0.767935558859194,0.961548369336828,0.984946780998866,0.691123854201439,0.000565786263284008,0.00049975012517656,0.00139460018748961,0.577899714381096,0.611735994566497,0.701824481487869
1,0.986023783033834,0.894384056911499,0.450750933632,0.0325763010506569,0.000500000000002644,0.000594808188332016,0.766671030625063,0.787416453059129,0.664055841819819
0.892846329186074,0.431147819767335,0.873336933399798,0.0410733802453288,0.000948823441184378,0.000501253134211951,0.267675786789419,0.985499474247497,0.611328774691826,0.969518288655416
0.845812619777044,0.512943105424103,0.765937759509824,0.361922832420808,0.0005343059856077,0.000499750124997159,0.000904886446747514,0.872255156128407,0.926424692828743,0.744009820495836
0.790499463782098,0.958173330628092,1,0.338379626123011,0.0123938804686259,0.000500000000016816,0.253739634037174,0.334419344378994,0.702174778719942,0.621310419960913
0.598972792924391,0.506648745481162,0.766018895807372,0.873524528695239,0.000567119284456003,0.000499750124960582,0.62893966695021,0.961646850948301,1,0.688002618363279
0.970329512090808,0.650268754082386,0.817109789863204,0.379854415424436,0.000523025348228929,0.000500500500512761,0.000729739030535676,0.163608237796167,0.823678701283021,0.861702965675365
0.946352753335442,0.746287998774072,0.753279249408388,0.384024612935535,0.00072791153599894,0.000499750124937603,0.000546310571599537,0.90156468751761,0.673983850391379,0.807287052493592
0.985241552030539,0.96150833196327,0.879993558504752,0.918710651145497,0.000525240328469405,0.000499750124937674,0.000563551171252537,0.640193670850839,0.91700487411465,0.774487400800883
0.846206098292181,0.861301386404823,0.711755748225243,0.820912639934232,0.000566288498192826,0.000499750124984915,0.00610928895159369,0.947184770606205,0.818794364941699,0.832344987468822
0.863678307624188,0.826629942021871,0.91804867370642,0.467754519248935,0.000518415001865863,0.000499750124937532,0.000892862936058461,0.541421059420495,0.591031639303559,0.916506244117384
0.747155713455872,0.774486783042286,0.634839166852262,0.691999896327179,0.000578916797580523,0.000500751127012481,0.467610098270695,0.885714042366005,0.611166664238884,0.804152163825265
0.58381646960905,0.940888568439431,0.877053267061594,0.354631193945586,0.000508389041387373,0.000499750124942356,0.0932567456866493,0.772316954257459,0.921520286963097,0.985247858503618
0.900940863403949,0.731953936469872,0.792519971416947,0.0265647648151847,0.000502008048848758,0.000499750124937592,0.000647094756509857,0.923435019419789,0.843094102911875,0.773157723315794
0.911090253151874,0.838079099049589,0.971755200441987,0.650965649273255,0.000516540057603945,0.000499750124938065,0.00784466712853856,0.763948296112592,0.793556509209107,0.973832002725741
0.377901330386729,0.545944535115685,0.736172056301268,0.343533838585915,0.000550428085121898,0.000499750125046376,0.00782763746245705,0.77092032297364,0.587628708049541,0.63150030368113
0.308370225533599,0.634608181600419,0.810344763579756,0.903648105480474,0.000523581898574893,0.000499750124941426,0.211776905488558,0.614772516168525,0.817057037248361,0.781511867447031
0.71256856639838,0.908331407980425,0.941855479095172,0.238980448224079,0.00053139805017619,0.000499750124937886,0.00290110377894487,0.884521989796718,0.625292732094984,0.959917848202077
0.957292336702489,0.893388382399627,0.801077181665585,0.828279607157904,0.000501002004110334,0.000500250125744443,0.0240395241692558,0.909378282687216,0.354374375379076,0.860329337018689
0.955367145729204,1,0.608224804670703,0.319837958260171,0.000516797583594513,0.000501002004653541,0.00867282512879115,0.486750565091296,0.883183090473282,0.748999639908383
0.955272477696739,0.834925202088438,0.92222451977759,0.934926698319138,0.000807199346015535,0.000500751127068203,0.000603992583091252,0.800869039946893,0.75996235501822,0.959795867910441
0.706493672794855,0.933548689079232,0.831176126607965,0.676501792566632,0.000922626659784303,0.00049975012494414,0.000534821831842749,0.209947837337686,0.621122061243047,0.937940850810563
0.587677049183275,0.230593016675002,0.355387458025702,0.705010779785751,0.000512558205005407,0.000499750124942625,0.600723366205187,0.575168225896796,0.84319396145233,1
0.487884144424796,0.386916153395317,0.712828276093324,0.84728828016085,0.000602855868437446,0.000499750124940118,0.542095354924203,0.621192553069269,0.779952590754722,0.540753470655968
0.792201493016716,0.86739726602644,0.969930205293672,0.831378236859796,0.000533762377603873,0.000499750124953491,0.124266671860707,0.762807800921772,0.884436038795357,0.736689382353983
0.969955754488554,0.971486025782667,0.961790460437302,0.739594870053926,0.000510464909835165,0.000499750124937531,0.0353918300081188,0.673298901574611,0.445076249492296,0.702090732092752
0.649816390479483,0.860627245028535,0.672633207798924,0.32555996321806,0.000538006754378492,0.000499750125004044,0.000555509132982267,0.938311065794094,0.949026469814016,0.984472427433948
0.842908260411369,0.907134941667943,0.912689777232013,0.985668297728307,1,0.000499750124937635,0.00134577305672071,0.545959179516051,0.925565338677071,0.914954582422579
0.811218936971156,0.955953239347842,0.495323743540276,0.500455984692389,0.000620651133644275,0.00049975012493859,0.00221651415150717,0.464506166485762,0.903239581745821,0.983056782233978
1,0.762604945715435,0.448254304380504,0.79894266309779,0.000518674755868551,0.000499750124962244,0.289162230010601,0.690626330931043,0.700878389844645,0.942358057627671
0.723804082474528,0.49880099315894,0.916917343709254,0.102792034544472,0.000509425018307112,0.000499750124938723,0.893292628028886,0.941474401670007,0.777922977495347,0.835373967439417
0.984406747947537,0.745025841977486,0.696119752491883,0.969023046139259,0.000522476229119894,0.000499750127125312,0.0268370103803424,0.549832282758314,0.94810287303117,0.474979889548555
0.610246044322807,0.847067016397749,0.901304762919673,0.582983618479302,0.00057797850555639,0.000503018112184436,0.000530926850009702,0.745265371777544,0.40758756667446,0.894442689642373
0.641975832959256,0.917784658215124,0.618702285169686,0.368838681568193,0.000501504515567664,0.000502765209891667,0.0126577691560933,0.587009968598812,0.798807317826506,0.48271953232122
0.329314806397816,0.930659426016996,0.810137653549361,0.418154431550289,0.000641602018303097,0.000501253133088175,0.000672995954089584,0.79943671980026,0.503637947047137,1
1,0.913209074790066,0.957718897909484,0.478870762300712,0.328967793920748,0.000506842404536338,0.0005631425006126,0.95745753318565,0.754056898264964,0.853498280199829
0.643234185028935,0.87507596266399,0.854914951222372,0.170922935447517,0.000512558575897267,0.000499750124938089,0.000614984100252513,0.371082236845144,0.579682455817444,0.879336942039146
0.950962387132518,0.986627353928692,0.58105047275774,0.655863453119353,0.0084095473757138,0.000499750124937538,0.0168889791834699,0.577203405841949,0.64762140589035,0.652405438407704
0.738383611005885,0.830795246269803,0.78657141332291,1,0.000515467070512915,0.0005047956444632,0.0104731086391604,0.45009129379682,0.831443388871091,0.898544127395597
1,0.906531831515231,1,0.687789203419495,0.000517870331146668,0.0004997501249391,0.00756695306382928,0.451842068128309,0.306684357442849,0.390614937046921
0.953385714645475,0.943308414304647,0.716308835530818,0.880550319068893,0.00559126104929615,0.000499750124955899,0.000545408600472133,0.707322452377681,0.666212350989281,0.858368175848921
0.947666974164631,0.781913039988437,0.657951277186162,0.680920328882239,0.000537214278344375,0.000499750124937967,0.408423353935113,0.207686320910763,0.683065777071752,0.950675989777742
0.869948284645816,0.845182121536707,0.770362064378814,0.766365015705626,0.000552842647171784,0.000499750124937582,0.024158615926677,0.45764018774891,0.895036710290769,0.388796050464898
0.934326467272127,0.776100825587055,0.775305013929172,0.547501399021097,0.019698437669402,0.000499750124937637,0.000849555741896749,0.968675626151959,0.792925574102432,0.905289479189433
0.705319031464426,0.792244748831713,0.854715970342138,0.638112357236376,0.00143385577337211,0.000499750124938062,1,0.586802067090771,0.734759034757962,0.709257760737394
0.955564834419795,0.95629877382176,0.972160356767522,0.728870985371598,0.000597729428878405,0.000499750124938399,0.00124732709000084,0.72406543889655,1,0.984029282233172
0.612456027755572,0.553086405272139,0.729330735382272,0.668895661228987,0.00054071415914173,0.000499750124954911,0.000579950015052689,0.472269364371304,0.734216693273785,0.822818107647977
0.651228925275979,0.650709233157612,0.957093237589376,0.362311874489363,0.0329593401600544,0.00049975012493755,0.3749629006063,0.881873186832162,0.66214956989568,0.957299435440348
0.789587412984564,0.601965193969116,0.587515708391215,0.504910420570912,0.000577143360071788,0.000499750124939455,0.0270865816146734,0.849356502965217,0.470696070020074,0.784855293792318
0.926549938244956,0.504794568322851,0.708733542471173,1,0.000563514239918493,0.000499750124937956,0.00452382222065758,0.476974857350245,0.931861240969902,0.804375825778958
0.74274719822332,0.897257994476457,0.746814353664544,0.768231736477255,0.000602338679619291,0.000499750124937554,0.00181123306349711,0.479690694968855,0.467256160701849,0.790858569860166
0.836782532133048,0.653014670885844,0.889558874160421,0.893754210746716,0.000506329537089255,0.000500000000001991,0.060476377745242,0.772196369977048,0.897615372394925,0.969550349823693
0.800873969781721,0.911569125884763,0.822366683273767,0.669492752522645,0.000538350216795904,0.00049975012498735,0.00128797546368838,0.615861772452641,0.932506571204202,0.90603171314413
0.974597718317172,0.86317189993242,0.807627185893021,0.853984230136584,0.000544241147408953,0.000500751127620233,0.567250645869513,0.815792721230949,0.806548338609338,0.986735039534641
0.663096043990959,0.7711599465253,0.719994331897122,0.402280114358401,0.00071814329430827,0.000499750124940184,0.000644383189955891,0.937537727929778,0.791857516074661,0.914454392315703
0.951921139608068,0.960171400876918,0.504161988638545,0.0344063289123464,0.000502512578067617,0.0004997501249439,0.584401992386865,0.796292246975306,0.625465749054993,0.967363351572683
0.882597652632025,0.945897893940174,0.939923469048869,0.775857186903081,0.00224211722668419,0.000499750124977763,0.000556674089526063,0.624536636129957,0.924557360189195,0.887846056004647
0.547721623391606,0.754851574890853,0.583797173278932,0.064411245243697,0.000501756147291251,0.000500000000120132,0.0655343048008449,0.586776599732919,1,0.926229993424183
0.963430024568321,0.935664134247185,0.71870930257377,0.51629807574332,0.000695695896652495,0.000501002004682481,0.0182305165590466,0.811561134503818,0.972082479609712,0.714159039300251
0.675124630428607,0.89301834893077,0.763589697388188,0.161352136302435,0.000503524685453984,0.000499750124937681,0.000766834744026025,0.931527812880296,0.570578946986544,0.503508959592088
0.921090304318831,0.953700872528889,0.772713884916603,0.852724863607903,0.000510204224467205,0.000499750124937911,0.015297775492212,0.895228075924633,1,0.943470183670339
0.831600897477592,0.984799382996809,0.529672886689821,0.550818707177751,0.000639550045934356,0.000499750124951431,0.000611430099510375,0.76561808509984,0.844868972639509,0.449105325058202
0.607275688559457,0.970628516289516,0.888031228275023,0.581835647167387,0.000626831040208081,0.000499750124938542,0.000531980391714856,0.789467836947729,0.455494557091021,0.722354902666278
0.843594206646188,0.853092337099354,0.824692474540681,0.441442133904077,0.0143932433576262,0.000499750124943244,0.0012184077834813,0.711524343314774,0.960451152395259,0.567257101236125
0.985169327385939,0.596075463477258,0.917617183279049,0.767371024062402,0.00053453516203141,0.000499750124938208,0.668414153719732,0.740519666474392,0.971266860800196,0.863064565229661
0.930018539938503,0.367062679962242,0.60656770970529,0.360392229878157,0.000519756185868284,0.000499750124954521,0.00061172989361692,0.803700845898576,0.887336883817651,0.761410328035102
0.949188119858359,0.851349498102019,0.432438114380072,0.797802364056443,0.000561459456731974,0.000499750124937687,0.0355493119937201,0.490361601769761,0.895479419094857,0.775285664020588
0.688678810846275,0.95576955866747,0.5539289990988,0.932635661325909,0.000696367340845714,0.000500250125068049,0.000717779286685054,1,0.790942032901252,0.90479589074585
0.802200755345189,0.612049961451953,0.829540707405451,0.973805085891637,0.000500000000020792,0.000499750124939096,0.000509165312269173,0.415088048843032,0.743780183560609,0.895370999525961
0.879456588346459,0.812789098023269,0.731930451494033,0.936549507062895,0.000647736500877598,0.000501504516844295,0.0125974077517294,0.922601881015179,0.623090656605612,0.907479341624645
1,0.878072252090526,0.470933478053079,0.695669004210242,0.000543189913302592,0.000499750124962364,0.000711090746106722,0.154667570137719,0.669396361721902,0.70327766242993
0.879317665280952,0.658033476285635,0.741367805646564,0.769529441972915,0.000692511251541458,0.00050000000004949,0.00450481538128701,0.66184691581586,1,0.515796806770359
0.845122769888454,0.960910626351513,0.767285073406384,0.823047111060126,0.000531981829983643,0.000499750124937862,0.000959745887820416,0.206355512260044,0.957854335227188,0.721078759964434
0.562942429656181,0.698965243188984,0.635971377340759,0.139368982004987,0.000523295934143785,0.00049975012494239,0.000621813664817555,0.742211392619127,0.822394549841023,0.572826395064104
0.970304250914177,0.862236810910303,0.730327146616704,0.617586746740586,0.000502512566374238,0.000499750124939266,0.0102908030491559,0.829260936800165,0.829881504882308,0.85152669882758
1,0.470351558584597,0.935551288262099,0.534408283506382,0.000524674037215969,0.00050000000000345,0.00606003143649357,0.930768509907267,0.47830635697948,0.573736856843927
0.945708996567488,0.536454156256981,0.381494892846132,0.68795674421682,0.000505050541076201,0.000499750124937538,0.0712337483965951,0.601275359615225,0.972856954201653,0.955233226453852
0.640559138918295,0.929954827538243,0.542598823225684,0.956696053102954,0.00226895386628866,0.000500000000001516,0.000547381859774813,0.958673878735452,0.949644478099454,0.733186888070151
0.778233385686862,0.754155322710755,0.887924525177059,0.372654485190467,0.000510466805336672,0.00050150451554114,0.170210062741002,0.957940820814105,0.984552006338227,0.823941794417575
0.928605781672009,0.942901335118368,0.706082519904931,0.303023297327788,0.508039557160609,0.000499750124937995,0.156289282585942,0.772022578020247,0.478329201874456,0.909040002730021
0.973233765094218,0.954966499155058,0.369625809278985,0.607720136208324,0.000500751126894259,0.000503018134463029,0.000834257990685968,0.92419258969031,0.686337575879147,0.655420677254296
0.864399756872927,0.743710117333589,0.644592633934256,1,0.000512295427887616,0.000499750124938385,0.282848109202008,0.589640155131164,0.88162397835653,0.633641187061253
1,0.768589793693399,1,0.240568603693709,0.341656621679546,0.000500000000157032,0.00648293018559585,0.698071122915887,0.890511139498083,0.58671386452205
0.908043579079553,0.968970997153369,0.941649002594597,1,0.000503018129714981,0.000499750124938271,0.000848516134619608,0.588548154989469,0.874118650021675,0.93564025587353
0.896134120320221,0.801911233834125,0.641714925387451,0.638004178195216,0.000573157281849827,0.000499750124939533,0.000604865656418575,0.818036788332316,0.944131427407269,0.853166742057738
0.883119844877463,0.725427667973271,0.831677935185623,0.489074175567788,0.000506072898976884,0.000499750124938585,0.00767872020366662,0.866134603831276,0.67496609517921,0.879625489823074
0.648765773379894,0.481000250257709,0.760385271126309,0.435169165073842,0.000542715098047587,0.000500000000001315,0.042618019816864,0.512406112589698,0.618249616642318,0.986217280296015
0.926607053420308,0.821890653845777,0.649880612328726,0.304998725167461,0.000558638350023614,0.000499750124937563,0.000900004375134473,0.813331472016647,0.888976739443476,1
0.775294795554564,0.842847655311294,0.680623457624383,0.783625574524848,0.000524666224704168,0.000499750124974459,0.00111894272212136,0.4669463337113,1,0.928834825023683
0.890581941674242,0.842476171670203,0.947881923734654,0.515000866802351,0.00182340392737315,0.000499750124943741,0.284842225659076,0.87792854846877,1,0.936502423438309
0.805680058692624,0.63988035039039,0.9583176581093,0.574077155380084,0.000536851084548094,0.000499750125923603,0.283709763339467,0.955744557379151,0.893090430388611,0.928726070972879
0.733487790967355,0.822153350131449,0.48468235265194,0.312465426412971,0.323289992772608,0.000499750124938051,0.740600994210428,0.815771702948116,0.983930588216428,0.98668520631349
0.776853283139108,0.688882762756884,0.68005064743423,0.801605890805542,0.000509165249531993,0.000507872250005313,0.0129372475135386,0.788285107841986,0.740680808769028,0.727921340973317
0.518450834707993,0.923146078822664,0.367694842978924,0.293373721172693,0.000564955404948331,0.000500250125063508,0.253394118073451,0.986222511670702,0.921576692992552,0.986133264628637
0.737752608362535,0.22875539412682,0.823025543547882,0.543273048524095,0.000514140888964364,0.000499750124937775,0.00182175771205352,0.870382563165645,0.924646840249491,0.676533644619732
0.459125783501958,0.959831354957287,0.786693987116132,0.6002737091308,0.000637113209666903,0.000499750124956079,0.156421224935678,0.79469375445544,0.852093395152663,0.91653643696367
0.82127754109728,0.711942001657634,0.960194150866669,0.609553487058982,0.000584162624794373,0.000499750124963069,0.0533245569456293,0.736487149030992,0.652974429007277,0.443584796521399
0.830773619168316,0.961243215811271,0.716168737161539,0.603342036180518,0.0394990040777598,0.000499750124951556,0.00603274052678106,0.855159710704625,0.749414983617573,0.968380375576641
1,0.764091142207374,0.945948271796664,0.789946576274044,0.000976729943873487,0.000500000000056255,0.842592394420658,0.61325303699525,0.813899631314509,0.525325692211041
0.708913073256014,0.792662050054354,0.985087452829777,0.926986644208697,0.000597589857011719,0.000499750124967284,0.000517874588022138,0.58130579659984,1,0.928042570061197
0.983616834342686,0.470044817613562,1,0.884513622197771,0.000603955607023185,0.00051467248971144,0.000546669841792429,0.854416142469662,0.840143436982777,0.53013033333769
0.968515518761892,1,0.250380930268769,0.94714349896563,0.000506585696859005,0.000499750124951697,0.00672584788673128,0.617195701916047,0.344747731357561,0.698569276904858
0.970299489950677,0.987046218259372,0.986478851659223,0.594971179139887,0.000518677152010312,0.000499750124937534,0.000821017639714659,0.904981445534994,0.724099624898862,0.91080004631522
0.698208069156167,0.973501108448889,0.618456056570468,0.396239770926888,0.000593653086527643,0.000499750124989389,0.153238773858789,0.807450339009682,0.971858640092669,0.395865577826016
0.83710717507159,0.86224731490027,0.816662720306042,0.776376946764419,0.000528874973996182,0.000499750124937814,0.0923455514349655,0.360575492338143,0.882145801580437,0.873399207533373
0.761074520355637,0.793961389271581,0.829615292834602,0.552391437068089,0.000517603630363617,0.000500000000003939,0.011367090603059,0.816345721673966,0.89437642960138,0.944163785676338
0.707135250862583,0.970035818402082,0.603495513794014,0.135345981061626,0.000520040736054398,0.000499750124938845,0.304532001722256,0.985396477473784,0.730499112549258,0.846278168092338
0.677002898304441,0.949031923254929,0.606980374642441,0.663917022244867,0.838694359613012,0.000499750124986039,0.00377646256461777,0.675900952353638,0.911212455969046,0.946977548310955
1,0.986237371536886,0.626802215346175,0.334543041252312,0.000564604137438637,0.000499750124937566,0.00102636905708555,0.611925920613191,0.589415119610129,0.555520102528987
0.838886008275151,0.849732606094076,0.714883190137056,0.597652644001603,0.00107842568100208,0.000505305765377499,0.582341878406162,0.437656777102465,0.800784686473832,0.378985019015225
0.657607398397592,0.864403564363973,0.710936431941964,0.528012159381561,0.000512295650617404,0.000500000000015022,0.000534004258234543,0.533520429724568,0.434296061511164,0.944004910518502
0.796647831442304,0.514635688102432,0.942669935920022,0.697446276332513,0.000503524693452968,0.000499750124947444,0.000902426386072002,0.743526017451183,0.953999505364159,0.327086797310487
0.928298275912761,0.972342620132071,0.897940201739745,0.463885136769766,0.000640147769889433,0.000499750124937539,0.540810925587897,0.545295443011019,0.643670330084775,0.739450104382643
0.805895659725466,0.865009892097384,0.74657349037053,0.944946470179226,0.00054770206938946,0.000499750124953522,0.000815285432745082,0.875252127982891,0.933128635678437,0.958331932149529
0.970029574942674,1,0.67168005078123,0.072677741821649,0.000562272097261967,0.000499750124937714,0.0127850113135869,0.535636639493591,0.949961741848473,0.885368416659653
0.63424722530426,0.851566698156667,0.82536239580909,0.400240003677019,0.326320838458142,0.000499750124940954,0.484120616461534,0.94326404276239,0.661650597337677,0.739892598817165
0.940533026827659,0.848678667659571,0.836090589999,0.92002678389978,0.000515732453454558,0.000499750124938013,0.759908363214458,0.704410869623216,0.932104456038334,0.607720876013608
0.939247867325507,0.796655305436515,0.746674489355486,0.846196683645495,0.000500500501284452,0.000499750124937537,0.719243875210114,0.902156263757873,0.945830080695189,0.691766413500927
0.974556115278085,0.986116407098996,0.943185431546491,0.663217970905777,0.000516798899028963,0.000499750124937549,0.551110574628252,0.763509510109562,0.445269462414973,0.744126006940527
0.749122051044071,0.759120297252695,0.83730684051089,0.117699391579298,0.000507872202838998,0.000499750125857769,0.32970748586213,0.504862485010328,0.962810944263641,0.662651576770908
0.982967706220725,0.945295299384502,0.354678269036723,0.560049630471452,0.103793070338476,0.000499750124937609,0.301086918890586,0.749698985524805,0.877356972688767,0.909139437624425
0.914770705344921,0.604135689520771,0.549395827643831,0.360052472935136,0.00050301813494287,0.000499750124937536,0.000537130915925566,0.796037613674727,0.804644730930559,0.91175417579528
1,0.777884717101873,0.936607192573727,0.927279765500995,0.000592655367987522,0.000499750124941829,0.0285769957251934,0.937338124271187,0.85837694346214,1
0.813065967422591,0.835818612521545,0.90184703500718,0.466396587141352,0.000507872163111973,0.000502260175225739,0.0519479132757553,0.837042312417189,0.874157276585251,0.899358912295183
0.737541736537134,0.334136745463813,0.861566436774921,0.512310507249894,0.000564301582898747,0.000501504514190495,0.00154691203829342,0.495157382658038,0.812813697232205,0.892392024530852
0.789676348758757,0.896222924954363,0.810205898976887,0.661493761396548,0.000505305750552463,0.000499750124937563,0.80492498649023,0.83987255434964,0.618558301489405,0.984324262164925
0.875484872422673,1,0.853498945426294,0.206102771910256,0.000548239778818999,0.000499750124937534,0.000549705435624833,0.695271608247528,0.861891393948852,0.793614355576969
0.881991490482329,0.471784487709901,0.932437358242738,0.685557020145135,0.000510465342545776,0.000499750124979115,0.00058943836550183,0.932121359433597,0.984323346010294,1
1,0.743215322230943,1,0.505124384403325,0.0010109435983038,0.000499750124938545,0.00215146609407217,0.455724579540567,0.98739698260473,0.904388268459169
0.972446713116952,0.902952595470063,0.51359617570712,0.818597439063355,0.000816519919081492,0.000500000000028495,0.052378650257354,0.583318101169445,0.973703897738842,0.973871045354866
0.909914849264815,1,0.822559665411102,0.764995157095782,0.000518680075128223,0.000499750124937549,0.83158699985248,0.918311198341239,0.945172097738747,0.831332875171994
0.944721663618642,0.90359234174845,0.986358961465689,0.0663236925495943,0.000519216011555561,0.000499750124942526,0.13445405737945,0.477642536890221,0.920381326040287,0.812486797854086
0.822677430475607,0.220373799429717,0.680325870971431,0.789537459619323,0.00051020435984966,0.00049975012493816,0.000589208649407921,0.860698239298348,0.524757116903795,0.969686172023154
0.968128218772155,0.716790241482993,0.946831409501096,0.794136865003927,0.00137889075449791,0.000521653438536946,0.41671642810641,0.76703419743824,0.825309043763415,1
0.841591627927153,0.592787812529779,0.769669627742302,0.467581930831035,0.000517605641223249,0.000500000000041858,0.0857118111461444,0.587489905826563,0.971079585177887,0.325827049320688
0.964547224789564,1,0.737042045014851,0.389849120194129,0.000517338086490495,0.000499750124943144,0.0878634265442575,0.678893169679153,0.729748219348294,0.956650356939693
0.934433711487759,0.726820826364378,0.973022382977823,0.742682587442436,0.000557004240110039,0.000499750124938635,0.0463699424546884,0.583045208426156,0.836453624225701,0.924547888298345
0.32305926401565,1,0.733131142617416,0.570561976913032,0.000554679056325354,0.000499750124937551,0.028333016436405,0.614528577551243,0.853895399823085,0.974033084525429
0.88250747048583,0.972843983386554,0.958869771229574,0.386014599831987,0.000714366393859892,0.000500000000007106,0.012378262395259,0.488610012047073,0.649816362854699,0.704408250322583
0.929622503858792,0.903847148251477,0.674468175116373,0.357204758567092,0.000514407054383497,0.000500000000002169,0.0293723546829226,0.529282719179681,0.987903932823787,0.987841385121705
0.712846448422018,0.673534769456799,0.639208519585721,0.493947414682849,0.0005351112328178,0.00049975012493953,0.000595905673954388,0.236227334131572,0.639454047510505,0.899150910276511
0.948536467664821,0.949419386339176,0.880948960105377,0.838819114045422,0.000503524696289387,0.000499750124965305,0.00267516705718923,0.840529209847202,0.63962647533064,0.587510600606058
0.776518403300589,0.879036365845253,0.968388237403937,0.971994025545096,0.000548971711136328,0.000500751126744507,0.570364053817393,0.835707680200323,0.845130866738779,0.535617737144137
0.937352768601054,0.784136651470414,0.717871544443158,0.798701408105193,0.000656514037067029,0.000499750124937532,0.516189080674069,0.555105714795568,0.865265603056685,0.857732183883571
0.881784341075319,0.735211991015797,0.985477247357184,0.671833531947589,0.000580361083848829,0.000499750124937616,0.93720707277343,0.668112154725773,0.713734387153718,1
0.757304667945697,0.462491295657092,0.549876696505925,0.0912226773513221,0.0012751384826761,0.000500250125156401,0.000639841461170552,0.657579150661576,0.857880989748772,0.972796908086004
0.872214505109846,0.763847225724584,0.917923273012914,0.0896372621138988,0.000506329225062588,0.000499750124954909,0.299089773776674,0.712958660612621,0.6095060684748,0.887521222480588
0.723165475644864,0.886264911958298,0.520304814225625,0.921614520105066,0.000511247860340577,0.000499750124953446,0.00114361178748678,0.898437447456499,0.545916171662803,0.699788353503972
1,0.971566811661025,0.985641166181984,0.363463633477084,0.114341979290852,0.00049975012497934,0.00849602402534394,0.413157648038425,0.834497850927242,0.818977877545406
0.407374732378272,0.983286328573178,0.804070710110283,0.152035005280329,0.9538085135501,0.00049975012493788,0.128109973006734,0.526259380691228,0.577141313424742,1
0.355192741394611,0.908789782517458,0.896797092994004,0.120020719944885,0.000513875971672579,0.000500250125083033,0.0006470484395199,0.450227229286857,0.942465475859455,0.984403309501539
0.939112038383588,0.985211523712167,0.954400976647564,0.0531354508706884,0.000528625237546202,0.000499750124937532,0.00111032464522678,0.492344489579684,0.572463335518623,0.727581442189475
0.605234221980298,0.665487091270745,0.874664995822002,0.500413095529117,0.000689557582716621,0.000499750124938255,0.000634471228423684,0.843281478862404,0.943737048552473,0.741269531779092
0.984951587322073,0.766443227234522,0.799641359316887,0.459538043576664,0.000995753889197761,0.000499750124955528,0.0103627667006632,0.89571328186115,0.970889391358695,0.746741807446614
0.970317904878139,0.702470735898271,0.787624345159884,0.51904020922734,0.000504286490130184,0.000506073010290408,0.0119363842402049,0.769780071424313,0.936547730251018,0.480843269885732
0.837977989978255,0.833464034866529,0.735310691659156,0.759712108714933,0.00050125313300685,0.000499750124937716,0.00667839432929063,0.454902903562168,0.537176179841569,0.781703519882836
0.85479177563682,0.878610016490114,0.983000696077243,0.682648006590674,0.000504540921967472,0.000499750124952681,0.243927112025675,0.92546763289045,0.811840739265277,0.476646196734449
1,0.854756894740203,0.874716648205709,0.67203021531299,0.000564063420613897,0.000499750124971588,0.000903639681647843,0.897821146685235,0.700528932976565,0.803042325807776
1,0.936751810406841,0.831989562912297,0.662370004537261,0.00050377840443931,0.000499750124957754,0.00153242153763917,0.930205060767032,0.8281067610786,0.932650004163127
0.925605350294599,0.920019164921263,0.45056725811163,0.297536345366748,0.00126626706163932,0.000499750124978739,0.000640943259007097,0.668428914886973,0.679334813776993,0.725450036725765
0.945346031815394,0.924220356302398,0.80855254691863,0.465889384000156,0.00051046544096423,0.000499750124938079,0.785340541024408,0.829822744187443,0.949626367699353,0.879522725301355
0.916740877192992,0.694961191945442,0.751466839157245,0.486015639633736,0.000505050603469962,0.00049975012493758,0.23408512552657,0.735759551041044,0.854309406949462,0.731049816181532
0.83909099843713,0.932385325695695,0.971728879992849,0.968040354901849,0.000520304731285731,0.000501504513995699,0.000614986278127183,0.933149719238586,0.777146405441503,0.98430832410609
0.929334894786493,0.483628322322617,0.507234606187917,0.815084002716503,0.000508130256481274,0.000499750124937783,0.482139730685467,0.748746712402197,0.969899316074321,0.939299950795152
0.986652269850464,0.956925877871195,0.94048079429322,0.734454692230848,0.000831188472228315,0.000499750124937588,0.0468208068121249,0.711335331806673,0.594389736075495,0.89270221882074
0.927861655201027,0.27690251767989,0.502856808094385,0.28997535153931,0.000533396944954637,0.000499750124938465,0.000690547594512194,0.923551493098225,0.653200687065012,0.937925165673131
