"","V1","V2","V3","V4","V5","V6","V7"
"1",0.994794207670826,0.119900856241842,0.992325890864733,0.983843912978674,0.973940679924764,0,0.0296730287025659
"2",0.694001586562949,0.85234197447192,0.980839416846083,0.990673955578248,0.990232370900825,0,0.0823691137394258
"3",0.778322624052999,0.820812401250434,0.892170599539884,0.970525286923139,0.84992874263635,0,0.146831425289737
"4",0.724278027923399,0.991545131020581,0.986419982774217,0.991924682066418,0.670137718504014,0,0.237971046641601
"5",0.99388632620875,0.837835556952305,0.994307997353886,0.99193877675313,0.969786751769008,0,0.0223868283579349
"6",0.962448095345833,0.251205295594,0.909148693371758,0.797067085236059,0.991239858874111,0,0.0398737091850496
"7",0.468032132882252,0.111359934719444,0.764847741342445,0.9737959722618,0.993804344679674,0,0.146831425289737
"8",0.969353620939748,0.863539502457755,0.994672094066554,0.963090240775219,0.803276839408311,0,0.146831425289737
"9",0.905538083830167,0.75039511186613,0.960576801046024,0.663608682197843,0.900769277166149,0,0.0530785769671022
"10",0.975459824032153,0.933715715257826,0.993662105282251,0.992900184142264,0.986004896232488,0,0.0823691137394258
"11",0.992263774924762,0.466649695344304,0.926375589354733,0.991193739004451,0.807854529020021,0,0.0333161288748816
"12",0.992435888663287,0.964649281824975,0.953197752116548,0.944793860352874,0.969612234256043,0,0.00600982038162345
"13",0.869419195348825,0.0043404802351158,0.793926572060063,0.983786926974151,0.951174574614927,0,0.0398737091850495
"14",0.995595041682095,0.506369538955546,0.80757462087499,0.635229714561784,0.982764484778069,0,0.198978234404525
"15",0.945501874688694,0.534540592914365,0.988845903108791,0.986077673352468,0.94992127302262,0,0.0223868283579349
"16",0.990046193813177,0.000889823255406763,0.625829702036686,0.991655354192255,0.879337308335003,0,0.237971046641601
"17",0.917526651914466,0.414072959964492,0.902652371546881,0.788367229946743,0.923969421015193,0,0.0823691137394258
"18",0.738763679375429,0.878299940985566,0.779255006873956,0.910126463797842,0.842602572337815,0,0.00228272408477936
"19",0.903219009730636,0.865877751166407,0.991855008894307,0.889920099269535,0.990569211929265,0,0.0223868283579349
"20",0.980830811242882,0.731058714013293,0.484823047779868,0.957217333541622,0.992616356980987,0,0.146831425289737
"21",0.975855928189425,0.525310645178335,0.567421049185579,0.902152271609035,0.736522000556384,0,0.00228272408477936
"22",0.936441137152394,0.916160661041662,0.75279520528453,0.729862935314012,0.811958769296918,0,0.0442454293918283
"23",0.967597133226329,0.386519442218315,0.950963048347938,0.957096335501807,0.624304163559929,0,0.0223868283579349
"24",0.832528441112637,0.82060106195617,0.965433284936374,0.96282309368897,0.99125364132974,0,0.067723845353264
"25",0.789554150116359,0.0496190718812581,0.969336090125413,0.844285592452381,0.717298451277383,0,0.0107726553479871
"26",0.971889596141739,0.675800906519242,0.906726073695365,0.8671639286119,0.700423464794146,0,0.146831425289737
"27",0.603578204401125,0.32484339363957,0.911468090752004,0.99304830414913,0.15284561570186,0,0.146831425289737
"28",0.913060957095181,0.403527750338067,0.939602404291911,0.731819918017421,0.593521566473134,0,0.0442454293918283
"29",0.990144550030949,0.692939999539495,0.951334448371751,0.953288544167559,0.990069553833148,0,0.146831425289737
"30",0.99115965120886,0.326202127682606,0.806808370931017,0.966500345298133,0.991519071780908,0,0.146831425289737
"31",0.820819727986431,0.990249472796702,0.991604017722175,0.960282722483375,0.98209289563531,0,0.0823691137394258
"32",0.907723865309267,0.00379507580997429,0.982659179258166,0.978108294677462,0.648970966731645,0,0.0442454293918283
"33",0.865980758845417,0.0279551647151651,0.507407223787393,0.993591715353243,0.778854610020998,0,0.0223868283579349
"34",0.487854442739562,0.526679691162184,0.544768209461991,0.913493147721589,0.926117941910989,0,0.193763553493046
"35",0.960487305186713,0.481860284763035,0.711044123159056,0.894491096996396,0.99002891333248,0,0.0442454293918283
"36",0.168944717289305,0.582808527678864,0.99320199446851,0.97413902679618,0.958503487798506,0,0.0333161288748816
"37",0.992558663797723,0.642937394351384,0.980606697353709,0.832970251290484,0.967564525627787,0,0.146831425289737
"38",0.940949084438166,0.537576639160416,0.983305136279234,0.765156184963145,0.989083495336933,0,0.237971046641601
"39",0.966312957728177,0.0360815663255724,0.99370383769024,0.801625903116506,0.977162380471124,0,0.237971046641601
"40",0.332271354792579,0.982727635959357,0.994188379553222,0.902109329104437,0.390801429425461,0,0.146831425289737
"41",0.97644926921188,0.951290743222161,0.907329857431134,0.878835422584205,0.880825083069712,0,0.0442454293918283
"42",0.997863248661811,0.0406157093544622,0.991762446640477,0.994506764243166,0.871284267347304,0,0.0823691137394258
"43",0.990264469188761,0.920459346390083,0.944641191775889,0.965494281038351,0.84583459533506,0,0.0442454293918283
"44",0.993418162137366,0.264101453965651,0.986346198473801,0.632823339541748,0.976334926379852,0,0.371515283845196
"45",0.861748276742563,0.136784655880943,0.489875159465283,0.994045789598543,0.846335672310174,0,0.146831425289737
"46",0.937723242287442,0.182092611434949,0.869333381765067,0.966121760387311,0.613801096958296,0,0.0128443398187041
"47",0.742263623441708,0.411412807167003,0.73940343508128,0.934503724110404,0.383631358128583,0,0.0278514786164082
"48",0.991826362882781,0.915761531300453,0.992656053515159,0.506489560594625,0.397583028461712,0,0.0393879624954075
"49",0.661004284070481,0.0862047626077364,0.84749880233069,0.507745701627363,0.993441397611016,0,0.0823691137394258
"50",0.979015958724955,0.586632307076635,0.991528047133267,0.964896813202987,0.919396997112298,0,0.146831425289737
"51",0.63897958347132,0.302821033041075,0.79278987966301,0.938929756958656,0.931147856786468,0,0.198978234404525
"52",0.990841854033069,0.286604312347324,0.990112604183337,0.992746276240455,0.994575769924334,0,0.146831425289737
"53",0.483922912477539,0.00953905368472641,0.990906307970382,0.990668575461555,0.982091948121804,0,0.17811951075861
"54",0.597358699528583,0.235758995151718,0.86091839750773,0.951362025847551,0.920120426952342,0,0.0823691137394258
"55",0.50521187358163,0.262953379020637,0.852192668463168,0.886097085538912,0.521923238770133,0,0.0823691137394258
"56",0.990775803535719,0.548043460112053,0.99363493078926,0.973296924879695,0.612490514898132,0,0.0823691137394258
"57",0.963499406922453,0.976628512575609,0.570412868006264,0.976576686791227,0.996978669693892,0,0.0823691137394258
"58",0.89847371750788,0.830375952371135,0.961469901823979,0.929785984851337,0.984690886862899,0,0.0223868283579349
"59",0.851314539208025,0.244019329141852,0.903191926416233,0.702126426679492,0.990861843048587,0,0.321519680461245
"60",0.990032210491608,0.152470557937325,0.984481508001659,0.959181678294155,0.988810129216709,0,0.00903515062774063
"61",0.941896874700137,0.0550978170346998,0.953402535067513,0.95966131582807,0.607264628214037,0,0.0823691137394258
"62",0.954280542295332,0.388877029701801,0.733194917869831,0.99818454513964,0.961535294144216,0,0.115543339820864
"63",0.657294477788343,0.907817807669845,0.990333458433783,0.859265073867329,0.988597250471702,0,0.146831425289737
"64",0.993711765479684,0.290428048115992,0.669517990690884,0.963571080031155,0.583165869187233,0,0.0658931868049938
"65",0.697860864697128,0.20462184688966,0.993439250548368,0.858224991199931,0.34935020853757,0,0.0530785769671023
"66",0.955384881345824,0.0147012622934023,0.709424390505971,0.683787426366673,0.860306429100234,0,0.198978234404525
"67",0.873575868217662,0.636438930056282,0.993072132949302,0.993365507940615,0.992272399179215,0,0.0442454293918283
"68",0.992855372164145,0.040622270918963,0.798526553498181,0.992011081700554,0.990888199780504,0,0.0442454293918283
"69",0.544764679262063,0.142203423984665,0.642438065373016,0.981893181506579,0.942834210039756,0,0.0267585485647135
"70",0.956407639402113,0.258161108579627,0.610283924561777,0.669861740956643,0.992935851417915,0,0.0823691137394258
"71",0.993001232823907,0.246748662361279,0.749091142013265,0.975973058617391,0.997346152497319,0,0.0442454293918283
"72",0.99226941993074,0.451040937466585,0.814370370998578,0.966823020183203,0.483362884728644,0,0.00495611275205454
"73",0.963753020996535,0.339166096846088,0.72508647549319,0.962659236157082,0.593948292230132,0,0.0735819527077288
"74",0.972235378887611,0.0267444180183664,0.993682814893747,0.588421721028179,0.985269274608851,0,0.000329483242493045
"75",0.9915886850018,0.233746976325912,0.701383374523546,0.95539600130431,0.503779552597935,0,0.0415131042625916
"76",0.884547108124234,0.243414620968746,0.915545078277153,0.996967699527878,0.992912834192475,0,0.091156274771123
"77",0.991108590549549,0.789673493614964,0.264879012871277,0.965634289813721,0.94003401866796,0,0.0823691137394258
"78",0.991729616480895,0.219481996851832,0.992158277762388,0.740451879183804,0.937763288412499,0,0.0223868283579349
"79",0.624927149287468,0.469602282008844,0.524752400299566,0.849058610617189,0.965901398639126,0,0.0442454293918283
"80",0.975039379561439,0.711126885318493,0.954491890728115,0.774070470668832,0.574065519717194,0,0.237971046641601
"81",0.924319230052792,0.761383032688235,0.956740372280095,0.992506412099673,0.975074878392168,0,0.0823691137394258
"82",0.264570244525882,0.802233949666422,0.932956312342951,0.994033272242813,0.827512976989639,0,0.208331235587948
"83",0.849722955121931,0.620943476561157,0.834252956124417,0.89493331998992,0.990158681994601,0,0.146831425289737
"84",0.987805612252364,0.299684672029022,0.883286546664264,0.798497285893659,0.625229728258371,0,0.146831425289737
"85",0.415709928997337,0.743923702495763,0.937309710278527,0.994287193510806,0.990677149775252,0,0.0333161288748816
"86",0.974034376016871,0.914358464430938,0.989899908200813,0.991037666887184,0.912493341894946,0,0.146831425289737
"87",0.970034538657159,0.980079225734334,0.645520108716163,0.436580024105035,0.720216246027388,0,0.0823691137394258
"88",0.816617598605302,0.844506585014244,0.539940251182197,0.951979551520051,0.975434524468009,0,0.198978234404525
"89",0.987138453208679,0.758097891190158,0.991815299111756,0.832484316418023,0.962883480356815,0,0.107721318453646
"90",0.990854570582615,0.515099693885191,0.988137228258721,0.825607869226044,0.992681940554126,0,0.0369592290471972
"91",0.991875244513565,0.545844110198394,0.9949604042999,0.990355607038039,0.823030326621739,0,0.0604012111601832
"92",0.85453040992618,0.625702107286327,0.933735103379437,0.966153109648289,0.94603492100557,0,0.0442454293918283
"93",0.981450975739596,0.763906084390389,0.807970551032637,0.887246439666944,0.935223370488867,0,0.146831425289737
"94",0.907425917098951,0.550138058581792,0.826171341455237,0.946167761477886,0.948430286225744,0,0.0823691137394258
"95",0.660213384339144,0.807362344641107,0.797579681525449,0.916970042531158,0.904958795964594,0,0.0823691137394258
"96",0.912108183410549,0.927430045667497,0.990010655317546,0.912886852748525,0.642461109844505,0,0.0107726553479871
"97",0.510881209911348,0.363710255021967,0.961011540571243,0.973007200575956,0.98748818067875,0,0.0223868283579349
"98",0.866323877153057,0.0804296565991608,0.902926229439216,0.741294231336825,0.573961642235236,0,0.0497100796503016
"99",0.99202141024386,0.263620894262169,0.995078871592682,0.991472355271323,0.657002747365004,0,0.0823691137394258
"100",0.992743428864373,0.0673410109478878,0.809066665958814,0.984220166337485,0.546471358991248,0,0.0442454293918283
"101",0.993176307799067,0.559147142607384,0.993038462022952,0.981860685564039,0.990750256320936,0,0.0159518665247798
"102",0.402529222963755,0.35377036706029,0.993189553180361,0.945059911383356,0.768243472575162,0,0.00361941841841695
"103",0.90311544147628,0.782684252096507,0.843970125778754,0.939323546264281,0.793718447962065,0,0.0823691137394258
"104",0.990506286246061,0.898496185076422,0.669203867958201,0.990165736116388,0.996212829210958,0,0.0530785769671022
"105",0.755912194638129,0.863147915422927,0.990118827457431,0.326893437930035,0.951627720162889,0,0.0142254627991822
"106",0.995958792499501,0.424780723621605,0.533318537991293,0.98896868465029,0.990081212797959,0,0.115543339820864
"107",0.752282040836832,0.373560487883158,0.991876160039454,0.867377067304899,0.399497854893667,0,0.146831425289737
"108",0.981692600041094,0.604164918121864,0.981187516641797,0.95111767908834,0.991419504319763,0,0.0442454293918283
"109",0.916391017654506,0.755513971386854,0.52159775758891,0.9958510103446,0.99003602125244,0,0.146831425289737
"110",0.92326558353504,0.473414190887882,0.993205291715524,0.991400291622818,0.971374345191548,0,0.0823691137394258
"111",0.231590872504719,0.278463273475189,0.959026773053599,0.252659680934888,0.852832075580191,0,0.0267585485647136
"112",0.773100378446812,0.219162225720639,0.909021391678933,0.990069696705334,0.934428397835937,0,0.237971046641601
"113",0.888845319279763,0.16677972205582,0.714534551045638,0.742046841270855,0.487851327153349,0,0.120758020732343
"114",0.992604146791316,0.456882728682708,0.982423290350974,0.992447601077162,0.957546440884089,0,0.00361941841841695
"115",0.511478664526409,0.166015542091682,0.727371991059837,0.776268447113533,0.978986976127597,0,0.0442454293918283
"116",0.982122609557762,0.366989990630351,0.992936373105998,0.918093764534915,0.742943530715398,0,0.198978234404525
"117",0.813916144095207,0.43749593950293,0.990355007983635,0.990069323434268,0.935691017068697,0,0.0442454293918283
"118",0.426337615616161,0.0799374405068858,0.649830106300748,0.821310235056233,0.617352060022967,0,0.0107726553479871
"119",0.49760446266728,0.195278144139848,0.993996603156429,0.988388453795858,0.97000429398403,0,0.0604012111601832
"120",0.971252624818237,0.455168794887103,0.987226852506175,0.944622334381636,0.989553092163642,0,0.0223868283579349
"121",0.920244052212782,0.482739776153236,0.195581476757712,0.926631717309261,0.971534351338502,0,0.0823691137394258
"122",0.993886019373047,0.706513770301043,0.978969924217386,0.588665354045138,0.990976937496337,0,0.091156274771123
"123",0.953603905177127,0.470286412518166,0.895123683805661,0.605798927357723,0.991448216340778,0,0.146831425289737
"124",0.714565311359418,0.0411542804935745,0.658607013856167,0.983460889424357,0.773494956090764,0,0.0530785769671022
"125",0.981290566880786,0.828759173159448,0.980519917240258,0.969213047294593,0.915458764571101,0,0.0823691137394258
"126",0.960241574955923,0.0631581440656291,0.931068379838392,0.885093842822267,0.909530462146086,0,0.0823691137394258
"127",0.857857435160601,0.0146693872273831,0.852602947823497,0.659119395349222,0.962520065021847,0,0.0442454293918283
"128",0.990875233113042,0.374052844740961,0.990370922227378,0.966869317220869,0.97899514997254,0,0.0572629393631482
"129",0.632512204346953,0.210666509162691,0.700750429277444,0.990547858125179,0.654019178522014,0,0.0442454293918283
"130",0.935435943510971,0.381589350835473,0.707162567060908,0.910960229277635,0.996689177694316,0,0.0604012111601832
"131",0.830675242607551,0.851815988553722,0.944067226733027,0.990740182352187,0.982043186556389,0,0.0223868283579349
"132",0.413939805046947,0.502508380204627,0.896393569252919,0.796802356645142,0.748389031785771,0,0.0823691137394258
"133",0.65622481666749,0.64707590921025,0.988908151722218,0.800138340873458,0.785338270952511,0,0.000793779166568975
"134",0.900102959823025,0.871862811119541,0.957989503430511,0.911982960856736,0.478326588201819,0,0.0999434358028201
"135",0.991438944627294,0.563603402304184,0.915916253043006,0.875989756918952,0.971969818139777,0,0.067723845353264
"136",0.820207282545171,0.775811413840372,0.990169177184538,0.796629152319952,0.600191934641596,0,0.0677238453532641
"137",0.991757725402753,0.610470316534563,0.586339631758019,0.941970649993654,0.882096627846346,0,0.0823691137394258
"138",0.83358385009882,0.657947533371068,0.985911885907197,0.91204463099975,0.625892363657273,0,0.19152869024527
"139",0.992854923246199,0.558390251349155,0.985337699162142,0.463103403457892,0.974085483155407,0,0.0823691137394258
"140",0.973014103601441,0.24118474724992,0.977142394846573,0.990815703031302,0.881293753270591,0,0.146831425289737
"141",0.985233012469063,0.144830036288211,0.960093739295843,0.82287660042727,0.656770097322692,0,0.0196513030796317
"142",0.395638364095824,0.594123114994882,0.614558011950434,0.943246582519354,0.917594606456647,0,0.0823691137394258
"143",0.945983350635314,0.781885368971223,0.806180222970137,0.89787133379231,0.953835114430044,0,0.0149160242894213
"144",0.566376683267747,0.986365025815131,0.991225828429296,0.943803105479124,0.95146960330412,0,0.0122524299699278
"145",0.967648875480466,0.798314039885868,0.985424882908557,0.992706507506727,0.824078874622409,0,0.0442454293918283
"146",0.41848236200718,0.413152478293107,0.912053775064734,0.272378420174892,0.978782842985524,0,0.146831425289737
"147",0.853528580979347,0.203778854122259,0.985669649007641,0.990129760770237,0.990813803600237,0,0.0159518665247798
"148",0.839046363796482,0.354753190319163,0.87098866695786,0.895905424457959,0.985727470082842,0,0.0442454293918283
"149",0.340448380759697,0.824997033891491,0.980823694636206,0.577387324594286,0.926669056322039,0,0.00903515062774063
"150",0.534685950084026,0.933929952170728,0.990755976301929,0.983479541497981,0.846787222500887,0,0.185941532125828
"151",0.267128131202139,0.185727201927748,0.746924106620278,0.755170098161914,0.976583976633147,0,0.146831425289737
"152",0.616077549879492,0.450337269266969,0.919501659796473,0.970336778875897,0.97679750842529,0,0.0823691137394258
"153",0.910415727532766,0.453627508209925,0.989657978148753,0.994141529015454,0.992335897478235,0,0.0647947916760317
"154",0.990321587738555,0.605881123777841,0.994903465570927,0.252739368709812,0.727103900847214,0,0.0223868283579349
"155",0.456262630588155,0.443083990245814,0.823899062768128,0.887395008830573,0.992086486677695,0,0.0411227721012719
"156",0.989098808542264,0.0645411102600342,0.742138971387326,0.833503694769161,0.675523008594928,0,0.0823691137394258
"157",0.973592420018036,0.122917323676934,0.830140300065538,0.990954195814395,0.878019280155278,0,0.0442454293918283
"158",0.940741171023433,0.0999414524466373,0.963644203749022,0.992580525312842,0.996116926364246,0,0.0970143821255879
"159",0.705311471342259,0.537159910847189,0.99320856195568,0.83534909795006,0.880854006115336,0,0.146831425289737
"160",0.992012748481705,0.904462442212178,0.959011747972871,0.973292216146667,0.993591659385825,0,0.0823691137394258
"161",0.972280954192685,0.299430567588887,0.992919105003576,0.977722529820055,0.694841636866359,0,0.0223868283579349
"162",0.797382440274358,0.273657191978678,0.302544064485266,0.958803508164894,0.870318626842127,0,0.0604012111601832
"163",0.781661677463123,0.983879401909083,0.990607967542692,0.968386708642056,0.955390767299914,0,0.162475468024174
"164",0.933470669222899,0.586861078482952,0.350884802824164,0.991471766678371,0.884505289231296,0,0.0823691137394258
"165",0.990620729975248,0.0742805033218557,0.942710560643394,0.882468214370372,0.990318439477273,0,0.0442454293918283
"166",0.974967276068006,0.201158564960844,0.961012778660231,0.954675434612924,0.796531189675867,0,0.0442454293918283
"167",0.820015945904735,0.0908526485601228,0.75140295919952,0.982251735206631,0.864932128364354,0,0.0333161288748816
"168",0.546149483386888,0.883314185544625,0.990875227584827,0.967294759533261,0.990258286368388,0,0.0442454293918283
"169",0.996438619377385,0.97116731888217,0.983193735295336,0.853687847378183,0.55978354816042,0,0.0355019889782708
"170",0.920748492611474,0.00316519742526766,0.996419623347929,0.29588153416674,0.980846728223041,0,0.0604012111601832
"171",0.989023553276188,0.262684593628825,0.767471128138844,0.992766877639254,0.596247148889515,0,0.0604012111601832
"172",0.971025427632694,0.0767508342344826,0.681025113507218,0.992760404036882,0.460323601320741,0,0.00766000051586913
"173",0.743007325623029,0.0244139538261385,0.995026731922278,0.992593337014719,0.994744950133916,0,0.172904829847131
"174",0.991682133274027,0.170517329829936,0.992957251524351,0.625125589656198,0.695028804002344,0,0.0823691137394258
"175",0.992778298156135,0.441775377055165,0.974258610562525,0.932908237244641,0.915244754887834,0,0.120758020732343
"176",0.808170064588043,0.379297146703557,0.97188053458107,0.872912799191002,0.425044054459051,0,0.0442454293918283
"177",0.756837093012559,0.659496202005723,0.990546542063846,0.991328391865799,0.951991677037944,0,0.0823691137394258
"178",0.684793350186134,0.182950003881665,0.977019824616446,0.888846787779672,0.986457053537596,0,0.0823691137394258
"179",0.862368335647722,0.911901297749511,0.994029130805455,0.993312139666181,0.991849072322678,0,0.0442454293918283
"180",0.534223258078224,0.087503839969388,0.968067265594528,0.992065285745395,0.902561926507655,0,0.0896917479325068
"181",0.981095105535578,0.593211861126691,0.873163100020487,0.973214765528786,0.696233800818291,0,0.0442454293918283
"182",0.981648439656556,0.954840042301945,0.416739106622021,0.993065909507365,0.970876655556016,0,0.0823691137394258
"183",0.938525101176606,0.602320758045588,0.950350502983722,0.694037585782392,0.992357943925994,0,0.0296730287025659
"184",0.977305620898139,0.884757088145857,0.993979163720809,0.569532903184938,0.801150650890817,0,0.0911562747711231
"185",0.991003704033286,0.499364027768377,0.986873781271634,0.969467320095587,0.827265623221225,0,0.0823691137394258
"186",0.748729410589408,0.961208808699721,0.368370628593168,0.647676176801066,0.882203213291509,0,0.0137322045918686
"187",0.785044902304274,0.937320410881524,0.976603799249723,0.934882441471288,0.983951787381067,0,0.0604012111601832
"188",0.950763741552429,0.119639527775368,0.951785707247468,0.990559321328316,0.953996933548019,0,0.0530785769671022
"189",0.993064604444153,0.86973195293323,0.919523495126494,0.259691176493966,0.987799827751833,0,0.146831425289737
"190",0.884117680427991,0.464023587066686,0.861430808497083,0.565219830118562,0.895181621524853,0,0.0823691137394258
"191",0.986801080540179,0.334049222293129,0.883179807898155,0.958589871665506,0.959989049996402,0,0.198978234404525
"192",0.972791972749213,0.931314374314395,0.916107416702977,0.802563316712721,0.986823452936148,0,0.0530785769671023
"193",0.990855232764955,0.0343503951671708,0.990569729537232,0.942073659087138,0.842743713744288,0,0.237971046641601
"194",0.990534860723065,0.593637439062106,0.970214219128862,0.956443572029815,0.922523746602542,0,0.0442454293918283
"195",0.844585497939394,0.102268878917486,0.921445587580256,0.985723361372488,0.876921411889581,0,0.146831425289737
"196",0.990546608429221,0.940791927080191,0.823661735017285,0.770717503549575,0.902612097908278,0,0.0223868283579349
"197",0.992377886355209,0.971584566312511,0.991373224174937,0.992264503150463,0.471780669775582,0,0.0823691137394258
"198",0.596159882940077,0.390600717708627,0.900297141615594,0.990377047299184,0.795539692820558,0,0.0355019889782708
"199",0.916747372774858,0.388110301067494,0.970395362722786,0.953243638260508,0.733080557652719,0,0.0223868283579349
"200",0.919178447588685,0.201975814422726,0.397749464147646,0.617551990007225,0.590580448905379,0,0.0635394829572178
"201",0.915874084942372,0.880407671059344,0.983832099387248,0.99522629620852,0.920483518991708,0,0.0442454293918283
"202",0.853183659015752,0.978647283906724,0.835191079968984,0.937602712286205,0.929218767836803,0,0.146831425289737
"203",0.586603958208627,0.416776664136073,0.828940509844344,0.990496586042241,0.705172753474393,0,0.0823691137394258
"204",0.966133010259732,0.346682643188186,0.994631900826562,0.989930146155225,0.933466043849102,0,0.146831425289737
"205",0.71415838790229,0.877835944120164,0.485307185422346,0.380519234703521,0.965652288198737,0,0.0823691137394258
"206",0.863388967512043,0.215227821567808,0.99048773072304,0.990603390715135,0.983772358596818,0,0.0442454293918283
"207",0.839527566912306,0.497977419490653,0.901428262506687,0.906558762351859,0.992561351948741,0,0.0442454293918283
"208",0.521246901979963,0.455920665734853,0.922955538950242,0.502602955758324,0.825083094351791,0,0.0223868283579349
"209",0.993725716806565,0.191712187934737,0.965660957228186,0.984867000399294,0.991428948275049,0,0.0677238453532641
"210",0.860615751014427,0.235878336454299,0.654736291336834,0.990046634359759,0.849163767490255,0,0.237971046641601
"211",0.970584359207324,0.793315533374422,0.912572668770914,0.622864330279578,0.71547897485014,0,0.185941532125828
"212",0.865886322115483,0.0234437883772822,0.967025555924406,0.991577796838512,0.990191377010631,0,0.0970143821255877
"213",0.711339177688569,0.717297242026181,0.991782618608772,0.953499242201302,0.464540878121264,0,0.0442454293918283
"214",0.620329516916967,0.816626071835031,0.957042321138508,0.280818280970867,0.94104594993736,0,0.146831425289737
"215",0.592361148751005,0.91337166349897,0.993722227665877,0.799338817280949,0.760358347656736,0,0.185941532125828
"216",0.991703526010743,0.198130258780242,0.934703468915093,0.918546775828612,0.171283914546124,0,0.0823691137394258
"217",0.991413198523388,0.707502991784462,0.95178357781388,0.984280312580151,0.985619924384732,0,0.0223868283579349
"218",0.618273882205229,0.00441753552290303,0.964189331044059,0.972469590196676,0.989796254760082,0,0.0398737091850495
"219",0.829859633221653,0.714734281118487,0.831160538081381,0.371905663782529,0.481276386566854,0,0.0698160265512872
"220",0.992915698149917,0.556268968256392,0.700851150809332,0.982791681796042,0.981351631812201,0,0.0223868283579349
"221",0.995740277606165,0.904736949595351,0.974189452992168,0.995070779232677,0.873387634052358,0,0.0442454293918283
"222",0.976916173134265,0.774071180050256,0.537658639415133,0.878531677567079,0.995535772522912,0,0.0735819527077287
"223",0.777008693817801,0.204335934465371,0.961784336385642,0.739692311632144,0.990372685965241,0,0.00495611275205454
"224",0.847870312866837,0.422670135537954,0.783698356382828,0.925407336331769,0.986983322504736,0,0.0442454293918283
"225",0.749975300915364,0.665930551578422,0.992190846963375,0.851013573574465,0.774055354231072,0,0.0442454293918283
"226",0.740456277856009,0.906260451107575,0.725302471793056,0.953660052858038,0.834810370361427,0,0.0442454293918283
"227",0.848075337449961,0.0981628932319951,0.976055443672005,0.990685208930395,0.327478561844061,0,0.193763553493046
"228",0.830453094092174,0.430162020942106,0.334418737268528,0.989391603681382,0.985861915569028,0,0.0604012111601832
"229",0.986212046481906,0.0662113095865361,0.983741250320345,0.984845300014783,0.991143132144488,0,0.0823691137394258
"230",0.490131864670163,0.795341772115007,0.993375766923373,0.89099845358121,0.957869513706264,0,0.0823691137394258
"231",0.967508198103895,0.0137498079138544,0.911749870254496,0.835940167200869,0.990980675203705,0,0.0142254627991821
"232",0.841695851303768,0.751736515581522,0.794127045975512,0.993615990209124,0.934252420321867,0,0.146831425289737
"233",0.731903209022263,0.51843021268468,0.974684135770224,0.886607492370829,0.553872638304688,0,0.0823691137394258
"234",0.612943210587502,0.702861527254124,0.990099720166918,0.653375715340914,0.981365660011772,0,0.146831425289737
"235",0.991994068202206,0.431560388877841,0.204767713744666,0.817418281260589,0.126062330237195,0,0.172904829847131
"236",0.616478272325113,0.747940485341785,0.725554939504792,0.732429884887992,0.990496626216217,0,0.0159518665247798
"237",0.994078345448969,0.0922789033534784,0.97057366064881,0.918351258076332,0.936611715901396,0,0.146831425289737
"238",0.959230987224148,0.501454047628776,0.459246824836364,0.890160103305562,0.972958738184755,0,0.0223868283579349
"239",0.960590442945342,0.417709408555989,0.956538786186659,0.978384805292196,0.826043800396398,0,0.0107726553479871
"240",0.909589066676954,0.0146727573061959,0.995915889922382,0.925823841820965,0.959565142896804,0,0.0823691137394258
"241",0.883497546071208,0.99017854881758,0.791987867298098,0.885398015512959,0.939064095537998,0,0.0223868283579349
"242",0.802663142691372,0.768768388240529,0.928630286945265,0.995760607988511,0.96808182665736,0,0.237971046641601
"243",0.891635680965507,0.476394511667016,0.828268277039516,0.637127764199113,0.945411874787404,0,0.0442454293918283
"244",0.744568340324233,0.893096009066561,0.514364689675513,0.992287550618374,0.841367184687663,0,0.0223868283579349
"245",0.991010097475836,0.569758740581655,0.993236584151364,0.947606841145092,0.136772501321722,0,0.0355019889782707
"246",0.965802622699332,0.709273480684304,0.453243593064503,0.980748061304321,0.915432736199882,0,0.107721318453646
"247",0.830064290313494,0.713595137576429,0.515715361474586,0.992157105774059,0.287825199984666,0,0.0823691137394258
"248",0.837236304845734,0.119710411271562,0.980006483753974,0.523380126843212,0.339281340874656,0,0.146831425289737
"249",0.724495105150615,0.773193858615297,0.991980613486881,0.913592255677406,0.941975583463309,0,0.267610857695254
"250",0.990335278014024,0.712567430574751,0.968461510507449,0.974881964634664,0.916109829266087,0,0.0933530650290473
"251",0.979349868807811,0.509981754686423,0.984088808864577,0.280866133571906,0.894233069003301,0,0.0333161288748816
"252",0.988332094423392,0.360617791324344,0.862918436004741,0.881695113977414,0.976097498395621,0,0.0442454293918283
"253",0.925676507570712,0.150690335602807,0.914916409445813,0.520234626507086,0.942033477649259,0,0.0442454293918283
"254",0.993270945136577,0.799976852736732,0.931360992306013,0.589756967447125,0.975245571543296,0,0.0333161288748816
"255",0.994507034753826,0.269932384090059,0.956335200127812,0.978713380101449,0.912686696070178,0,0.146831425289737
"256",0.941621461886689,0.710666238685669,0.812123804348551,0.961942587053381,0.891064590530963,0,0.0442454293918283
"257",0.936363678099399,0.0024700677195616,0.879633353988069,0.942336124955712,0.555910760458482,0,0.0823691137394258
"258",0.93857132258437,0.663378886053475,0.306524781651421,0.990726743517508,0.869704026778424,0,0.0223868283579349
"259",0.76913444480457,0.472657629871136,0.955179347704796,0.624533924873881,0.657389407303928,0,0.146831425289737
"260",0.996485650857116,0.928630706998756,0.885323585295803,0.857398948100641,0.907027874226049,0,0.17811951075861
"261",0.975670004339977,0.538328314011786,0.940149828799131,0.993133866056053,0.981523683768586,0,0.0442454293918283
"262",0.993794768160449,0.856814748089535,0.968137560809428,0.990657382353382,0.927956591711658,0,0.237971046641601
"263",0.626770242002805,0.9002534165708,0.991220960054199,0.731407240082509,0.993780363868609,0,0.00495611275205454
"264",0.921290637741555,0.147476526995445,0.712487510392614,0.946107986680332,0.995573458631663,0,0.0604012111601832
"265",0.932465480067246,0.0974407392392684,0.756574170379998,0.289356826332741,0.821067048794039,0,0.0604012111601832
"266",0.917555566360541,0.0435257208738729,0.48285039152791,0.935585210537635,0.96867879973103,0,0.0128443398187041
"267",0.925939396704846,0.254866155441201,0.973327695313435,0.983675577753092,0.984377913369088,0,0.0442454293918283
"268",0.886413380908354,0.672378919084633,0.893893702244431,0.826471559887421,0.874213842650773,0,0.0442454293918283
"269",0.991134449396719,0.610540966110328,0.994860699407552,0.927276279307087,0.918991055278491,0,0.146831425289737
"270",0.978394061834707,0.842473870215254,0.972311040248813,0.971651184630289,0.862977609862636,0,0.0355019889782708
"271",0.774176528651511,0.526916774182512,0.990862185722343,0.47618043305783,0.393593521779068,0,0.0572629393631485
"272",0.656783826154085,0.605464517876287,0.819094128237875,0.951953753486132,0.791836713114308,0,0.0398737091850496
"273",0.991423880520109,0.888884841809185,0.805749026950709,0.951985947249241,0.89466915338284,0,0.0159518665247798
"274",0.969261638018174,0.527929190955725,0.813556462312331,0.70465060729458,0.90837097097746,0,0.185941532125828
"275",0.992620915696793,0.290380012436996,0.929182032022382,0.824529422935242,0.974123231902391,0,0.0933530650290473
"276",0.991104609690589,0.549678372672934,0.938187142361448,0.994334587860054,0.973163409909467,0,0.0442454293918283
"277",0.956808060060985,0.991886015622857,0.794747377269062,0.892083670796652,0.97095300604361,0,0.067723845353264
"278",0.961246394535834,0.677593870130962,0.916859677115641,0.975493705723032,0.884529178802673,0,0.0823691137394258
"279",0.87073911254312,0.896732545388183,0.991517926907668,0.992573168107116,0.463683481265725,0,0.0823691137394258
"280",0.864083132155317,0.282416091692394,0.974848456645175,0.432682068300495,0.947143920935179,0,0.0223868283579349
"281",0.836608165451987,0.160147689024125,0.9942796341042,0.991435814322361,0.814045737164018,0,0.0823691137394258
"282",0.734756854359339,0.881528431267003,0.463181343830476,0.991994436426269,0.939414641173947,0,0.0604012111601832
"283",0.112676280166844,0.818862879940601,0.983752172851591,0.976709953997947,0.778636844034162,0,0.146831425289737
"284",0.587578629126498,0.924705893333323,0.674943519655695,0.868052811504723,0.978172577994708,0,0.0442454293918283
"285",0.99051490326909,0.932335353058216,0.608071270020216,0.990057797613744,0.638099615972657,0,0.0530785769671022
"286",0.990732416429267,0.804109069343851,0.685408558895485,0.788763559762639,0.749400154921052,0,0.0317548002296035
"287",0.80915713728002,0.351292446159755,0.914382884692052,0.996201736706968,0.814134367309268,0,0.0387807791333549
"288",0.993393787850813,0.303925378760292,0.929391681765846,0.994377273390479,0.94988513050023,0,0.0223868283579349
"289",0.403777326627678,0.194919931468734,0.980136442689712,0.992796980477338,0.901754798548343,0,0.146831425289737
"290",0.546921011838801,0.845572401172836,0.297548333373169,0.993708891532707,0.990694172642406,0,0.0823691137394258
"291",0.39721726644104,0.430263150797006,0.990276449174073,0.965054892236753,0.991502343731388,0,0.0823691137394258
"292",0.716188432080455,0.39423794517289,0.900375341256012,0.843987356570262,0.903485449853137,0,0.0970143821255876
"293",0.961927521741349,0.0225253383850746,0.832152321033611,0.99202923707304,0.980394727509599,0,0.237971046641601
"294",0.970154499583347,0.0972798744303485,0.981416568922567,0.964818116824274,0.991956337475865,0,0.0442454293918283
"295",0.935171529203081,0.0927627715855145,0.990373516423187,0.992091130135395,0.990858229509992,0,0.198978234404525
"296",0.767184540258756,0.913340872217757,0.987222741507782,0.990111776943933,0.766713368962957,0,0.0442454293918283
"297",0.709438211681724,0.981135251763223,0.91067064340152,0.938093290013089,0.940307063606507,0,0.146831425289737
"298",0.960525825510033,0.169144387542589,0.962742575999843,0.929609762443982,0.865786133317744,0,0.127276371871691
"299",0.338163205455672,0.869568433106878,0.994030165701895,0.548887346711569,0.920383273561379,0,0.0223868283579349
"300",0.66361862171224,0.8845429457822,0.954166239472063,0.914100612669003,0.84864332775459,0,0.237971046641601
"301",0.975160156309945,0.195319663100244,0.641013309788503,0.961409403282132,0.849726366513938,0,0.0970143821255878
"302",0.611943042349981,0.489819021945669,0.994924526710496,0.8007507793367,0.954571069573937,0,0.0823691137394258
"303",0.907158641707496,0.730204254414857,0.962289471684387,0.914409105069237,0.994673166516295,0,0.0823691137394258
"304",0.993658073854387,0.679608203128389,0.991598726341331,0.732891480544942,0.84327937986237,0,0.0107726553479871
"305",0.753111864803502,0.209953385150672,0.612183245029513,0.802732290132798,0.955189831461128,0,0.00931018065011491
"306",0.984683800625794,0.77800050595165,0.913851332310632,0.894858138687681,0.991349440083408,0,0.00228272408477936
"307",0.823678456443292,0.687509723501693,0.871379335193142,0.955603696095498,0.942486673314214,0,0.0223868283579349
"308",0.988263699617957,0.455616823526142,0.985951643976504,0.928963786879936,0.776615096788388,0,0.146831425289737
"309",0.988502652307602,0.0483084898860653,0.813744274849174,0.949733066526834,0.893202326653436,0,0.146831425289737
"310",0.990344574258654,0.72237815954821,0.971043586507588,0.963552639909263,0.489275509025265,0,0.0823691137394258
"311",0.927318615707188,0.197411596733989,0.949056608427586,0.673158077075846,0.977504563528101,0,0.0107726553479871
"312",0.701146111860523,0.331837224088077,0.904486980428536,0.966483837387296,0.977177579065344,0,0.0369592290471971
"313",0.591411518045743,0.184024752674014,0.386021823999342,0.962551649978644,0.866422475619188,0,0.0823691137394258
"314",0.927766240808879,0.455495816470728,0.991402447662899,0.956801372826044,0.993016328553028,0,0.0823691137394258
"315",0.831340777092296,0.973112447430348,0.722264317986589,0.641296457213396,0.822991427802238,0,0.0823691137394258
"316",0.954500602939863,0.479638069360068,0.988697657247901,0.928779708220992,0.995774651119253,0,0.0823691137394258
"317",0.860413064309141,0.808232547209626,0.754208099977721,0.96669886666105,0.178084024953858,0,0.0823691137394258
"318",0.982440601237131,0.692100118029112,0.810742355952473,0.922102849247279,0.895670146508063,0,0.0823691137394258
"319",0.994016272310797,0.982215666527814,0.729520000027532,0.927944791726945,0.990699921632532,0,0.0823691137394258
"320",0.352527199958214,0.0998570100886297,0.990658044276768,0.991272759999113,0.846915715795782,0,0.146831425289737
"321",0.386236096360758,0.0911188300064556,0.92117749134151,0.932261537579112,0.990137092326562,0,0.0442454293918283
"322",0.374574338850526,0.887679886237854,0.609398654687159,0.990942058243729,0.972878862168933,0,0.0823691137394258
"323",0.87778286137702,0.968148178274153,0.95558719374993,0.946191388798434,0.946789809347697,0,0.166386478707783
"324",0.990436342724601,0.0977283454352794,0.878388653379725,0.888339220392133,0.952298553417922,0,0.0223868283579349
"325",0.995182490747814,0.449518911900214,0.952258537648749,0.728451519105926,0.918224700148713,0,0.0223868283579349
"326",0.950631297345108,0.0390462922854886,0.873137209789632,0.91145013353015,0.992790531721036,0,0.0223868283579349
"327",0.974144699060356,0.173604122841965,0.991420817201547,0.886922693011402,0.991471923314085,0,0.146831425289737
"328",0.820294463785796,0.942821530838719,0.466814888063796,0.991391277553992,0.117143325548122,0,0.0911562747711231
"329",0.384956910885989,0.991018752970392,0.779333913198268,0.829497196347587,0.84487797487476,0,0.146831425289737
"330",0.991900658589641,0.0295306916162502,0.981128234810188,0.991171148848747,0.991585417578019,0,0.0530785769671022
"331",0.490239408666401,0.241150322904985,0.684973973079434,0.883932371314832,0.858769632784754,0,0.0735819527077287
"332",0.970873790865983,0.461333588461714,0.970508942250486,0.966633586351285,0.922132066812213,0,0.0823691137394258
"333",0.825155246261759,0.224569193875374,0.990629040029129,0.307929909167511,0.991077399088443,0,0.0223868283579349
"334",0.186204772562618,0.0219767024819614,0.93627580849874,0.991492627361047,0.997116491228397,0,0.0159518665247798
"335",0.493971488437556,0.630391424773858,0.958194522611024,0.404484521993177,0.805335044930059,0,0.0823691137394258
"336",0.627052537947679,0.258711077674167,0.973628666243791,0.738935119045972,0.81494908642466,0,0.0560076306443344
"337",0.845815581285161,0.750650151208485,0.809063394056304,0.990186010459198,0.96184200538614,0,0.00495611275205454
"338",0.897597032254736,0.741629489572427,0.994292591214986,0.939078642379461,0.939535322625437,0,0.146831425289737
"339",0.98976083079986,0.254058813353452,0.992078398229218,0.990706187862334,0.984629829950284,0,0.0442454293918283
"340",0.640310681641599,0.920341823147775,0.916109139713693,0.903559940706547,0.991598786114351,0,0.146831425289737
"341",0.766613298473414,0.78965207219985,0.9602057121059,0.99718346221746,0.965323090916672,0,0.0442454293918283
"342",0.786830985421748,0.344598848271631,0.579923879071825,0.992509209719096,0.990116533600121,0,0.107721318453646
"343",0.988689502932782,0.886185876845083,0.492664801491792,0.979689016223294,0.661083748940174,0,0.0223868283579349
"344",0.932469148135366,0.769382966875177,0.989720374163171,0.935063551098438,0.966177609649214,0,0.0333161288748816
"345",0.991329178189236,0.450057015364866,0.991278258841988,0.99158298546974,0.983447150997104,0,0.067723845353264
"346",0.989010363148723,0.755773739631883,0.980916010493713,0.99077164352449,0.869717637988824,0,0.0486171495986069
"347",0.941327142428108,0.632542897078978,0.905254698691778,0.994072637942656,0.993972133651355,0,0.0823691137394258
"348",0.838336069457297,0.5176989115987,0.874676353337759,0.975559956231624,0.994283969100551,0,0.0355019889782707
"349",0.70067929933085,0.208150955270154,0.933788494407308,0.990394498531103,0.996224225790401,0,0.0442454293918283
"350",0.923024795086343,0.246524966548067,0.938361054999012,0.991870810510807,0.627238106597993,0,0.0823691137394258
"351",0.956014095828256,0.0461067930043391,0.677269518071941,0.994753059096856,0.991365772355261,0,0.0188292060674423
"352",0.907960601795979,0.861085543802242,0.61383626265914,0.959400472835895,0.965293419780333,0,0.0823691137394258
"353",0.866764117285682,0.438913922218346,0.990119803053345,0.831415172333769,0.834941562512241,0,0.0442454293918283
"354",0.572582154782117,0.103466916338752,0.887608591449462,0.839713224528543,0.995679488465799,0,0.0137322045918686
"355",0.873798547481312,0.607513977032243,0.992180010243652,0.992276645430841,0.993603564700185,0,0.146831425289737
"356",0.992639527958921,0.48192091459313,0.103541645028063,0.726635880661123,0.992817175011494,0,0.0369592290471972
"357",0.992621170469046,0.667157699028082,0.907211038876171,0.988681754724262,0.944014533221026,0,0.0560076306443344
"358",0.534829793816778,0.874203343888407,0.955635786084273,0.374922513990952,0.991025150218173,0,0.0223868283579349
"359",0.868892179195756,0.879081496591822,0.931373243284147,0.439887693742367,0.912861237685483,0,0.146831425289737
"360",0.721656517538988,0.214121681340727,0.421466221174744,0.976572216102725,0.990679434414711,0,0.0107726553479871
"361",0.342017970447003,0.0280618844153513,0.900761465524283,0.451177648439521,0.792307505614508,0,0.146831425289737
"362",0.995010483356959,0.91755980660518,0.931903348300424,0.948495130886304,0.986477082457982,0,0.0107726553479871
"363",0.94631816356155,0.488395591552291,0.993434036810774,0.678396539053586,0.992131556680382,0,0.0369592290471972
"364",0.707950076645362,0.820927487391403,0.873895988475267,0.972385409083963,0.531314660845317,0,0.0604012111601832
"365",0.952940141082,0.382913163117715,0.779398487669864,0.990422732867114,0.646282011096899,0,0.0823691137394258
"366",0.82243415227433,0.863905346649542,0.950668109738912,0.906043653130237,0.899299452514583,0,0.237971046641601
"367",0.903107594925425,0.127963533614501,0.996997221574275,0.824740849830095,0.76109385968201,0,0.0442454293918283
"368",0.979547567122636,0.525612925274094,0.963687857701294,0.934296642677453,0.882812409400331,0,0.0442454293918283
"369",0.955861245329994,0.859546932457174,0.920100909593902,0.970293214522729,0.866986679006078,0,0.146831425289737
"370",0.970747916719843,0.00776995790334045,0.685916601925482,0.992307343571984,0.719873733284525,0,0.0486171495986069
"371",0.830662111771273,0.671093075468451,0.944698722561229,0.982573069086678,0.937663572626382,0,0.00766000051586913
"372",0.860289753725691,0.211197786966286,0.964661415934944,0.990692605257087,0.921115075768047,0,0.0223868283579349
"373",0.901834873790541,0.456546657079909,0.820702826228536,0.990784654844839,0.993955632623285,0,0.0296730287025661
"374",0.873125546230816,0.0606119478105965,0.830424028785306,0.967758350878834,0.949906141595417,0,0.0411227721012719
"375",0.744047222453294,0.949314719937614,0.991354270448692,0.79720213069942,0.66416765125226,0,0.0823691137394258
"376",0.959446856594892,0.896554179588271,0.985745838871541,0.989054370089536,0.549236581409438,0,0.0442454293918283
"377",0.991547093848664,0.141475312603021,0.976821655617921,0.811328399202093,0.61900412360631,0,0.208331235587948
"378",0.854554787828689,0.136237350655057,0.801690817812963,0.992666764297577,0.511659704979651,0,0.0530785769671022
"379",0.979102235182539,0.985907357957026,0.802066215730921,0.977637539691831,0.90781550738532,0,0.0355019889782708
"380",0.794785281037542,0.207843523789441,0.680482870454854,0.992494254147805,0.90256962897322,0,0.0333161288748816
"381",0.873374243068279,0.278225643163018,0.98290121560931,0.565979464324209,0.636314722041626,0,0.0823691137394258
"382",0.990963479252498,0.769178802321766,0.980168185929112,0.993338308232776,0.285625514301679,0,0.120758020732343
"383",0.855051201675139,0.111273136513482,0.977002825134566,0.139613482483475,0.923584961044833,0,0.146831425289737
"384",0.990399544835147,0.430344314850715,0.816391970481459,0.899648130609715,0.936517917440078,0,0.0823691137394258
"385",0.541675141308572,0.0342567726086748,0.942524310843373,0.634080762915341,0.301212782057614,0,0.146831425289737
"386",0.827855407317899,0.33818542416746,0.515577566367584,0.967785686037871,0.649843066044191,0,0.0823691137394258
"387",0.991227553247549,0.547424550450367,0.899138841817726,0.613831892477177,0.967660002987509,0,0.0107726553479871
"388",0.989068294427938,0.760782893446753,0.959305016937477,0.942267668065183,0.992413923871676,0,0.0442454293918283
"389",0.777630839513143,0.322757822865251,0.634208753703345,0.494462520696089,0.984466570683909,0,0.0149160242894212
"390",0.38715624621576,0.93851689716484,0.965645956531134,0.981205903671048,0.969815326616023,0,0.0442454293918283
"391",0.960624668660294,0.359542879201763,0.550821714083613,0.632951727695041,0.795934687360969,0,0.0142254627991821
"392",0.964057597172479,0.748336446555304,0.985895176831856,0.928158153591848,0.968584278591299,0,0.0159518665247798
"393",0.993222766601297,0.0386298658411688,0.935054791102683,0.990183497153985,0.865832330918278,0,0.0486171495986069
"394",0.876596132815958,0.486743790529019,0.910378524952167,0.906742688770022,0.978114521140054,0,0.0333161288748816
"395",0.969927291611311,0.904978959400116,0.414965063383401,0.95343767401086,0.837035478972668,0,0.0442454293918283
"396",0.860139709085048,0.113023945075082,0.988201806910543,0.899283414483134,0.990684050208165,0,0.0442454293918283
"397",0.935421762373159,0.758107794925921,0.993091411426801,0.896649179151582,0.610102471940477,0,0.0823691137394258
"398",0.983608170519366,0.0450946988314798,0.991377149479661,0.540880381016436,0.916568152729629,0,0.185941532125828
"399",0.91445993476314,0.755991905193356,0.990752239189498,0.548928583737436,0.837569571265561,0,0.0823691137394258
"400",0.801129110238088,0.374387830679179,0.778733171391087,0.955448153232828,0.992399193607912,0,0.146831425289737
"401",0.647786380419925,0.7853857819376,0.990371948674198,0.888424630755481,0.868569263372825,0,0.0442454293918283
"402",0.42885558682428,0.462912687875913,0.992482329735586,0.962080160641845,0.667115605798854,0,0.0369592290471972
"403",0.259379268664158,0.13699900917646,0.958763354532103,0.952749946325099,0.874678167019056,0,0.0530785769671023
"404",0.776381355223571,0.399192870203698,0.95012969751391,0.876581348432926,0.971932642975926,0,0.120758020732343
"405",0.920868288982856,0.438679065015832,0.979408609652792,0.973255192781983,0.99386423955694,0,0.0823691137394258
"406",0.696225744559202,0.627313516011182,0.675704143933439,0.965561829020795,0.984882683962911,0,0.221034011753799
"407",0.805516201788933,0.707475997807507,0.986777608401771,0.994236326581685,0.985588729866585,0,0.0223868283579349
"408",0.546392180358489,0.54973595458865,0.993222205242438,0.992927924686676,0.823608946795356,0,0.0823691137394258
"409",0.956384897944351,0.594958900011229,0.922933945466555,0.751276728655026,0.99132612126779,0,0.0823691137394258
"410",0.841031398326774,0.436202185113373,0.497201697916283,0.920718601917929,0.560995603066667,0,0.00228272408477936
"411",0.935140200005946,0.751853251533808,0.992895245408259,0.955389546034205,0.990579534332774,0,0.00674323377462149
"412",0.995616019190552,0.12783342180985,0.745527945244338,0.98282736760572,0.648230755878542,0,0.146831425289737
"413",0.992134467888617,0.577498093438032,0.741582700712734,0.952395955628137,0.928862714244882,0,0.0823691137394258
"414",0.698785191049728,0.396834372645364,0.89562321790725,0.364349970578448,0.990948056438879,0,0.0223868283579349
"415",0.991392029468797,0.922772356738436,0.992553021250007,0.970650941801327,0.752834387074147,0,0.120758020732343
"416",0.993646633811611,0.681540817578209,0.966503107201041,0.914317344734498,0.988853280227159,0,0.237971046641601
"417",0.990874355302447,0.116436850301772,0.506808203239438,0.994438319633638,0.993854000996828,0,0.0823691137394258
"418",0.886437091492683,0.411671637056054,0.939981224601843,0.727598477923021,0.991862449348212,0,0.0677238453532641
"419",0.995780327431102,0.378952861767988,0.779847148421551,0.845385849808519,0.975941767103539,0,0.0442454293918283
"420",0.516777879588459,0.228517887422762,0.673740283638874,0.991141866422609,0.922574789758257,0,0.0442454293918283
"421",0.961825581970741,0.525135489447296,0.677939686598618,0.865764292377935,0.988915059464602,0,0.0760925701453565
"422",0.982409470587999,0.993480293781161,0.878213313550881,0.99139615120136,0.983033753652823,0,0.0169877087601383
"423",0.907112746520899,0.257558838095543,0.947713874407035,0.449285748851439,0.687850071634885,0,0.0380001148107159
"424",0.736448520083641,0.0744225235008658,0.522764182581513,0.978473342765219,0.989773556460486,0,0.0223868283579349
"425",0.998262675153334,0.938482750289127,0.994589819676431,0.930820031206039,0.994124211019983,0,0.371515283845196
"426",0.932577032127016,0.490451581288855,0.993930687282902,0.88115852742646,0.838606262885965,0,0.0442454293918283
"427",0.993788844795867,0.349229564115465,0.96726287911797,0.982031987721462,0.913640184116199,0,0.0223868283579349
"428",0.996895410997358,0.751288348429771,0.857483427134054,0.937271092605251,0.993148759173069,0,0.146831425289737
"429",0.913024075762823,0.289790608722559,0.966489872580722,0.800311631891887,0.583031461842306,0,0.0823691137394258
"430",0.984236739229891,0.0262332279351829,0.925378686032603,0.992092175246529,0.925592423728198,0,0.0142254627991822
"431",0.982423718372778,0.708908436447142,0.958105979883593,0.9925222399159,0.73050452784285,0,0.00648130041997941
"432",0.809195717180839,0.596858630962608,0.950374709834497,0.991712528523491,0.990336130723326,0,0.146831425289737
"433",0.792812701266253,0.318468598911795,0.919149629400334,0.992657320428995,0.779266678894633,0,0.0823691137394258
"434",0.680698124688535,0.664565172747717,0.399829720738744,0.989308766922008,0.521171133791307,0,0.0133622609363834
"435",0.960626952384225,0.249220967292273,0.371659475543271,0.894398240517019,0.483364935204344,0,0.067723845353264
"436",0.992628319482479,0.701539885447403,0.549656237479238,0.954224728939363,0.495167622385751,0,0.00436202638154892
"437",0.652433166422238,0.487504649130366,0.96116920705114,0.831338151584176,0.834759512424052,0,0.0886456573334954
"438",0.982001538744534,0.101710688748673,0.991527018408574,0.885094552733174,0.816985060896734,0,0.107721318453646
"439",0.703410863767555,0.495578403264057,0.844686662693622,0.966208419229496,0.770541586006751,0,0.172904829847131
"440",0.9457176143514,0.331810100530305,0.913778289649011,0.913396238676279,0.890399874376674,0,0.0107726553479871
"441",0.992194837409563,0.639624840060511,0.987736070422301,0.733916954057603,0.96897871311283,0,0.0223868283579349
"442",0.531535110482958,0.154765303598495,0.268407019841672,0.458593747416492,0.998898841576186,0,0.166386478707783
"443",0.987946429930324,0.855077841408989,0.829505666496737,0.897022513134029,0.974298998513326,0,0.107721318453646
"444",0.947297999601321,0.989000658667872,0.909766315174888,0.98999273363596,0.564596055139171,0,0.146831425289737
"445",0.937869343519268,0.453103610898365,0.915610062333212,0.829328197139541,0.991945877491263,0,0.0029510712515981
"446",0.881978520397056,0.532940557052017,0.989802607944742,0.779527805024009,0.92642243364482,0,0.0442454293918283
"447",0.905885047568112,0.706434846492379,0.983254698896543,0.741982918148932,0.992537022711325,0,0.146831425289737
"448",0.965064671293514,0.181359688863292,0.996452143803881,0.810240552935069,0.97693368557546,0,0.0572629393631484
"449",0.938611736751964,0.942047906873323,0.933788738954476,0.983579310409387,0.995167390826801,0,0.0442454293918283
"450",0.831875017307362,0.835352241110362,0.845108892334774,0.950838493972895,0.991616545218756,0,0.185941532125828
"451",0.994434859328809,0.282743615362589,0.86059969463945,0.82414081516814,0.460917110992959,0,0.00406498319629611
"452",0.12202388433848,0.880377292966758,0.748362606851277,0.926966403983311,0.951482348660628,0,0.00766000051586913
"453",0.959416136431253,0.277313416924074,0.985123641878552,0.984418891247172,0.528986178506801,0,0.237971046641601
"454",0.719061659976593,0.809163223229727,0.902101543379329,0.955725333857526,0.8290275376642,0,0.0223868283579349
"455",0.970259204600711,0.905102923946693,0.974280733479525,0.991312062389515,0.840028959437876,0,0.0442454293918283
"456",0.816817858780664,0.283173634151437,0.907920663929251,0.700915107257385,0.390921582612055,0,0.0442454293918283
"457",0.936121639044128,0.974420230637335,0.993243400684671,0.99494453823308,0.932398092359118,0,0.0398737091850495
"458",0.991854520888605,0.643154207752837,0.913113840702712,0.99194564915026,0.551300713958342,0,0.172904829847131
"459",0.779308885949226,0.263418667145769,0.701688779911907,0.912474222931867,0.992642462771383,0,0.0823691137394258
"460",0.669556674657586,0.747783852875776,0.994502667763668,0.995072189376414,0.891316890730241,0,0.0223868283579349
"461",0.681684355380531,0.124953894772983,0.762509794102968,0.952193527120687,0.981681011983088,0,0.146831425289737
"462",0.743411321306771,0.0977034518433935,0.967620615833325,0.568395461682844,0.22515919524961,0,0.0442454293918283
"463",0.991628562300424,0.0593279745824432,0.991052684545981,0.632108626922829,0.823590791599325,0,0.0823691137394258
"464",0.890618555638798,0.337933830343024,0.956783641542338,0.930928266359468,0.795784040294777,0,0.0107726553479871
"465",0.82575142641844,0.74741421909637,0.957397735637417,0.993012801643564,0.721211901348887,0,0.146831425289737
"466",0.981662191843197,0.662249513934315,0.991278486452874,0.984145694883693,0.990663819165622,0,0.0486171495986069
"467",0.699657453541366,0.257178481057679,0.991825890183239,0.992702462096608,0.990699419711107,0,0.018541472113176
"468",0.971862222507963,0.519600378062325,0.942267035972225,0.965519105678964,0.991436413301031,0,0.0823691137394258
"469",0.966558620942223,0.147754708132173,0.995469692817562,0.911976202011446,0.734738387279142,0,0.146831425289737
"470",0.966211478477511,0.696029611150826,0.991867664185203,0.780361545327488,0.990047694732468,0,0.0949222009275649
"471",0.940597953622748,0.133447151078622,0.99154111879857,0.917804914309609,0.194885342125163,0,0.0442454293918283
"472",0.804885603983581,0.0478042112544607,0.966290227637008,0.947886204163487,0.877838051565813,0,0.146831425289737
"473",0.977683895747941,0.439201587227526,0.754783726223015,0.829244672496518,0.963616193900886,0,0.237971046641601
"474",0.991392545348474,0.667452172598402,0.950391217668827,0.912775829507282,0.943746153669564,0,0.0823691137394258
"475",0.711491007491104,0.872635080987636,0.81575176690099,0.987953810552977,0.57137474033221,0,0.00495611275205454
"476",0.966658099196527,0.224850700126435,0.982425538623135,0.935196429076713,0.0962678025910926,0,0.237971046641601
"477",0.964296690994629,0.765262470107052,0.8470851744225,0.992221634454811,0.879913182049523,0,0.0442454293918283
"478",0.779206071183204,0.985929512271857,0.800691851812736,0.861958888514363,0.99483082442791,0,0.0823691137394258
"479",0.768867915730348,0.0232698715032771,0.991147662886284,0.872384552950748,0.938845994161077,0,0.237971046641601
"480",0.492928768378243,0.599158477866797,0.965552667130218,0.78770216874691,0.663444526026105,0,0.0442454293918283
"481",0.771259770334121,0.770240735648479,0.970642015936302,0.994192629460292,0.986384659258853,0,0.0497100796503016
"482",0.967998661007988,0.674562734060407,0.995976936207418,0.865151077698954,0.988022881395774,0,0.146831425289737
"483",0.969440180773574,0.454246673022334,0.954657432006469,0.972338086723088,0.993654225378042,0,0.17811951075861
"484",0.976939532913874,0.993497293800518,0.798772163955885,0.904067332066958,0.713472554859236,0,0.0823691137394258
"485",0.817409125064553,0.0281842136808526,0.97563357169986,0.899902184915682,0.992409111261954,0,0.146831425289737
"486",0.903759049952654,0.986454659716897,0.50241138471138,0.989982985387581,0.990382058036791,0,0.146831425289737
"487",0.78599001809883,0.225735595725618,0.993531644334,0.807845940721767,0.18896565056367,0,0.0823691137394258
"488",0.973730190533519,0.0359902099686656,0.59700190048691,0.977662702800813,0.247729079961844,0,0.0286321429390473
"489",0.7399766283284,0.548927299763941,0.990988646627683,0.780300461376106,0.985581850816453,0,0.107721318453646
"490",0.849158372020577,0.392588958021191,0.789102635240846,0.810497759503045,0.717355721254737,0,0.0647947916760317
"491",0.446186491913619,0.138318399984984,0.372541611240382,0.990817808143346,0.806529637731746,0,0.0442454293918283
"492",0.0793666825879762,0.572011838620545,0.922883245345993,0.992511685196196,0.92257497692733,0,0.0677238453532641
"493",0.94286253833755,0.507649680877395,0.992659542168779,0.918014024235156,0.497599077579728,0,0.00495611275205454
"494",0.991403427340181,0.725502602178608,0.638832510593577,0.990527279987726,0.781757573461735,0,0.146831425289737
"495",0.992769561407587,0.610182766981078,0.960622475953685,0.866072187620227,0.887802846010578,0,0.146831425289737
"496",0.985862915630334,0.2500616257929,0.393589141693301,0.89072764936877,0.980646876518868,0,0.0823691137394258
"497",0.670534762493161,0.309998439932755,0.599197026555314,0.765634510462242,0.593476484690133,0,0.0223868283579349
"498",0.932979303679439,0.32134748359544,0.99159415657633,0.963609464328077,0.934849606317034,0,0.107721318453646
"499",0.99145457708981,0.85698078968942,0.988362286832747,0.580283343125077,0.990398088357058,0,0.0442454293918283
"500",0.993103805704776,0.127040243564417,0.965541575365908,0.940943361237217,0.992402969094787,0,0.0122524299699278
