"Clusters","All"
0.368150642203597,0.578727631857787
0.0226148213399024,0.0766276603094448
0.0921883074402969,0.723980347716444
0.626851656605916,0.840176400502614
0.164163860166363,0.48915806656798
0.0577105934902693,0.282809162597861
0.877754147910938,0.899778835403234
0.0140845070422535,0.1
0.59911483352348,0.897759755155384
0.00465036646653832,0.0120112055137784
0.0125506511118644,0.140238388362254
0.0965638053277947,0.156001934452349
0.25548588470547,0.531559807818814
0.577561989550355,0.625042831482441
0.706601836325331,0.962921280309941
1,1
0.0154389406179302,0.17472939121405
0.341368961275552,0.849055567069443
0.212161029496688,0.647620667313008
0.675771228429204,0.907434703988578
0.391590651624867,0.732696584148672
0.00380525768896605,0.10948859857932
0.890246797787905,1
0.573783408551655,0.82103092913154
0.00418508293303638,0.0171685603945493
0.632488175751751,0.836310862137851
0.176153296399228,0.884625708928472
0.304119346685441,0.141620090603067
0.735329073506707,0.878098329316551
0.526931894656309,0.777396015352265
0.978064554050806,0.986943027862601
0.0548769336379799,0.163606215890814
0.851880090250046,0.998561497495765
0.938513115408468,0.989341520757261
0.175119614210343,0.599849638224308
0.276573080925493,0.677347182139149
0.306088788437867,0.497999819605447
0.110184037880644,0.419303877741388
0.00637452445472905,0.0850691157055232
0.236293024348438,0.57322630624659
0.129215172269536,0.264625503176306
0.194678955042241,0.535014913501482
0.148077209377575,0.019776944418209
0.902600507454127,1
0.610844864044945,0.806312639850822
0.294691993520324,0.5591910018123
0.15044456038777,0.34450433724182
0.273391285344826,0.757074789729008
0.55302457459921,0.495037813992475
0.115522458643376,0.850056989925886
0.296124427198607,0.790907304598848
0.0180655436426861,0.382883660180953
0.116135177658483,0.582199438304767
0.515154200548164,0.602336050050512
0.109859965869099,0.497864955439503
0.109395101940777,0.300989591552233
0.246222866627851,0.470886228662246
0.370105476666273,0.401361679400831
0.47858811362293,0.0402363027101221
0.042907432979431,0.171703552539022
0.661327214091397,0.80798688598483
0.87677507387521,1
0.433045998860696,0.621912489983578
0.761398631113525,0.886928227855937
0.0461876164406451,0.690768253372038
0.446457308650951,0.365597226988044
0.173499065187043,0.380950615570129
0.0422518727376348,0.236531203772513
0.549370828619334,0.693075645053006
0.329977295024787,0.639170018672885
0.278948844054604,0.703556613739371
0.0622963063079164,0.356181425256477
0.726375592081675,0.883185932605257
0.0871612793468423,0.176550959050843
0.978603798202848,0.940220537897945
0.0446096420101631,0.151107258861376
0.13753190731595,0.601716159754198
0.826579862792428,0.970729768845439
0.433403265206434,0.48820715182007
0.0481707959110892,0.579777774131506
0.524186376152085,0.712340391360376
0.0312214828004924,0.425972784068383
0.0697983791000089,0.13619015169905
0.0782520065241654,0.342249871033184
0.142102217193529,0.723861204351784
0.475594765305812,0.791035155971299
0.358635280128235,0.960798547690405
0.729389481716081,0.936081017064345
0.0765270766979462,0.294198659702418
0.190463599267116,0.882523576340877
0.102162114163958,0.502254599812438
0.883521153958485,0.961989409021459
0.142672659961632,0.316451131735379
0.0905664611205281,0.377777206530368
0.0581784588114952,0.466870029298041
0.273981715843601,0.68596529802232
0.0151246718370793,0.188850542952834
0.0711271158962681,0.080972840038121
0.0100827407043779,0.29251024391518
0.137550819036169,0.31149400548787
0.585686709321214,0.799897219888955
0.0593155341766149,0.0529377121276071
0.179812397620017,0.353641191752526
0.668728344220133,0.746413232124889
0.453353945948917,0.717626468425227
0.109406036020605,0.47142996330395
0.398169608014242,0.644149453134151
0.481910110714042,0.593940750445968
0.210541809511858,0.707705204261286
0.641627298721352,0.670691747732698
0.235798625422166,0.374573918812332
0.420920897565893,0.621629655473902
0.416303728064187,0.559832568432607
0.347903992099549,0.00858729489577654
0.759824671203791,0.940474568365596
0.607399545309993,0.889395789531963
0.97481482921232,0.958539535064263
0.754428982383438,0.867626453880316
0.145055561599404,0.61169352694733
0.0123483267551494,0.134126388861867
0.555649957247082,0.629035494467102
0.00242144444269314,0.00833177452446271
0.193685323337508,0.378556051013766
0.199918933467393,0.726651182437517
0.172884435002511,0.574443211223607
0.232300481982031,0.620908946855469
0.331254560340953,0.708337460823555
0.294170947193729,0.631005636260316
0.0287564946107321,0.56283959628726
0.914094303962701,1
0.119390176604543,0.624276546812527
0.0786248760170931,0.332592913083703
0.968038820545056,0.992912690029857
0.0353326750570071,0.527286544230167
0.00186575174379464,0.0331856101280759
0.3629240613848,0.49399992390933
0.415168435141794,0.270698978855973
0.217040312761247,0.4010031411038
0.352638859828001,0.451133974666062
0.471137545585444,0.649831866094882
0.00288182025825804,0.110322245773863
0.41102582564683,0.580698624642793
0.270653123248453,0.935933938744614
1,0.976237039041326
0.1212847239733,0.633246819340056
0.230078240887654,0.522329300130783
0.28540573977134,0.903272333125959
0.488604981036342,0.729595014587685
0.253308924979469,0.418930783897361
0.642991065401885,0.946733355955882
0.139027113748124,0.567437900992425
0.210198014192678,0.792542109727866
0.727143374466648,0.835139366191796
0.255193085088365,0.856450056409653
0.13512392936879,0.134727794076047
0.0594537265905565,0.0922374117159312
0.537051257336722,0.721841527153395
0.107980468320538,0.266012847611424
1,0.997345006934662
0.61186815042022,0.68474664894474
0.432663151749641,0.58904829178154
0.00258859253832646,0.094259488702268
0.432240762812688,0.741512030193147
0.654358777572402,0.752510827752723
0.0960518405231306,0.410118243535911
0.103819392797079,0.590587244006832
0.720841578569918,0.812361700935513
0.879812259925515,0.968754809480407
0.618473082731938,0.831117005053868
0.0867898492080845,0.125
0.421351538500319,0.734533056601369
0.0205131236955268,0.767255636185472
0.108568690260127,0.201105305319943
0.375018353117422,0.863068760674702
0.967033542147054,0.899541975544525
0.0234454128843447,0.222243806911694
0.305382879933215,0.597792605002618
0.697724110918467,0.923153916950185
0.560899329188236,0.852038964399286
0.632952459258089,0.761321730661235
0.563673321180084,0.829947947974536
0.221474615298011,0.440047027161895
0.454878844980019,0.710753005233551
0.487442146217249,0.375419884106199
0.0586644615766923,0.269572912616221
0.120720612001906,0.460719894671777
0.0152529631821275,0.17795723074904
0.858627964871836,0.76207524838904
0.566713956896794,0.712452397295117
0.0127540136544378,0.0245347314831813
0.00589444626958671,0.0772747344110783
0.345646731217419,0.685886965711063
0.040362657483263,0.344134807679094
0.0661747817643495,0.402612376496701
0.00770851039780361,0.0344546562925641
0.170818762406078,0.468679175530837
0.692070041463182,0.994232442347437
0.255424440340123,0.475305597784591
0.827788242755269,0.92405172768018
0.474108864611899,0.896362626425512
0.109122444192804,0.791505271487797
0.021942508682873,0.488606572562418
0.9175617416944,0.886453793530142
0.311600444660914,0.543755134812497
0.653539458128986,0.568381022827113
0.0819640394397498,0.202935082937914
0.00353465670763403,0.104923183950972
0.00227790496873335,0.00167265652610814
0.233607217233728,0.960082205683914
0.0383724993648623,0.499374870637958
0.0380763440960207,0.842434833661374
0.0190882323403607,0.242899983970539
0.0264029959621457,0.614816920910746
0.291968671210907,0.562074548664804
0.0394079387103778,0.15464813364085
0.205129956816188,0.266283834336331
0.0538289571447414,0.535245677585688
0.141389332284551,0.743474622089107
0.382888731544535,0.472586184429175
0.913178660800563,0.971814232987451
0.753851554953029,0.912302371858055
0.743469448981103,0.861447766105064
0.059849823099021,0.749112908538598
0.009301702965871,0.195692605630606
0.166490470987882,0.584654605977138
0.882045198538483,0.981077476484799
0.0328583169564443,0.332836551660888
0.5207343760369,0.761290724122843
0.0857237339549439,0.0589087458303053
0.0799027144383129,0.434813044305691
0.935018342737551,0.936560900081814
0.357181993713298,0.907554716345189
0.832521657279797,0.821935849465585
0.0624083416627335,0.297722003523312
0.417566886385697,0.652382003761428
0.518138227894822,0.794048470983788
1,1
0.307143161600128,0.686736541366818
0.0100377725847362,0.138454418350923
0.729650900819187,0.818187034450015
0.874132886122469,0.959148547990993
0.129865202646344,0.334857175374871
0.197930002842192,0.355710917131287
0.0452222611508773,0.553381112327037
0.780325811893723,0.959962372555768
0.837571458508651,0.934986673853563
0.108724702499507,0.439888192636294
0.842614235438954,0.949116049903842
0.461644123108153,0.63045689717393
0.475367499171022,0.716109273601772
0.521521938679357,0.748067386131456
0.0124258773928571,0.281052835088418
0.815559031225272,0.915452613695953
0.805841732611477,0.912228785725896
0.0946978163546077,0.378667454269269
0.0596094433600425,0.0986507925561151
0.192786380665851,0.447252480785987
0.0706653472943009,0.188435210002676
0.513264141553237,0.703002424153979
0.0959564379066835,0.533627344184276
0.0553131863757908,0.211981944575512
0.0177394966915188,0.510525926299083
0.662813344506231,0.697243389703594
0.0162802444480796,0.149556070811948
0.05096287959716,0.100833743183571
0.80826734221359,1
0.533130406525069,0.827451190367476
0.670427396044624,0.860727561937779
0.714329678208456,0.915624306267478
0.56164886302917,0.72994011834604
0.608685919923488,0.922087015587771
0.0122554504732824,0.0294625877872792
0.931456015134614,0.973135486699418
0.481861213025101,0.829445629765082
0.190377577736891,0.479245147187133
0.96648940003682,1
0.0878060668657703,0.948289482314031
0.85469229980757,0.975047920493361
0.571725849474497,0.935476496797939
0.236950671076887,0.0981796025980302
0.0101010108977681,0.0385789600510069
0.608888259468126,0.786227996018005
0.177485630621695,0.650741963857708
0.251646347292068,0.719590674538743
0.434357846615723,0.805834133586403
0.0156044991751284,0.0940789040796836
0.110382600505549,0.381062039593376
0.0974423480086786,0.24892841458945
0.467339641417113,0.656869331552322
0.228990735218874,0.264893799677363
0.0389270439788197,0.142776196025566
0.701144920500172,0.931315731728514
0.233527617345071,0.50628253263052
0.0842512659444025,0.523733563477698
0.00578079183836312,0.236015847555971
0.0242183959561114,0.0319602674108336
0.191335280077562,0.571787215726896
0.129462024587458,0.550332111089286
0.0395122781097847,0.0416666666666667
0.0334043212803576,0.0833333333333333
0.903851157911059,1
0.768163416606897,0.839960572908534
0.290359895438555,0.674631504559816
0.576769795619094,0.768044767232362
0.636328292762491,0.900741461147909
0.132539747520486,0.795040824188187
0.0545382365233124,0.0863450939855506
0.233608176417006,0.558447469051637
0.119393087360868,0.22760946208614
0.0624037797491036,0.509797207667333
0.270632074587555,0.530823902728038
0.238784241705844,0.885724108558563
0.542378684558617,0.574701381525123
0.268104850263876,0.665947726784212
0.227429793743009,0.633642883553877
0.459794200867542,0.619170372258712
0.837920910060194,0.920140573768872
0.229707160575005,0.431542412259172
0.220889572604378,0.699275410059354
0.102927203714899,0.596707645316527
0.0909221006626801,0.832290520865232
0.268377979603457,0.699778389017029
0.435901380009253,0.924456463661605
0.174848195253433,0.22124177037877
0.0601571827131086,0.663800569232333
0.0437870404230601,0.592114604862074
0.288918185651221,0.800216172941043
0.891099540941642,1
0.0240527367051974,0.296470775214643
0.10940886482886,0.236188373646758
0.10282047223337,0.413166285947922
0.50098877659767,0.661434376433073
0.432870804917103,0.616915875513146
0.437515378196596,0.790879739979239
0.185516443459412,0.643100943361557
0.120714097601776,0.302727117740095
0.0374362839606027,0.127880693861059
0.0905695075707465,0.190340679128477
0.302345327933326,0.0408285472309233
0.0220230477284014,0.162962191877707
0.295560179141387,0.394781126814498
0.69028083258255,0.840004529211479
0.340312610037609,0.610119317119335
0.489313812438553,0.925290171886134
0.0388716100119647,0.223160249995131
0.61490858434983,0.914230416170913
0.839944510858244,0.985307395603546
0.672269845088473,0.758684825231146
0.551178205339223,0.776050308580313
0.981187730569275,0.958929628618019
0.00566969393382715,0.0270636511017609
0.319925950997405,0.338524300004849
0.010768769997355,0.0811962069505552
0.0460447010442433,0.36948931897705
0.639029941134448,0.808323740717368
0.783093879637614,0.858697272102093
0.557063710383207,0.842636788222763
0.680331933057855,0.714353357916274
0.452008847190457,0.545134178976913
0.132243108135794,0.290670836526611
0.848088404665182,0.916547176674853
0.532108770387278,0.800243584551983
0.55650439072524,0.808509291261545
0.381659997360436,0.583837333321149
0.381945505744789,0.495431370528161
1,0.983881464684507
0.575370551793188,0.869610450851954
0.458619899137611,0.629125109579053
0.24647584897179,0.675898532728749
0.362039164500748,0.755880404148903
0.0060092643636593,0.0983286021391141
0.926844835306897,0.933517335075044
0.00781223578398745,0.159049972287423
0.480193884449604,0.845699561209899
0.00988822158565726,0.215541380664576
0.790368390511149,0.855008696888485
0.0898526228949845,0.242101422748596
0.92168015862823,0.995980585150103
0.272792627685788,0.338763166597383
0.990604068346933,1
0.624592234775028,0.774146806031445
0.688374929351997,0.912717541040912
0.344943951944629,0.515256591476765
0.154169931731102,0.802391985689226
0.011171473733775,0.0972871487033502
0.317223029115715,0.519593746867282
0.613132457557622,0.837946696565114
0.130823528453862,0.375276443703537
0.12576865854831,0.682047505772501
0.00997281762133643,0.0992813058917881
0.00381104003478344,0.18049330218318
0.536443350792647,0.720571995602195
0.508946271783499,0.51506957557246
0.550637705252058,0.644784321072768
0.229080993562679,0.766021242461624
0.0454022815724795,0.270914321781698
0.00192308320537247,0.161546604154049
0.35727529628565,0.78123355900971
0.0293727247538874,0.28348134000064
0.0360798918716726,0.11581258352301
0.0148749051176647,0.0405059585799357
0.473637651513799,0.793500464418031
0.618463873990661,0.752698638654542
0.0511117556192109,0.36783869862001
0.755680762160065,0.920630433616318
0.424087774439344,0.552744337069594
0.380015075027451,0.57874277169726
0.345153752481613,0.56901783626636
0.121918706158928,0.461103344244466
0.89629458832329,0.0726764942663434
0.0216731971575633,0.0546736751057508
0.505048520162342,0.327348565261323
0.64650834137872,0.83134442636103
0.213783873397664,0.535885174417909
0.0643431269404471,0.188584302334707
0.289363269363374,0.540395433600651
0.136661432686937,0.497709703061852
0.0443476698125156,0.113258402029863
0.214524671319477,0.275997181527178
0.362373086029953,0.625597878899597
0.507100730313401,0.84165360607953
0.653652137470037,0.858784882799278
0.0362016736642581,0.368058996553573
0.32717056627262,0.771926042613653
0.00397739746639113,0.073726123301295
0.734641424364365,0.817498367259097
0.595999381505504,0.806653397076359
0.058454569007966,0.304580927713131
0.400272238085252,0.370314611762872
0.74464013090695,0.860797104800708
0.00957184433682012,0.549486959924005
0.221913510151001,0.19791997626338
0.719400207566205,0.941011993461889
0.378957280447952,0.782524784803137
0.0376387071884549,0.127123762964767
0.092909040111952,0.355590535457191
0.0649730063346049,0.506728956129336
0.879088434669842,0.954798520367027
0.577746360102003,0.640405524302438
0.210649018873219,0.778080103230401
0.299422227170996,0.73426568501844
0.495796400346226,0.752790500488056
0.0343185320407759,0.0610776603644621
0.942629837414615,1
0.799269248260389,0.982472028217563
0.321525527082003,0.816693664507586
0.22105299578433,0.946535318538378
0.480558859910842,0.81546571365077
0.0042735160525614,0.106458478862521
0.0158398153556822,0.0678176946523531
0.829520044076428,0.839684212579092
0.0500776574325982,0.262477742225336
0.0193517316941905,0.217075844335127
0.761035480315413,0.940497820355915
0.843333682231318,0.894254935171452
0.415294613549408,0.737392661612788
0.039170598247198,0.00680400829010363
0.469526062060835,0.682358026186995
0.223283718980945,0.72523672942303
0.442956801766765,0.899172037042436
0.0695594636721926,0.336848387311046
0.0504621299983807,0.754986747821833
0.859871602527352,0.970941856229683
0.816237215014023,1
0.58879973582112,0.93224489204897
0.0359898427168061,0.107774264809854
0.0440110325620332,0.368849530504218
0.00794954820223999,0.123741195711242
0.0813970141600107,0.21173555068618
0.0288159223512265,0.204539091946167
0.128608379895398,0.16100136951187
0.734804377265876,0.88931392009814
0.00621506380508913,0.195482605385783
0.366781459005444,0.5403887009238
0.0586550581286085,0.152521633771645
0.564767492079866,0.739077736233287
0.472269123727706,0.85098242112131
0.130045257662228,0.156262096188651
0.377898197820974,0.625149693674367
0.685844374234915,0.897936457978063
0.087597768003708,0.0804261276446041
0.831875829748125,0.945807925320835
0.11972031813353,0.309033934482978
0.106327394303651,0.162678433407893
0.625099015136202,0.78435012494145
0.0357142857142857,0.0833333333333333
0.554156482793958,0.617525046934455
0.000901953616320255,0.0749485214490858
0.462014231635098,0.764823415553625
0.0556515975786196,0.432269894063985
0.524843333757909,0.567847381811707
0.965093384285578,0.957638828954984
0.808903132118952,0.8897961699854
0.0409327472567943,0.144587039260756
0.756054778571651,0.94739801075701
0.0682848667428928,0.345890510410357
0.182694107355085,0.644232278358859
0.660552545189589,0.638530085228491
0.454574425636209,0.894892325787932
0.00543449331166128,0.0645620381916282
0.583014922069409,0.972592219458782
0.00992081723994344,0.19706430242994
0.45204555942391,0.597713520909322
0.295587157022062,0.434089558674726
0.724205706146183,0.858959694504153
0.368932921583285,0.561067044847608
0.962853281616222,0.974802463216332
0.176370705221042,0.30244739051672
0.238870060516864,0.350782979469935
0.239982904589209,0.990880121389563
0.0150093803909334,0.0631499699773179
0.0918167382857798,0.0745760224436789
0.0136372685751008,0.0365114879662663
0.0736908470884685,0.0625
0.429000573801536,0.724109490868422
0.102065583469795,0.345796007320086
0.398509267197386,0.850449322883171
0.214656165076353,0.284772711739036
0.0552810265935845,0.199561324887287
0.223035544497058,0.76623654113674
0.0294643946222226,0.272122407087075
0.00172413858179752,0.0630488557833282
0.000820348037251552,0.0319154184643561
0.400048661308564,0.577521931886875
0.00896034137369353,0.0149253731343284
0.172998822139716,0.557861860803015
0.12748331266159,0.893098945362388
0.109209725366956,0.375596407478019
0.12904065447166,0.173389881809445
0.711047984360417,0.923673844852181
0.081450896820711,0.294338820687018
0.0958439809586312,0.299906997908821
0.537467095708888,0.783509858934404
0.229035403414208,0.620811950677358
0.0201088393258819,0.339163279572487
0.820613471390511,0.977197614958579
0.0980087602270499,0.697396646253281
0.046881007270192,0.0715714900368662
0.447268379222044,0.651311183003918
0.129223110960826,0.953003515829834
0.136657940618399,0.256816003022349
0.614255494702587,0.811207282914951
0.0921557004523266,0.372397449001936
0.76255664316217,0.349806030483261
0.144242777015419,0.33714221848575
0.822486247703535,0.894591871600915
0.744263496414354,0.92269572334186
0.0308669078472469,0.411055300167427
0.0318827561078145,0.104102920965642
0.20378226564136,0.877388660779175
0.161985962094135,0.331476993227327
0.000998014079676113,0.00322867531307314
0.00289426389891246,0.203733557515898
0.888107427745547,0.984267211813185
0.589387691831563,0.735293723510642
0.0957716176320656,0.363625361776369
0.0220114048873125,0.408497205807512
0.517799419545993,0.870310736988539
0.0491875410312961,0.365601177576594
0.39479900697432,0.712258841829865
0.0784208139033176,0.33978009170557
0.990391023450711,1
0.838970392619724,0.903863059726706
0.219228909092733,0.302321378341959
0.666225717689877,0.819958206571377
0.0028090035522391,0.0126606703180472
0.0253926408826313,0.114570731610435
0.661686655741916,0.780755782896562
0.363567012920652,0.958656113607551
0.942317873182724,0.940031516129945
0.402134082379292,0.648204319582043
0.893400535853978,0.724908368120181
0.111739070827875,0.338498462261569
0.508246454753818,0.817204610103475
0.722571491777015,0.879983701935474
0.577715051028368,0.747622228500487
0.0717141299623776,0.306929546704902
0.568713035615772,0.932223269468843
0.021768233348996,0.116346173447719
0.16254418250187,0.578802986659619
0.939165338811009,0.955686541227054
0.350333791177779,0.777990570902239
0.493992143821185,0.68709688713172
0.0140896419024895,0.186827570338121
0.60588260518872,0.784453683359005
0.0229628398079281,0.0815860769045244
0.857151410710807,0.95706528179827
0.633886776262083,0.876046596829639
0.428567229904594,0.57815893254026
0.00551209830971113,0.25760517389176
0.127802704977317,0.15078733853528
0.496454233714676,0.757917476914689
0.703974497118468,0.887452681311489
0.0709670164367108,0.0909090909090909
0.0339291934207787,0.108774144079433
0.485599049631695,0.837878937037986
0.702273275780395,1
0.0626345352266149,0.245970508764766
0.472944539822097,0.779315400070799
0.801020399826625,0.499786640331887
0.0665245059972012,0.317671203360059
0.0662883117721394,0.170129604547751
0.0321026722982339,0.194182726338234
0.288604324381226,0.837830601879354
0.434746648067971,0.668402975605494
0.95458068092534,0.949548400625418
0.492755545293741,0.984296153477916
0.84158251374748,0.713094065910317
0.374755849883394,0.468386860000923
0.192098940457219,0.575821707490184
0.0345035747674459,0.418758276377959
0.134711995890076,0.664635855983032
0.341119251005904,0.558599375686466
0.185623732690333,0.807544850045807
0.669189195772411,0.937019628564924
0.304158613366367,0.0422705973464714
0.273330193959387,0.442302793811493
0.308968190321336,0.772818406839409
0.0482774175157534,0.0407747393521635
0.112465111925706,0.222281731112798
0.0534711566749217,0.142743687387698
0.851282958236619,0.914463645299846
0.190451442966775,0.233377007022252
0.51291276680526,0.68841945431838
0.213029298685491,0.310053700635689
0.160032859830786,0.550873908662373
0.69896193600545,0.66402217207131
0.0164442746081074,0.074875477138552
0.378000402777773,0.0174111354646277
0.0245434471008094,0.0828867239759515
0.00302290130401668,0.493079715497927
0.761271529592599,0.887535331702098
0.031772733446324,0.427577744304626
0.738456346734876,0.897241954863559
0.822835545226767,0.985672363681891
0.691760238420835,0.758026197434076
0.49118826066979,0.525398784715318
0.117938042278405,0.362646897523065
0.123740191487594,0.322630886245
0.409862037481766,0.826253609305612
0.393225088246388,0.405759226018034
0.108899661757731,0.263506074453368
0.128506719996224,0.435719557316502
0.0440802738477564,0.16717948644495
0.553474501995211,0.659366090947652
0.00521761221990686,0.171099176624938
0.729483114279281,0.739573443214845
0.148358672608294,0.22228939260279
0.869346736960344,0.975172227322956
0.207691079241045,0.460083060943273
0.262572421361564,0.457028402125266
0.139819145492121,0.391851168889208
0.174386329867493,0.740050284777006
0.00196370625141445,0.00558659217877095
0.0174268017555891,0.105661772276826
0.360341824246418,0.753648505237194
0.140497814469784,0.586483421646319
0.0177451775021644,0.0955410890289903
0.220238555987851,0.16539640003395
0.343113142970544,0.876954956688659
0.298910235141155,0.543148135504695
0.27788582349828,0.55010401718129
0.371977486902139,0.381860369679894
0.0405385558534332,0.284366555536967
0.486069051949667,0.597794255799463
0.0304332118058048,0.796793627277253
0.00628451877836608,0.553297141064282
0.0571201479039427,0.253308969160678
0.0341345667599883,0.190325062726372
0.0156488586801349,0.392250044411549
0.40650591395188,0.747704963388054
0.380269131765044,0.563759625886765
0.460930609966622,0.740077305033725
0.011292468662252,0.271466441425126
0.143273016112819,0.442974075420722
0.252664540871881,0.4462837968448
0.0262282296255821,0.091447761575158
0.214404427743371,0.90384430841359
0.645259934310788,0.713617216968895
0.098706053710317,0.383821881506358
0.542991561644166,0.8028850808288
0.898108101513288,0.964451539874453
0.0357429402579564,0.257410357978181
0.143457549012304,0.627684645762777
0.198988776949135,0.542802595248928
0.257404410385129,0.533033221031111
0.215130348666119,0.524314318326574
0.296585363539481,0.636635308746202
0.0396238507432523,0.734249080160821
0.333201071597641,0.837536626943054
0.238393658564779,0.454507541776599
0.0610739997717492,0.325788105759737
0.518158893532548,0.698361824326955
0.884896021201707,0.831032651160013
0.140195715613473,0.125745984147023
0.0581902969041157,0.230545223460185
0.310370344668896,0.562542318388174
0.00581914308173455,0.841270679490564
0.29623805081785,0.536818804733464
0.0192150271681263,0.0166666666666667
0.695134481153672,0.919860528291003
0.0169325993133515,0.0391157465767081
0.975842010863935,0.945923888819231
0.0268013612747374,0.127315398179252
0.132512276195748,0.299182387984303
0.502840236985826,0.661102833182557
0.757327555924239,0.198824444797483
0.0453373540446837,0.0442758654621378
0.512731349395106,0.661885964380234
0.0684917797216683,0.483168109690654
0.475284084096646,0.967629546639692
0.444733063416921,0.848866829626701
0.116119286597904,0.385682813346569
0.669652229645901,0.71319176053461
0.414753073677909,0.747869199942125
0.134846303858065,0.538761399839921
0.0664605824510804,0.409236108076122
0.153389651020891,0.536671304137509
0.042617882992054,0.122243530925122
0.170106887732477,0.38123834714491
0.221032775783983,0.086335773928325
0.504759312325486,0.395971929567449
0.93851277628786,1
0.182728405605468,0.503723574964979
0.0931917967771517,0.546914131759468
0.0867759331840222,0.908430461109138
0.639037874962212,0.840412916783943
0.0614163781174322,0.173002077523623
0.017335576064687,0.166818936896703
0.20932796585337,0.578183821072084
0.0244509853366035,0.196509599493372
0.769818401551221,0.689000482706817
0.687305053808397,0.736243921856604
0.0587957171932016,0.406545109646616
0.104646075303537,0.416599837852358
0.115269709079932,0.337949180452354
1,0.935012685564716
0.0771415214572983,0.22821733802933
0.648865134051909,0.846954157272934
0.0880230450515389,0.47469897754658
0.159042390069378,0.676120042685426
1,1
0.781534713651213,0.902086195058773
0.686056813979567,0.918138761091205
0.00221729681763552,0.00610060634467677
0.00143302047602293,0.0878430211951038
0.407500471595241,0.887665982518087
0.520072543243722,0.533343131518101
0.357213292558814,0.524182817067238
0.46006776322793,0.706438675622871
0.0184377532084953,0.0403341177277581
0.0120059993521431,0.336934645731047
0.269930548530321,0.562203910841294
0.0152433082676888,0.0653147057432076
0.191789197747259,0.223857681518798
0.0886070133397122,0.0909090909090909
0.132742252700679,0.505489078984759
0.0131833310274396,0.243399614691995
0.686292132163211,0.836079467323408
0.0233696889342556,0.3291558259683
0.00316599584280313,0.0163915743867477
0.630060384635427,0.817137750495515
0.93308461370901,1
0.102953446419745,0.292085887460641
0.253672937521263,0.464448939125852
0.365240403348627,0.731898708064079
0.0359205184890692,0.0442762593049706
0.453703690462262,0.938056512106582
0.230429425496899,0.324052175113009
0.674092831654817,0.838595597014686
0.365862052998995,0.530446961860206
0.00207468794549372,0.0160544092081285
0.379444558719152,0.664391432708626
0.364036935229693,0.777149774364087
0.48372519861989,0.729687626921531
0.869671417712637,0.957196143653425
0.387254417361298,0.637061175284972
0.549921724491815,0.803424045548533
0.248628140088907,0.573604295461167
0.0496897627733959,0.521111351679274
0.1544129164692,0.333333333333333
0.0795459552473204,0.599335354860019
0.195115030538991,0.639847672733261
0.228683643598273,0.574937538784511
0.211272602228857,0.328962912500033
0.463318345177116,0.478262302347653
0.117106121089898,0.510506139693038
0.263952211014298,0.52265631941364
0.105132074211135,0.272013174950682
0.0052310985764832,0.15451620416294
0.233126619647934,0.597374845596744
0.407456029946224,0.384206760451083
0.021920566652085,0.116162357483
0.579352303162979,0.861723396994946
0.0111081261678549,0.367007175988233
0.00371259661402402,0.0144927536231884
0.744827870343225,0.767403761727574
0.0561678151903731,0.0634030586266398
0.141990670601982,0.315664346988186
0.648080138251344,0.846688065213303
0.752571002472445,0.84626052114531
0.0835728681133253,0.480497610500298
0.0436526688906372,0.0821937466336351
0.42995733311751,0.5471807272838
0.022251872268934,0.403536052571496
0.0183792688683364,0.0314544317831002
0.593155174098413,0.815176614394238
0.808490213721585,0.836956856413178
0.891907218179893,0.957590586725049
0.00165292165789289,0.115207922722608
0.0285681855021691,0.221114468784432
1,0.975200348790763
0.0187497836341203,0.103489132441341
0.00768523552215172,0.0508390488156216
0.20660312526443,0.622563436687347
0.474708150336514,0.775429185940901
0.0685342414010361,0.258257507317643
0.113661069929711,0.603802931996215
0.545177694207903,0.618453592540818
0.925847004664814,0.878631286670376
0.644262734530672,0.859608743198736
0.210747190994222,0.424604997827925
0.432390106622711,0.539064879641174
0.170991973346925,0.485165902302235
0.110343396913493,0.732932495554949
0.335701009651828,0.332495131035569
0.550504517412893,0.545787242608401
0.516190653991566,0.930353668986391
0.735800523304591,0.832856916522458
0.0194949118869525,0.0640309279931236
0.0454025396866295,0.363885740105527
0.179850586324488,0.347429102982138
0.220397081436055,0.496525136563705
0.91491222818695,0.95873118506866
0.179457777772236,0.330771818165661
0.185339965121677,0.495267284988322
0.516210763362467,0.78884554436094
0.00169620778285415,0.0348997035773166
0.13006688232029,0.405099945398779
0.662288002969857,0.970594978087507
0.269415700021095,0.364523888707189
0.392476362871601,0.736432954068336
0.493463424458978,0.825898719642472
0.0608817296138241,0.64691611818086
0.032841522214067,0.0689251909843821
0.0202645785625982,0.117246503720716
0.4163659738272,0.748545812681367
0.264515873781296,0.495363921191138
0.116805182637698,0.434493139598824
0.0480364051110739,0.203879541118958
0.469956450202723,0.652182531309364
0.751864359232845,0.938637434391171
0.754819085517663,0.553891875751532
0.447355539629435,0.483080735594239
0.390753490306563,0.703642357982645
0.404052564331598,0.664850046033537
0.87733007775625,0.959805555320994
0.47003967324032,0.943747893419978
0.00455744822083344,0.0373277571615507
0.0209464419302042,0.047812140266256
0.935887333363531,1
0.0202563469597739,0.135558072117387
0.0309588984608259,0.21244977780466
0.321547851843289,0.628000542757943
0.487687231762236,0.0584696248025177
0.722957908577916,0.96337382654406
0.249947091610863,0.534095276524579
0.00427350427350427,0.0256410256410256
0.363127430695238,0.593452222299101
0.756034933651305,0.975644695225733
0.535751244411913,0.89603812811729
0.078925570081406,0.00925362488689448
0.0552192415105725,0.377254063329218
0.110965836701628,0.636720221182275
0.972328507926249,1
0.372264736170259,0.38742257020007
0.215479145654778,0.727079342699521
0.00678656775547856,0.0169491525423729
0.0368906295636562,0.207891581268353
0.57373057811698,0.964214573337976
0.0853701744721046,0.254494766088297
0.0677026353055047,0.291500355203462
0.151460831750947,0.322034709025442
0.131130865700106,0.278180617342799
0.541517755078094,0.788515976975985
0.561380099904886,0.679023169355284
0.605548324579371,0.758704970488016
0.248031700319763,0.560973585543458
0.549031720999719,0.849647672220979
0.138039256510801,0.530998711141582
0.445866941900857,0.696629705129843
0.0065584864055926,0.207693943148729
0.030391996728531,0.0845246468846344
0.0403364401048745,0.0923605034541505
0.113847496513364,0.869846292118577
0.104422644520219,0.445533395123046
0.0527476446972076,0.433698928204587
0.0209571738611338,0.146682802494644
1,0.984199514684674
0.0799465063469123,0.558591004463193
0.139618492136972,0.457870996857435
0.163859453525526,0.551377226384245
0.0310003527122959,0.140422566102827
0.35043351284407,0.666273722770308
0.0436683015153113,0.107595075845219
0.188238091992208,0.267687616137274
0.529104121459307,0.542868505228676
0.00417923034423193,0.0985786931073205
0.0014403104508615,0.187638442167114
0.0292321796010542,0.646896674266993
0.0117853541638644,0.395480053598441
0.00883906332737752,0.107185441429646
0.055214427071495,0.170571083602243
0.708364328667981,0.90896966908805
0.125070316454129,0.273059589432025
0.0598662975483894,0.184097833246368
0.0044234929847235,0.121551450541588
0.181888351617541,0.502087378585582
0.00685110095062666,0.0335516433241666
0.320094709364278,0.573778008464282
0.348091711535338,0.164971223487107
0.00265426611881984,0.0356109861803785
0.913151630325943,1
0.487076248256958,0.697166439348102
0.228553021489543,0.551554221701536
0.476107832690416,0.715778235333222
0.313292776521914,0.95934257680525
0.00964145474374338,0.040069578422021
0.208612639637659,0.780901925027824
0.0711862809703641,0.132280659511031
0.774215486820744,0.868369991926352
0.0242759374859721,0.0682691051137521
0.209965760499601,0.441145888352436
0.818260748868956,0.92809782891564
0.395789881258315,0.696457811668169
0.796960259611165,0.911595028061417
0.361474174678872,0.716550200600461
0.0940854046986071,0.163318623450998
0.175157198005914,0.477990853646486
0.183353716384398,0.327412345921749
0.988510178310837,1
0.0640645997715402,0.112018567868864
0.0279071119322884,0.42496853713847
0.168262398960452,0.648722214784364
0.489729589348575,0.610124916780106
0.700636522473576,0.909045991951036
0.123183776014819,0.378094391804881
0.33639050573233,0.718392288062247
0.208404680663261,0.214206609219239
0.406143247003972,0.678833392055444
0.0108804339317826,0.0343454788428808
0.0336231343630631,0.444874138572046
0.503412132751516,0.41435667013247
0.0814017780248718,0.903326317745683
0.276800242445524,0.592495177273065
0.0718266738657398,0.725830822238438
0.164450240928291,0.587185676331395
0.990775756953694,1
0.360100551555849,0.515012480289387
0.104976434019961,0.469813122746641
0.382558251097249,0.495176042824305
0.141340450572542,0.338274820473847
0.145425296104432,0.436053765035557
0.0806882366353698,0.511672215881041
0.57476307292269,0.776179318240245
0.153051643358166,0.501444514918238
0.182166224527791,0.374351757300351
0.414895852038966,0.73971227012398
0.302467485902154,0.438779262996178
0.00595281994620565,0.168597609388159
0.12397218203366,0.557915496724276
0.140273841123215,0.351613419428574
0.364445246463311,0.529988204358849
0.393562406505519,0.804602644879841
0.722008845947513,0.789316453402844
0.304927354215243,0.449965966278403
0.0238773746377269,0.217629372932211
0.0195100269955397,0.81919118610015
0.140335638455652,0.0490658965518184
0.529133645660338,0.755760831321714
0.48678863132348,0.852109146953481
0.170464568675381,0.43360867983056
0.169853183889582,0.36918671521672
0.372369385752465,0.698202889327819
0.397402776853204,0.785556464541542
0.833908706016768,0.937720691182485
0.137331423108595,0.289063231821532
0.368908575658215,0.512335466728548
0.372511355669727,0.562175336128168
0.0165680770054465,0.156543643274235
0.192861607116832,0.419179116511639
0.380232080657709,0.39617222114621
0.359456991310356,0.598495993153206
0.0398745030244897,0.416970343384863
0.0700525192924216,0.204724777688102
0.0227884914464206,0.229055423873199
0.662012626555169,0.846086322611309
0.225509875538277,0.289536626712801
0.0811604489219087,0.511751435167377
0.141668651236819,0.48100082132958
0.0722440311630715,0.173941759826054
0.0734110314568486,0.278070718321909
0.196378478453448,0.775331090783706
0.320239021214791,0.890538335066016
0.0523105823022609,0.249211953185664
0.104708222549792,0.236622549969358
0.397964701081662,0.421337672904632
0.215666787169538,0.646545666894726
0.115401339462398,0.457932708544345
0.467577328445327,0.428213559506985
0.258820475425672,0.369738114312047
0.153817962314775,0.453299939423908
0.215968472136111,0.2880945913238
0.107634915005928,0.488583589880287
0.161280813601662,0.0725387417957463
0.121680838627595,0.271135140800868
0.271403221244624,0.235281035973509
0.690489971869702,0.909781909211493
0.773073047852013,0.872641970070247
0.0219848895591467,0.024390243902439
0.0337444659569423,0.856821325529755
0.226643357146232,0.166666666666667
0.433679769739645,0.931631113063666
0.601471971523488,0.871401652277496
0.948994565390045,0.946142881997022
0.414715194287731,0.844094584395544
0.611961051434161,0.9409352682532
0.0368668320062428,0.27514585270219
0.13659263528053,0.658658247591993
0.219359449338531,0.133938839822355
0.531063088707176,0.748479932900142
0.00847146450158749,0.242349064969183
0.165888520621288,0.561057057697066
0.472730135791039,0.951178987399069
0.466863605916352,0.734033562227073
0.644060671267529,0.906055461254391
0.543098100492803,0.822884161002944
0.0110885403887057,0.0886154467195012
0.0873204915500967,0.389563698208301
1,1
0.00202181242851466,0.277667943511933
0.00799561698561299,0.032194234515448
0.194752907551105,0.345674052920714
0.553057377443443,0.789018748524967
0.0815299116584339,0.510248192192735
0.127592299302344,0.815639419882821
0.947341340208912,0.982734485946172
0.0198340637635189,0.107616364724631
0.532811883027543,0.917550824504697
0.016752144822278,0.192491705573173
0.931020175379512,0.968845745716325
0.142600700373015,0.165833285274855
0.246301704820092,0.317907459612338
0.121728541092054,0.339412584326237
0.874554488278524,0.996399523173576
0.73910808306054,0.818799241834966
0.069381780803046,0.364557157323516
0.614000593185987,0.856050052291341
0.267168927636915,0.5
0.440430223057794,0.98116952711781
0.345316491650287,0.756054449900049
0.0150144193931732,0.0704178962542405
0.674386540871347,0.900728000911793
0.284052939720537,0.43131596990339
0.648224389289768,0.831165907044207
0.702479026892277,0.623393814272968
0.0156040249239508,0.0821675991825176
0.477191556481526,0.897649161571776
0.0149613627150889,0.233871078287371
0.370412599920493,0.56506568494941
0.221554753474067,0.553438812992881
0.131588201623916,0.303212567166924
0.150867491170854,0.206171480629747
0.305687654172191,0.698256060976109
0.310761328723113,0.553195674349027
0.0011351767232703,0.0825968117293922
0.963503289148099,1
0.456205271299991,0.701060591596156
0.0839591273924662,0.299326518261264
0.247782610251556,0.233436886698246
0.260034958207064,0.780100827057277
0.000911578381860272,0.0917404041728157
0.392666140401945,0.747405456561467
0.590939776313778,0.724039911040119
0.0441094574970644,0.27855305092838
0.961492828635943,0.984137385206228
0.462887661832749,0.364615498986221
0.135783848922537,0.384436588300205
0.510903757409165,0.645987371760037
0.0552186169268959,0.17021020945688
0.0438052107092486,0.176088052251764
0.256359612926679,0.502117628261348
0.0773274482048075,0.0313360552978371
0.552037323676608,0.825200623811076
0.00250148469349674,0.0412180540254034
0.17381106243786,0.254785284249685
0.103921658430327,0.636249565739467
0.506682813278213,0.807083824560528
0.0369977119948565,0.846023727676025
0.0510141331466578,0.323499447265741
0.0405696495306871,0.407165522001854
0.713144954737087,0.949939581402138
0.351328411298745,0.554658977429678
0.821465507686053,0.967238212885455
0.526322653411125,0.693822772976117
0.0174024228257865,0.0286446742287404
0.00878517405375803,0.304073422830799
0.1776911866031,0.230189032759254
0.104104946032369,0.321422470058455
0.424346119958933,0.693775324784215
0.0135565470169163,0.110760579109134
0.00885035193419874,0.211875365635097
0.66915625255137,0.822549383085691
0.549701615318145,0.722201591782508
0.625896714843522,0.905050860074003
0.316265492253737,0.649355987903585
0.0123292313054474,0.267559867935368
0.236129243124119,0.295166088136851
0.0123361017141075,0.0460281122490393
0.29465421166733,0.716224183760799
0.133477625852098,0.425556128595742
0.273413377202512,0.552063229371274
0.00253769623224104,0.305301697633426
0.10421550878866,0.425473450188963
0.196148606808346,0.37933707165556
0.176581631558391,0.598944333310267
0.887536258545362,0.951202911881423
0.131001884605411,0.469312584417358
0.134978920687637,0.695818699534317
0.00684931506849315,0.03125
0.144935551547967,0.490649564001831
0.355949005430362,0.813042208285617
0.182034817140615,0.807492391645809
0.00206193876545134,0.00391208119572366
0.00463988592268635,0.181610359127799
0.0877230371275026,0.591677938246067
0.0130999912479819,0.79756180321118
0.301096762901353,0.617355240751365
0.00756146739556758,0.332521362994692
0.767957331060986,0.569398293192745
0.235665266243198,0.646633238051671
0.0930395646678297,0.45843122303487
0.0234309597646523,0.04
0.102952993047627,0.438802217730391
0.0169763856745074,0.339546699818934
0.498259211570433,0.885213540494468
0.494813762645153,0.825197949398396
0.338512060319373,0.821864806777797
0.500503787922903,0.71536927693013
0.103766789699193,0.240123711911665
0.0185116908864984,0.0578357337259126
0.404466867690824,0.531925443259637
0.273597617323564,0.459733654051232
0.379686109683583,0.635238574847692
0.813511038692491,0.881937128238048
0.177341689046928,0.0463519995743182
0.0786435551871025,0.42043046601566
0.0320121385018544,0.387030056391851
0.00358150989156912,0.253820762648649
0.424531871606462,0.819286076914628
0.126262214114441,0.415670884549232
0.37053513408457,0.612582713619859
0.0433912604107401,0.277927235065787
0.0269520532380425,0.0385587364494238
0.343141112992707,0.729289592602961
0.0285395318164364,0.229433994854309
0.453659772320846,0.488013923377176
0.588517229637441,0.832991438842955
0.022114539854195,0.0894103983394226
0.0960726234216599,0.472542289854014
0.120202073319492,0.378996505466231
0.00127613763532193,0.00729014106862635
0.733466914954552,0.790341445814345
0.181143341375943,0.230337483477357
0.354244635085444,0.417061342202971
0.630102188251344,0.816864438424801
0.198096347521289,0.596145672411179
0.422427564659641,0.903619024596651
0.259764993211415,0.637883538434197
0.296418046082537,0.964612236053413
0.615672470235819,0.931087553297618
0.0332665438032221,0.335322615950882
0.643384793770056,0.882857830192624
0.192816750845031,0.702124013676669
0.266947442207139,0.663721546167123
0.112156988337342,0.200246130920901
0.255117533838768,0.304527002187865
0.430234824251088,0.647711148344439
0.0678788736570207,0.529736120992047
0.475736152926361,0.653201616882613
0.00938663674911865,0.0160837521548529
0.767394752629547,0.969512265962371
0.00296754834753353,0.145338582297236
0.063770005333682,0.715429571556507
0.941170824237313,0.987414308637316
0.173977901222736,0.521267490499652
0.392751641272586,0.855112596603036
0.0234211067413237,0.189685468171115
0.0321320267313205,0.222150923014348
0.0278393979680793,0.0814093669598458
0.357355480504822,0.795045279511206
0.930401614354853,0.915222075522109
0.252672188962031,0.879492415719885
0.412945964208506,0.700068467614926
0.0204550234015052,0.0879660218665271
0.0733501098350546,0.26256341631894
0.0628889720488847,0.627468013786226
0.223505125021418,0.52577651327671
0.00851529117123087,0.0344827586206897
0.981893679023132,1
0.617284517203253,0.89949625346898
0.216696322374049,0.349888717737464
0.0947898701414233,0.411885636036905
0.751393802536065,0.844000912681432
0.374182220545786,0.836664870874892
0.746506990749478,0.940765208048001
0.67429216980607,0.727414945614288
0.27209435537273,0.515355408590079
0.120563774982837,0.695531665878386
0.0435505113179231,0.889830117778962
0.00401606425702811,0.0149253731343284
0.0353265255064137,0.0791342298172528
0.760821803302988,0.984028348543309
0.334377554530015,0.920280528044779
0.142683890296,0.40395732559659
0.441758085536014,0.523842323891528
0.150030990938862,0.585750477860118
0.119422647931318,0.582192080680453
0.808708614196984,0.940182552484044
0.486183274323024,0.730343524991445
0.703299224666592,0.67385067558353
0.659890552376718,0.855436234716766
0.681121462836019,0.814581364833187
0.738349215547638,0.721792390259221
0.38523152661821,0.782740803904961
0.163015555502252,0.330793070883442
0.427298460273413,0.553186102243922
0.697907939579315,0.68486848043155
0.163986177601372,0.276922617391938
0.389157538525675,0.595808019249527
0.316464996981885,0.754622975550825
0.188741498010771,0.373928450669369
0.0173362821865734,0.184252083859373
0.243295979087572,0.543819009726143
0.241916405813003,0.717963933229485
0.0424515435173973,0.375239792750167
0.0281089019034212,0.219175057822603
0.00983426435459117,0.0969233137633478
0.116621802769717,0.414301825333171
0.273581242295728,0.582922251446967
0.546619014717425,0.658055522927556
0.500673623260737,0.728299369744385
0.0324328239500013,0.174301720713322
0.174438985248062,0.359883256515785
0.493286379554052,0.685687980252239
0.0197758390979854,0.144516855142087
0.605175396226392,0.921081096781349
0.358230604725902,0.783615688690171
0.456083783394155,0.875191455847325
0.184438879754789,0.440911673253303
0.776724623543131,0.872551382840705
0.0440341959302099,0.313123147147917
0.510943421495743,0.619834202674394
0.223576939030559,0.476212364288905
0.691712351579107,0.757588400157556
0.498834153624126,0.570494043570528
0.571310641285262,0.792513563857024
0.634442547119068,0.0105120974895607
0.0340673225143392,0.0595070160481763
0.130650311148681,0.344320718437221
0.0415551274459017,0.561834951847187
0.0961412449232635,0.165417036313393
0.746621910022074,0.969816672816969
0.196722318158827,0.609765701042726
0.123111143391679,0.391125591209139
0.633877439774937,0.843895204762295
0.570524636369989,0.827347211933982
0.0737496419531381,0.207302478954545
0.302466156731011,0.516350933327249
0.366181760389104,0.691775580256452
0.187442765455562,0.7919902415284
0.823922884698354,0.941035309479321
0.888709299542107,0.966778755162576
0.788581744451726,1
0.95176356590472,0.994528562899281
1,1
0.196934371153125,0.739951749948991
0.459349271625358,0.695149018946162
0.781366823806283,0.931420472514872
0.58758427796522,0.83206222617706
0.00120807727802723,0.0177899064730135
0.0582751946585272,0.584590797056698
0.64209381287917,0.731486668108675
0.0366356579443837,0.109773028543902
0.698384420899153,0.938284087753061
0.000697854310764207,0.078843783326223
0.0119722624930597,0.0596095363111686
0.594020910131323,0.982209497657666
0.802571019308371,0.950827796924315
0.12308627069821,0.463405821908205
0.108731962637368,0.41983325313117
0.897630369252026,0.737691854209808
0.184940398958415,0.292626484501232
0.00428633930402547,0.0608342214753515
0.035137807954326,0.29843701946402
0.579047396970576,0.817895308211535
0.0173977968453031,0.0906058810581091
0.178170067877501,0.869474837391856
1,1
0.697024121735395,0.797721415678643
0.382875420638878,0.248740893187364
0.797652316726044,0.993403114962274
0.0536072199089965,0.0497395505107818
0.266556482954988,0.205396025240935
0.202734059011237,0.446554737326105
0.0581618577798171,0.03125
0.272035696925996,0.544251599762358
0.279233600763273,0.51529839927594
0.150896015820409,0.747397327651222
0.570859442101785,0.891704813096399
0.669552380554601,0.920453205027583
0.0219202172056277,0.121282037867926
0.291572149359146,0.79544424551786
0.894452223624698,0.892948076008488
0.0949907657204351,0.502689516185441
0.145822040721284,0.0472166820451468
0.021798948384914,0.204669159862731
0.065679614946936,0.0588235294117647
0.0674301948053542,0.408994619682764
0.13168957104756,0.594605736132612
0.0412550904546138,0.562735498130656
0.0674347545905974,0.0679328516787967
0.395459841241171,0.538213952973221
0.0551858599123287,0.589482514903549
0.137341398702396,0.412813063975211
0.235509841635945,0.534436346797134
0.670755873139026,0.0386668914249405
0.278840037511387,0.51617708397182
0.118338708839877,0.74865472140622
0.600041951748046,0.777523102705809
0.693132746174893,0.575664166540073
0.278879271006985,0.664081473704618
0.950960967638442,0.987636960263731
0.0103817120084225,0.202123988992664
0.0410436547532256,0.408286376434413
0.292274044202559,0.409675811486885
0.76847147654994,0.964999665951548
0.0311231818363631,0.421160616031041
0.667068886228093,0.950260599635825
0.350119394311098,0.687349459543472
0.677510970350833,0.777863875766257
0.181555251123473,0.528305077385203
0.00786605399253469,0.0177846846845803
0.0713429406692268,0.283009825643206
0.0379543212377293,0.145656413169329
0.0298385523646771,0.234591496123635
0.220543070092005,0.490121216601063
0.278332990157758,0.318768166102353
0.0914641630601962,0.225666672587649
0.269370036675857,0.668457218658515
0.130422516175791,0.357737326068661
0.265586692049154,0.530141199371393
0.163342853907581,0.506919399708972
0.0557559738152945,0.13703694737855
0.0288876558854747,0.119515411958863
0.194167980020686,0.474954935540686
0.668101506982819,0.766888173656682
0.548148464096078,0.773949445578075
0.846290405234197,0.903376596435556
0.676273478282322,0.925019602338226
0.401041109091276,0.573039231709154
0.598259685250998,0.0931272446826385
0.273264997570748,0.667108767760779
0.748641563961255,0.833474855020696
0.325519875787699,0.588677936589536
0.0632902061340659,0.274838052201307
0.130993994278885,0.597991502778768
0.672214513635508,0.64045774278433
0.163612974029001,0.913768073392781
0.182792138372118,0.768805904070709
0.306256829914399,0.877775879664419
0.0676021667374904,0.284374233765853
0.0273955409555964,0.285544926765066
0.034118769463181,0.0742165056301604
0.213007384329194,0.56620211338891
0.198027551295236,0.68716370728228
0.0563618110928765,0.346403690572524
0.175921511148314,0.203135729485473
0.275494046417751,0.407059844169349
0.241621899281888,0.420937622140189
0.597601296412192,0.882450875879047
0.0338561984143788,0.104052364233956
0.158886097620939,0.254395340305203
0.567185576331806,0.669701889773279
0.113166807632455,0.201732389031553
0.858590682134541,0.961104316935285
0.857230105557337,0.952298370258766
0.616194983623697,0.624347341941985
0.628513985250984,0.857439590139031
0.595664481401637,0.68788098189311
0.869477947612693,1
0.107205454823486,0.410419524659843
0.254912060471067,0.801254727051542
0.100485292240873,0.104350464648786
0.824902498152866,0.886590063042665
0.161835759100841,0.484794556543526
0.183535835515743,0.450396701193496
0.935284731631155,0.988410172740557
0.330305481307598,0.610853128319755
0.224869206628149,0.639600046192334
0.0145765294631892,0.11375142427594
0.00420750108026061,0.040605768176368
0.312794194496269,0.629483359753311
0.225589377403617,0.808974625824772
0.114617355439137,0.594127216037153
0.0268267180636199,0.188466883058852
0.069064400477234,0.291257680222453
0.685670877478655,0.83517965988174
0.027276321465819,0.301645100230466
0.0784138377100951,0.370033976225092
0.628344570667699,0.862586451324381
0.531589802049652,0.956802279684247
0.141307532681637,0.487704464118221
0.0365948646487364,0.280933491329093
0.392004744593683,0.670670635743918
0.612514800327342,0.77122744561364
0.81391909287412,0.911505772766787
0.047082512910676,0.140213887567559
0.666966121209398,0.860543591291099
0.00321544679558293,0.0495311338590184
0.249820741386743,0.513462774898822
0.024158343147617,0.67904207036291
0.306918854845947,0.911592101219397
0.330692776229074,0.630157807749932
0.214793178064941,0.712521613343141
0.288136825363052,0.432001066681104
0.139832802746907,0.680774688503177
0.945512740657049,0.785862713187642
0.448228626155925,0.852552831182904
0.256157082009686,0.901331135295487
0.370930351654421,0.638973192182112
0.31963499754935,0.498554332088893
0.0183017371828555,0.0438550019255556
0.620524260559787,0.947908732807732
0.600061532253141,0.766532176652963
0.660951799813862,0.796093083752411
0.136591565625155,0.194092136583577
0.968739777845226,0.943719707867115
0.493855688562232,0.538185441483568
0.0740183883998846,0.796192864007674
0.0595943546061684,0.339206871959636
0.392264664725875,0.90745954085972
0.427100026323656,0.807091979287011
0.0463976127069363,0.164415296346653
0.00518041439441209,0.261825481889724
0.697372709611128,0.948435827620086
0.497918237141696,0.641046119804683
0.634537339773652,0.919099029877688
0.169336005377853,0.529257942189666
0.180855028988278,0.430964380686991
0.0288332151001576,0.259511246283008
0.398673200447603,0.878538778991677
0.000778756656451622,0.339100266438282
0.873380895864226,0.994931533591703
0.529924356343798,0.457675404324505
0.135760604366982,0.606865888931582
0.0779061528549704,0.348117637064321
0.224102462552124,0.603339090699984
0.394885256241066,0.715823905471399
0.175439021108843,0.923483911733606
0.530710621488211,0.87125869909839
0.574594790085328,0.772971938105566
0.112702040723678,0.393666209465122
0.86749288689566,0.872290823122689
0.405142446268138,0.914049378545842
0.00297714087904538,0.0934588344203823
0.0507501719760447,0.00705985746834708
0.847026744040902,0.941625835986149
0.374847673268509,0.609332504068013
0.0124373203582953,0.255408722231042
0.952721624165726,0.985665544307315
0.0446490147258977,0.410711498483425
0.411764554472048,0.748674590136304
0.447047323644641,0.579339420620602
0.163646609894401,0.517648374712864
0.0101010101010101,0.0344827586206897
0.144095674923577,0.525414660270795
0.479543666855914,0.746807937871964
0.0494939369284715,0.466770871751313
0.38389823247264,0.623024323995548
0.872086127720494,0.930069984810472
0.842241813141222,0.723818534933314
0.186111980668127,0.467268021044799
0.09211004395777,0.109873407375215
0.655081411055819,0.835739793566202
0.178649415046842,0.0094848978081699
0.00228832963585613,0.0514389910612909
0.399426835425668,0.882696462588586
0.114148699207282,0.239738430822132
0.95095089356014,0.951325982165504
0.00924430947474038,0.170636822795514
0.154022784563686,0.90770009004843
0.0227538650170648,0.279749915873209
0.756008029473874,0.932017551697292
0.137912956332082,0.280614977751186
0.135860256524739,0.574341241721311
0.313600379878539,0.579677503086742
0.0344068392367052,0.121694000480329
0.715898308219611,0.588170955413932
0.0117151395493709,0.768513862551862
0.130910192835913,0.466855529388075
0.0119114222119274,0.0945966911337674
0.0611608871804792,0.475858921093349
0.0734872493561274,0.314932070460941
1,1
0.114699913697756,0.322895554731973
0.479251212623313,0.836920340653058
0.196609674898394,0.515487267427586
0.0871084962710261,0.358813637767467
0.0420932493667296,0.318680597430915
0.512492146220783,0.725946415604247
0.109575582913291,0.199649036015645
0.151791382461939,0.802475108147073
0.0930776326878038,0.434332875176853
0.00598791047180621,0.104926126129417
0.0184356826892757,0.209824570377389
0.661391794341168,0.720607062927845
0.0192864687225532,0.155096551100569
0.385534632695656,0.427255797595744
0.0023422922801738,0.129050038751268
0.235150598023959,0.341545680068589
0.133588423165244,0.160947088382641
0.300849040032711,0.466045960705907
0.025411453288131,0.372960459584016
0.0251840587975301,0.0812167539566791
0.00142501317287399,0.0218466265267585
0.22090984810202,0.56478624368903
0.190337798022048,0.300203518181382
0.0104661700293004,0.289915567145972
0.0954304990645454,0.400994628744907
0.537104423782521,0.765679517200631
0.176257171413148,0.341882824121962
0.240495442585192,0.249975980500395
0.34346957499656,0.660994998282017
0.0498712210672817,0.469190895906291
0.515030744398776,0.803958023878371
0.00327670779483015,0.0257521128636756
0.0177863712542111,0.120033164456711
0.674168216043345,0.915611304965146
0.191242418922014,0.281429004763557
0.643718208060564,0.724114966408096
0.133645707214662,0.190406320611348
0.808540281002949,0.964656812709983
0.666112007696906,0.981835261083077
0.22181671853033,0.515946266850845
0.0582587934550031,0.319236216624391
0.103940030743521,0.628864487699303
0.0173685308826185,0.0515363972294075
0.920481265238413,0.924750792569171
0.915150556997768,0.966383737195356
0.820861915946061,0.945980694653012
0.0112105480071851,0.432635102393229
0.193779795712224,0.567991427706994
0.21851227908311,0.471179768763297
0.673074096627806,0.815297790022398
0.837165299776586,0.953261582996702
0.192153971981909,0.405633660866547
0.66287010305709,0.749427345075213
0.227175980015189,0.49792738023549
0.963737584952792,0.997974325442997
0.0238587327101782,0.460983014483689
0.0722516623837527,0.864399627036608
0.459672016480664,0.641897290420999
0.0920590859459578,0.129983024551398
0.523400186449156,0.972580121111516
0.274037077823429,0.50983922983884
0.715770320453058,0.729259111112537
0.0919398432409576,0.798950443050087
0.1027264874902,0.439092711697727
0.338356888513622,0.60833672857453
0.201138841543253,0.439507686794513
0.12440744667249,0.294235466704034
0.114531883296355,0.116109681447041
0.460794486638973,0.638850268645109
0.15176830462564,0.273432961538991
0.0234791330231649,0.132689943970961
0.0653161888645241,0.578550045518746
0.501579582114061,0.700523424757462
0.0556189450035495,0.218400399307576
0.161223691074031,0.429076216310706
0.0139973680915533,0.1291332291409
0.132204103379905,0.752269722392755
0.0702119081826994,0.435999814786506
0.3238462618265,0.321385418647467
0.402192678929648,0.779525975050096
0.0508155527644125,0.0990376554724527
0.93577130574924,0.995504112076584
0.0543345447774073,0.165787379721737
0.254099815547082,0.606103765138683
0.248827437264,0.696010573414531
0.093871602089592,0.642912974102759
0.250235416798138,0.617177279870428
0.517283161014299,0.555797194117589
0.153287698715862,0.314198472002252
0.166591690922995,0.530276077697106
0.237132476583932,0.418688995956597
0.303279770937194,0.53425378309791
0.800990966626608,1
0.0111638945522628,0.290838678977079
0.0626764751376863,0.404194027453829
0.164425867966987,0.15279137463971
0.301847500523467,0.49165265796835
0.281725809156112,0.588869238714465
0.29126785820335,0.455490118142974
0.202038016256732,0.418781355612188
0.0351075952410513,0.481761945744222
0.0260872900861077,0.192523310222669
0.0874018241699686,0.465832239063399
0.178714387112977,0.362706329122929
0.711386158407172,0.756816737088028
0.0734841215044321,0.104616681832134
0.0799768844940065,0.511676271794477
0.0087839469581198,0.0709998479853697
0.0755296684118765,0.273006357235235
0.0558535700444804,0.255915439976751
0.657257286371181,0.776446744442649
0.989672460931399,1
0.510596856601109,0.709032065630821
0.0202963420152523,0.487379270716907
0.282949056552758,0.923266789817696
0.925753328854602,0.984827755734033
0.18139773644569,0.946844148920506
0.509300678089602,0.799928678560243
0.0830072098977908,0.903402335125809
0.318922105450533,0.535953602428131
0.0034616286385271,0.0276921596997875
0.0203246137314682,0.280630674843804
0.282239671191121,0.760135129829368
0.587272573597375,0.834029449805685
0.120050934052778,0.437763824888211
0.189179682394206,0.294467564100129
0.559176486130218,0.601774632803536
0.19518755040513,0.164340397384328
0.81265821158111,0.961296136387806
0.768218851240021,0.983996557023488
0.182365515045552,0.666509419054502
0.885930728243871,0.95500236915806
0.542651819818304,0.722925784488404
0.198245642610057,0.822767080931063
0.424899336189525,0.793380176230453
0.367952474014038,0.555736301578106
0.346410011869588,0.528795208434503
0.00745716433245461,0.0495406776185675
0.251719607479164,0.690175614055078
0.0471005276689739,0.0998626445653684
0.846475480944721,0.932926335811966
0.00629236656099601,0.435733326989886
0.00601851262832134,0.101001213518218
0.0262080627776655,0.397531135501134
0.144174996703377,0.857604936091968
0.160859332391605,0.380446530387165
0.0424916994818608,0.11307743603227
0.755520707997467,0.825942129517772
0.698023630499986,0.828069418807515
0.0400953681757969,0.532791403438914
0.0971007571966033,0.397258354269481
0.661910712595045,0.836239478279424
1,1
0.661883762482585,0.965634210747951
0.990801171491835,0.984263966962933
0.655483746934229,0.743872456496196
0.112452385439266,0.289158302456343
0.109985022721266,0.682084400156907
0.155622304208715,0.87133987221946
0.309198003149428,0.603467030672544
0.477816928086378,0.637584615832408
0.0536442356112031,0.304088539839983
0.385848688646068,0.656688900098595
0.015699682964459,0.199604387784236
0.178264775134814,0.938078740486603
0.0260161218695756,0.116738785858117
0.00164725702630183,0.0371339716351352
0.0189146006788157,0.0416666666666667
0.0158483532745435,0.0853859397584141
0.967168897034461,1
0.201840291184138,0.629355816615681
0.322293362749941,0.61202274297324
0.0309088652970254,0.0453067180082094
0.0838727758496104,0.309386173944268
0.882237728124829,0.901664919959069
0.152493461286735,0.377312753127622
0.285895101227231,0.632499991203486
0.471304509834346,0.819985945210511
0.271518604149908,0.688137947713341
0.345209589775528,0.735207505396007
0.158554450198458,0.548394067882334
0.335065107561718,0.882965853596018
0.107914027847286,0.465503928609581
0.536719889648756,0.750548833090291
0.178998440993028,0.321726769141601
0.00175898891464038,0.179769714706908
0.554486708988891,0.782975357499449
0.56318613285073,0.882310469634558
0.0223353657294309,0.471731884048352
0.545184078659529,0.777527229767216
0.0400358411152376,0.0307410934147593
0.0245501200768753,0.148376323476145
0.177235207924369,0.499361001853703
0.399907930981239,0.582954245987911
0.00631185807732036,0.0136986301369863
0.402433057044413,0.665053951098456
0.012690502839792,0.1283261148791
0.259498747090887,0.561027025894372
0.469248569240027,0.590403357148829
0.480282918253894,0.630611721442563
0.853644286251352,0.992174566400376
0.00274098296807403,0.0118207763490928
0.0119411941907616,0.0619581491574956
0.0392067985592783,0.244928737769995
0.786998059205327,0.868196871613485
0.345674655666995,0.60186083120541
0.0304648863335153,0.518761237470855
0.0332394670072667,0.049474111067531
0.058747023959716,0.0416666666666667
0.628937220177836,0.736809381694993
0.149031555588003,0.185159967674711
0.00182158870916338,0.128530739543868
0.353039229459072,0.536117394011571
0.33979648594679,0.627930629761304
0.364273933286245,0.799266008144591
0.0027861216635752,0.0211936214986886
0.111250382033036,0.405960687240937
0.454157407990644,0.460404218789152
0.00806223500701161,0.628590375596988
0.881084656827888,0.99554416634578
0.0971698297383484,0.762689492008411
0.0208807898850784,0.253681819801107
0.45551025988517,0.395963401643365
0.122491245072877,0.267906548346581
0.0248250841901477,0.232275952447711
0.115410699564391,0.197243182539815
0.0336494280184448,0.189742217947597
0.872922494066766,0.864964306019502
0.514427911521488,0.615256065671509
0.926490684969647,1
0.622732137296498,0.919343559828053
0.172692576200869,0.309141929528504
0.00852112731207853,0.394089401013356
0.702353584927675,0.959827957440223
0.751812299725548,0.905339710624237
0.0861360435700757,0.663638101792395
0.0736995758014643,0.437881100410633
0.69390811932569,0.521519927304499
0.048815194839677,0.166081023828888
0.205108528770164,0.494625561620969
0.166440047054654,0.465240956517074
0.217402949326307,0.35679340774285
0.135333786782215,0.324371383654312
0.211068509873485,0.452020740672294
0.230656833205091,0.418638911709248
0.141710483055006,0.513601284778364
0.399797887332209,0.771984781762978
0.137020299730965,0.283298252641236
0.754707000988951,0.884610482750754
0.161306705848752,0.606628497135609
0.0458841320285968,0.618440885038092
0.238445473051566,0.443123485916949
0.162841966444482,0.548792360455522
0.222660403222436,0.737333112711817
0.104526001559403,0.395914683405393
0.113406449422491,0.186727879162846
0.418864949667342,0.725988702403137
0.368276716821324,0.939304204850078
0.202708016893495,0.453449747177609
0.651608204246947,0.811023414994323
0.248106068535843,0.0838327812865037
0.358892951286906,0.672929104249631
0.324983396667026,0.505040372881662
0.0296926121394976,0.596178996593403
0.432370335383533,0.628988722872144
0.0715989543825526,0.251607450920064
0.528320301184996,0.769893872690287
0.00391429578211837,0.0267500518886321
0.246142688709769,0.401674696417699
0.612771423634705,0.708583401395779
0.00218225978396952,0.0232931144796446
0.905851263786823,0.98843114493007
0.0242157946271087,0.243036958931074
0.055407657369719,0.208666315001644
0.0185292478598459,0.0209325760697692
0.0130558740787472,0.0933791360733123
0.0506403820008627,0.191047263075736
0.931749395623334,0.972544352687663
0.851404538760346,0.788108342179072
0.0759649523584837,0.116455283389124
0.087344217037598,0.265166084606318
0.557789812065844,0.664405088397518
0.134634775950051,0.397166026217648
0.663011973560541,0.90739315931548
0.343401171928142,0.766162602045387
0.183215383611677,0.616469319439917
0.32540930060179,0.568840513264119
0.0683833540719852,0.258150050007348
0.437364449539538,0.764271710517376
0.401678745624703,0.740460538259756
0.0242636176985032,0.643252275868493
0.145667310240563,0.660946721510435
0.422202300238191,0.632879762339787
0.944710699131395,0.967724372012461
0.334335913230567,0.177614783186965
0.308300354701341,0.846884993262179
0.381716474031945,0.938726402422998
0.40274187624407,0.507407869166009
0.179403619670177,0.551129596727847
0.730736374870243,0.93986536490452
0.807590536525004,0.90843372601095
0.278882921550509,0.454159400450977
0.751170974025617,0.911574222193598
0.0669046562517672,0.246157250649442
0.556957831481147,0.953568281518583
0.0561708026884775,0.170052575189569
0.0795573645266196,0.126304485492216
0.37386964384453,0.451084210421258
0.249594047152104,0.706079440409951
0.622752187474281,0.811858519869723
0.123428967598618,0.245648317416895
0.921898341066117,0.937959305004605
0.169282857683675,0.265158424844817
0.455906456017522,0.704118379759515
0.450010935791424,0.723115861277848
0.610925154688075,0.716802950845887
0.51680492204748,0.789971662022402
0.296086802492916,0.476290492990247
0.0238298637778313,0.027027027027027
0.538541031244417,0.669650656118597
0.612212148748065,0.969582240521363
0.515798615591543,0.768045615164289
0.109809350357295,0.434636946075055
0.0911161177317795,0.461332296508047
0.337489524717968,0.736124092317655
0.0995884213922425,0.380757305811368
0.0387899578463464,0.413778481524485
0.363922392631756,0.727677277039176
0.904074585549385,0.956914905507192
0.91460036811374,0.965560579640599
0.00698438853256468,0.0829914677668735
0.0648267344600444,0.188368351039591
0.624626504250785,0.800583638598593
0.122770262734004,0.439075540931641
0.310867588461187,0.439048639323707
0.189206983505756,0.972592688692329
0.584912791589074,0.698213695045123
0.0204407455263078,0.15288465058631
0.00181495044118853,0.186000909816836
0.4206763206708,0.763802031568205
0.0028662273076142,0.117029961125406
0.00516951114479773,0.0926604357634334
0.435424451936737,0.815378351467549
0.654443545359278,0.648795837386092
0.024709940543636,0.0446251646534114
0.1054404423365,0.63793358445269
0.0656589994701059,0.186584820882541
0.448310981301356,0.497438749079272
0.136264747539991,0.181466161360291
0.397354060925926,0.534433264273596
0.246394486695883,0.553571003012632
0.510565164227541,0.920018221721876
0.87223580386015,0.965225636480275
0.0618459530235079,0.279535241411263
0.00975573178975805,0.0433785427762294
0.0139878298226969,0.212658733086416
0.452581610277416,0.657980196205981
0.237631903333378,0.357169940158196
0.629870092826421,0.853433406772613
0.0137231186769261,0.0433134377848586
1,0.977727583496641
0.965236572954289,0.989498845609714
0.15982031327803,0.404315833865511
0.11740399110391,0.595392965248682
0.00395332816902825,0.00970873786407767
0.372999762349832,0.542239933964148
0.648947070639139,0.974523214153742
0.0770243158690759,0.269793965645086
0.0471276699840438,0.176873685855193
0.00517613501430745,0.0732462178036723
0.104890074540645,0.314023575649829
0.814498673371175,0.933059181753893
0.0206637616463623,0.218177886979224
0.251719080566738,0.489207883039591
0.321786488597254,0.532138205318943
0.0736276432493914,0.0843447183433948
0.0271763238232166,0.455367734798417
0.958663123284215,0.888168086363152
1,1
0.0864672458394326,0.725198120628974
0.517210777604894,0.752553833913335
0.25087335869057,0.429078693886303
0.763470225941073,0.888870468676258
0.214096896912771,0.778709164052067
0.19818223035789,0.582727628117067
0.0745897854693619,0.55601657444075
0.385534418117213,0.507795110576145
0.209353199592779,0.552691799338504
0.00796241895213109,0.0244964859285948
0.54961196628849,0.816732124997612
0.00876123664049969,0.087922136846737
0.0670004695577346,0.075977612081944
0.720535273146548,0.92606682261445
0.362851209402617,0.492357747398426
0.450159171155807,0.755847882431294
0.159697313218839,0.963664536610712
0.0267132270446799,0.208666402552017
0.13910268329555,0.98707101696409
0.452545344718477,0.768742909616734
0.218940763316354,0.574170885367909
0.495600707129124,0.032127200622239
0.00347815397728485,0.0587561820301415
0.657458120213633,0.886330998553611
0.269686589576799,0.482115218481261
0.846716849540282,1
0.0868632416896458,0.410401415593496
0.0290640691010328,0.301692149697896
0.313978871413142,0.534075032891178
0.557993209443255,0.960853356161014
0.0817254119720812,0.114115997251741
0.452088648915612,0.745085223166712
0.0766057989367548,0.0820840448240938
0.41270615410304,0.519419223566899
0.857713924147454,0.97343878581302
0.0412047632734021,0.0518974060735353
0.844862155026547,0.897986762803521
0.0110914108477308,0.117688652809244
0.925385270363902,1
0.962073603936069,0.994556345569723
0.88794592098988,0.97432114225492
0.0104479574344412,0.313120465403041
0.474068075786447,0.716616292376492
0.14788667699483,0.497919814170883
0.215601425970517,0.638798818620422
0.150317917284014,0.373385507091513
0.528914648772806,0.854823867663856
0.116762788492197,0.758629376573196
0.620572808159479,0.926961594584748
0.602615389136846,0.789747857375372
0.479520623877409,0.749561100854572
0.0138447733103673,0.317664578148381
0.0942462277012744,0.248487755039656
0.580408785764268,0.885685582870673
0.0100513883671752,0.0453634304757425
0.0383921281041535,0.0393563516758616
0.912872353579652,0.00742287016181666
0.82296032632007,0.8741711120116
0.927367154056743,0.988579362776433
0.18918988005678,0.436172970578457
0.00450897274054522,0.374026453756222
0.116797330217855,0.792451791763517
0.0781842601999195,0.14191406016896
0.307908257294381,0.449992459881532
0.60172678795029,0.749213799211693
0.134169250608546,0.323900417026142
0.353303176479206,0.746706787556761
0.0166210791998571,0.0756817828224451
0.00143472061947609,0.0153107468035657
0.219570712589976,0.529993322161845
0.459806113004224,0.680573909716042
0.53013353980359,0.810101303410744
0.971344594468299,0.974110169354978
0.913323065479733,0.921256153623783
0.780672657727308,0.239112148137344
0.06298553564552,0.27552198412464
0.0618244025529631,0.147841703222098
0.477126914048513,0.576264270957479
0.0535060104941571,0.154006144393556
0.0626207819253732,0.329697273794291
0.515140205513584,0.859196862259144
0.327386169351538,0.720880932165527
0.617595284978463,0.798865711312048
0.240726843272012,0.281849092575647
0.70240177721077,0.961899392750848
0.642286814049541,0.532410339211858
0.779706181275619,0.913015923083489
0.112028572965724,0.466511384524809
0.0505253905281218,0.171067238022921
0.0159472264929091,0.405594674815191
0.648007762890302,0.895090203428166
0.329296572896034,0.459359777855237
0.128404059575046,0.2339934846222
0.0713792601241427,0.0992089127702614
0.342669320709128,0.697876411873397
0.573559039456747,0.870527135913927
0.478890602559316,0.804189548980722
0.463502447155271,0.541770231424705
0.215372305499257,0.491005272558901
0.428820289883522,0.537113487260684
0.174925488469595,0.508357838126679
0.0796224881532126,0.203573796622643
0.310145231601836,0.406345206624814
0.00776192021707697,0.390470940976529
0.246589447878851,0.797665868254874
0.326638543520257,0.338710432420206
